
/Users/morita/dev/raspberry_pi/build/hello_world.elf:     file format elf32-littlearm

Sections:
Idx Name          Size      VMA       LMA       File off  Algn
  0 .boot2        00000100  10000000  10000000  00001000  2**0
                  CONTENTS, ALLOC, LOAD, READONLY, CODE
  1 .text         000068a0  10000100  10000100  00001100  2**3
                  CONTENTS, ALLOC, LOAD, READONLY, CODE
  2 .rodata       000004f0  100069a0  100069a0  000079a0  2**3
                  CONTENTS, ALLOC, LOAD, READONLY, DATA
  3 .binary_info  00000020  10006e90  10006e90  00007e90  2**2
                  CONTENTS, ALLOC, LOAD, READONLY, DATA
  4 .ram_vector_table 000000c0  20000000  20000000  00009000  2**2
                  ALLOC
  5 .data         00000e20  200000c0  10006eb0  000080c0  2**4
                  CONTENTS, ALLOC, LOAD, READONLY, CODE
  6 .uninitialized_data 00000000  20000ee0  20000ee0  00008ee0  2**0
                  CONTENTS
  7 .scratch_x    00000000  20040000  20040000  00008ee0  2**0
                  CONTENTS
  8 .scratch_y    00000000  20041000  20041000  00008ee0  2**0
                  CONTENTS
  9 .bss          00000d84  20000ee0  20000ee0  00009000  2**3
                  ALLOC
 10 .heap         00000800  20001c64  20001c64  00008ee0  2**2
                  CONTENTS, READONLY
 11 .stack_dummy  00000800  20041000  20041000  000096e0  2**5
                  CONTENTS, READONLY
 12 .ARM.attributes 00000028  00000000  00000000  00009ee0  2**0
                  CONTENTS, READONLY
 13 .comment      00000044  00000000  00000000  00009f08  2**0
                  CONTENTS, READONLY
 14 .debug_line_str 000000d2  00000000  00000000  00009f4c  2**0
                  CONTENTS, READONLY, DEBUGGING, OCTETS
 15 .debug_frame  00000028  00000000  00000000  0000a020  2**2
                  CONTENTS, READONLY, DEBUGGING, OCTETS

/Users/morita/dev/raspberry_pi/build/hello_world.elf:     file format elf32-littlearm


Disassembly of section .boot2:

10000000 <__boot2_start__>:
10000000:	4b32b500 	.word	0x4b32b500
10000004:	60582021 	.word	0x60582021
10000008:	21026898 	.word	0x21026898
1000000c:	60984388 	.word	0x60984388
10000010:	611860d8 	.word	0x611860d8
10000014:	4b2e6158 	.word	0x4b2e6158
10000018:	60992100 	.word	0x60992100
1000001c:	61592102 	.word	0x61592102
10000020:	22f02101 	.word	0x22f02101
10000024:	492b5099 	.word	0x492b5099
10000028:	21016019 	.word	0x21016019
1000002c:	20356099 	.word	0x20356099
10000030:	f844f000 	.word	0xf844f000
10000034:	42902202 	.word	0x42902202
10000038:	2106d014 	.word	0x2106d014
1000003c:	f0006619 	.word	0xf0006619
10000040:	6e19f834 	.word	0x6e19f834
10000044:	66192101 	.word	0x66192101
10000048:	66182000 	.word	0x66182000
1000004c:	f000661a 	.word	0xf000661a
10000050:	6e19f82c 	.word	0x6e19f82c
10000054:	6e196e19 	.word	0x6e196e19
10000058:	f0002005 	.word	0xf0002005
1000005c:	2101f82f 	.word	0x2101f82f
10000060:	d1f94208 	.word	0xd1f94208
10000064:	60992100 	.word	0x60992100
10000068:	6019491b 	.word	0x6019491b
1000006c:	60592100 	.word	0x60592100
10000070:	481b491a 	.word	0x481b491a
10000074:	21016001 	.word	0x21016001
10000078:	21eb6099 	.word	0x21eb6099
1000007c:	21a06619 	.word	0x21a06619
10000080:	f0006619 	.word	0xf0006619
10000084:	2100f812 	.word	0x2100f812
10000088:	49166099 	.word	0x49166099
1000008c:	60014814 	.word	0x60014814
10000090:	60992101 	.word	0x60992101
10000094:	2800bc01 	.word	0x2800bc01
10000098:	4700d000 	.word	0x4700d000
1000009c:	49134812 	.word	0x49134812
100000a0:	c8036008 	.word	0xc8036008
100000a4:	8808f380 	.word	0x8808f380
100000a8:	b5034708 	.word	0xb5034708
100000ac:	20046a99 	.word	0x20046a99
100000b0:	d0fb4201 	.word	0xd0fb4201
100000b4:	42012001 	.word	0x42012001
100000b8:	bd03d1f8 	.word	0xbd03d1f8
100000bc:	6618b502 	.word	0x6618b502
100000c0:	f7ff6618 	.word	0xf7ff6618
100000c4:	6e18fff2 	.word	0x6e18fff2
100000c8:	bd026e18 	.word	0xbd026e18
100000cc:	40020000 	.word	0x40020000
100000d0:	18000000 	.word	0x18000000
100000d4:	00070000 	.word	0x00070000
100000d8:	005f0300 	.word	0x005f0300
100000dc:	00002221 	.word	0x00002221
100000e0:	180000f4 	.word	0x180000f4
100000e4:	a0002022 	.word	0xa0002022
100000e8:	10000100 	.word	0x10000100
100000ec:	e000ed08 	.word	0xe000ed08
	...
100000fc:	7a4eb274 	.word	0x7a4eb274

Disassembly of section .text:

10000100 <__VECTOR_TABLE>:
10000100:	20042000 	.word	0x20042000
10000104:	100001f7 	.word	0x100001f7
10000108:	100001c3 	.word	0x100001c3
1000010c:	100001c5 	.word	0x100001c5
10000110:	100001c1 	.word	0x100001c1
10000114:	100001c1 	.word	0x100001c1
10000118:	100001c1 	.word	0x100001c1
1000011c:	100001c1 	.word	0x100001c1
10000120:	100001c1 	.word	0x100001c1
10000124:	100001c1 	.word	0x100001c1
10000128:	100001c1 	.word	0x100001c1
1000012c:	100001c7 	.word	0x100001c7
10000130:	100001c1 	.word	0x100001c1
10000134:	100001c1 	.word	0x100001c1
10000138:	100001c9 	.word	0x100001c9
1000013c:	100001cb 	.word	0x100001cb
10000140:	100001cd 	.word	0x100001cd
10000144:	100001cd 	.word	0x100001cd
10000148:	100001cd 	.word	0x100001cd
1000014c:	100001cd 	.word	0x100001cd
10000150:	100001cd 	.word	0x100001cd
10000154:	100001cd 	.word	0x100001cd
10000158:	100001cd 	.word	0x100001cd
1000015c:	100001cd 	.word	0x100001cd
10000160:	100001cd 	.word	0x100001cd
10000164:	100001cd 	.word	0x100001cd
10000168:	100001cd 	.word	0x100001cd
1000016c:	100001cd 	.word	0x100001cd
10000170:	100001cd 	.word	0x100001cd
10000174:	100001cd 	.word	0x100001cd
10000178:	100001cd 	.word	0x100001cd
1000017c:	100001cd 	.word	0x100001cd
10000180:	100001cd 	.word	0x100001cd
10000184:	100001cd 	.word	0x100001cd
10000188:	100001cd 	.word	0x100001cd
1000018c:	100001cd 	.word	0x100001cd
10000190:	100001cd 	.word	0x100001cd
10000194:	100001cd 	.word	0x100001cd
10000198:	100001cd 	.word	0x100001cd
1000019c:	100001cd 	.word	0x100001cd
100001a0:	100001cd 	.word	0x100001cd
100001a4:	100001cd 	.word	0x100001cd
100001a8:	100001cd 	.word	0x100001cd
100001ac:	100001cd 	.word	0x100001cd
100001b0:	100001cd 	.word	0x100001cd
100001b4:	100001cd 	.word	0x100001cd
100001b8:	100001cd 	.word	0x100001cd
100001bc:	100001cd 	.word	0x100001cd

100001c0 <isr_invalid>:
100001c0:	be00      	bkpt	0x0000

100001c2 <isr_nmi>:
100001c2:	be00      	bkpt	0x0000

100001c4 <isr_hardfault>:
100001c4:	be00      	bkpt	0x0000

100001c6 <isr_svcall>:
100001c6:	be00      	bkpt	0x0000

100001c8 <isr_pendsv>:
100001c8:	be00      	bkpt	0x0000

100001ca <isr_systick>:
100001ca:	be00      	bkpt	0x0000

100001cc <__unhandled_user_irq>:
100001cc:	f3ef 8005 	mrs	r0, IPSR
100001d0:	3810      	subs	r0, #16

100001d2 <unhandled_user_irq_num_in_r0>:
100001d2:	be00      	bkpt	0x0000

100001d4 <binary_info_header>:
100001d4:	7188ebf2 	.word	0x7188ebf2
100001d8:	10006e90 	.word	0x10006e90
100001dc:	10006eb0 	.word	0x10006eb0
100001e0:	10000234 	.word	0x10000234
100001e4:	e71aa390 	.word	0xe71aa390

100001e8 <_entry_point>:
100001e8:	2000      	movs	r0, #0
100001ea:	491f      	ldr	r1, [pc, #124]	@ (10000268 <hold_non_core0_in_bootrom+0xa>)
100001ec:	6008      	str	r0, [r1, #0]
100001ee:	c806      	ldmia	r0!, {r1, r2}
100001f0:	f381 8808 	msr	MSP, r1
100001f4:	4710      	bx	r2

100001f6 <_reset_handler>:
100001f6:	481d      	ldr	r0, [pc, #116]	@ (1000026c <hold_non_core0_in_bootrom+0xe>)
100001f8:	6800      	ldr	r0, [r0, #0]
100001fa:	2800      	cmp	r0, #0
100001fc:	d12f      	bne.n	1000025e <hold_non_core0_in_bootrom>
100001fe:	a40d      	add	r4, pc, #52	@ (adr r4, 10000234 <data_cpy_table>)
10000200:	cc0e      	ldmia	r4!, {r1, r2, r3}
10000202:	2900      	cmp	r1, #0
10000204:	d002      	beq.n	1000020c <_reset_handler+0x16>
10000206:	f000 f812 	bl	1000022e <data_cpy>
1000020a:	e7f9      	b.n	10000200 <_reset_handler+0xa>
1000020c:	4918      	ldr	r1, [pc, #96]	@ (10000270 <hold_non_core0_in_bootrom+0x12>)
1000020e:	4a19      	ldr	r2, [pc, #100]	@ (10000274 <hold_non_core0_in_bootrom+0x16>)
10000210:	2000      	movs	r0, #0
10000212:	e000      	b.n	10000216 <bss_fill_test>

10000214 <bss_fill_loop>:
10000214:	c101      	stmia	r1!, {r0}

10000216 <bss_fill_test>:
10000216:	4291      	cmp	r1, r2
10000218:	d1fc      	bne.n	10000214 <bss_fill_loop>

1000021a <platform_entry>:
1000021a:	4917      	ldr	r1, [pc, #92]	@ (10000278 <hold_non_core0_in_bootrom+0x1a>)
1000021c:	4788      	blx	r1
1000021e:	4917      	ldr	r1, [pc, #92]	@ (1000027c <hold_non_core0_in_bootrom+0x1e>)
10000220:	4788      	blx	r1
10000222:	4917      	ldr	r1, [pc, #92]	@ (10000280 <hold_non_core0_in_bootrom+0x22>)
10000224:	4788      	blx	r1
10000226:	be00      	bkpt	0x0000
10000228:	e7fd      	b.n	10000226 <platform_entry+0xc>

1000022a <data_cpy_loop>:
1000022a:	c901      	ldmia	r1!, {r0}
1000022c:	c201      	stmia	r2!, {r0}

1000022e <data_cpy>:
1000022e:	429a      	cmp	r2, r3
10000230:	d3fb      	bcc.n	1000022a <data_cpy_loop>
10000232:	4770      	bx	lr

10000234 <data_cpy_table>:
10000234:	10006eb0 	.word	0x10006eb0
10000238:	200000c0 	.word	0x200000c0
1000023c:	20000ee0 	.word	0x20000ee0
10000240:	10007cd0 	.word	0x10007cd0
10000244:	20040000 	.word	0x20040000
10000248:	20040000 	.word	0x20040000
1000024c:	10007cd0 	.word	0x10007cd0
10000250:	20041000 	.word	0x20041000
10000254:	20041000 	.word	0x20041000
10000258:	00000000 	.word	0x00000000
1000025c:	4770      	bx	lr

1000025e <hold_non_core0_in_bootrom>:
1000025e:	4809      	ldr	r0, [pc, #36]	@ (10000284 <hold_non_core0_in_bootrom+0x26>)
10000260:	f003 f90a 	bl	10003478 <rom_func_lookup>
10000264:	4700      	bx	r0
10000266:	0000      	.short	0x0000
10000268:	e000ed08 	.word	0xe000ed08
1000026c:	d0000000 	.word	0xd0000000
10000270:	20000ee0 	.word	0x20000ee0
10000274:	20001c64 	.word	0x20001c64
10000278:	10001bd5 	.word	0x10001bd5
1000027c:	10000309 	.word	0x10000309
10000280:	10001cc9 	.word	0x10001cc9
10000284:	00005657 	.word	0x00005657

10000288 <__bi_50>:
10000288:	50520006 5360b3ab 10006a60              ..RP..`S`j..

10000294 <__bi_38>:
10000294:	50520006 02031c86 10006a70              ..RP....pj..

100002a0 <__bi_30>:
100002a0:	50520006 9da22254 10006a7c              ..RPT"..|j..

100002ac <__bi_22>:
100002ac:	50520005 68f465de 10007cd0              ..RP.e.h.|..

100002b8 <_init>:
100002b8:	b5f8      	push	{r3, r4, r5, r6, r7, lr}
100002ba:	46c0      	nop			@ (mov r8, r8)

100002bc <register_tm_clones>:
100002bc:	4806      	ldr	r0, [pc, #24]	@ (100002d8 <register_tm_clones+0x1c>)
100002be:	4907      	ldr	r1, [pc, #28]	@ (100002dc <register_tm_clones+0x20>)
100002c0:	1a09      	subs	r1, r1, r0
100002c2:	108b      	asrs	r3, r1, #2
100002c4:	0fc9      	lsrs	r1, r1, #31
100002c6:	18c9      	adds	r1, r1, r3
100002c8:	b510      	push	{r4, lr}
100002ca:	1049      	asrs	r1, r1, #1
100002cc:	d003      	beq.n	100002d6 <register_tm_clones+0x1a>
100002ce:	4b04      	ldr	r3, [pc, #16]	@ (100002e0 <register_tm_clones+0x24>)
100002d0:	2b00      	cmp	r3, #0
100002d2:	d000      	beq.n	100002d6 <register_tm_clones+0x1a>
100002d4:	4798      	blx	r3
100002d6:	bd10      	pop	{r4, pc}
100002d8:	20000ee0 	.word	0x20000ee0
100002dc:	20000ee0 	.word	0x20000ee0
100002e0:	00000000 	.word	0x00000000

100002e4 <frame_dummy>:
100002e4:	4b05      	ldr	r3, [pc, #20]	@ (100002fc <frame_dummy+0x18>)
100002e6:	b510      	push	{r4, lr}
100002e8:	2b00      	cmp	r3, #0
100002ea:	d003      	beq.n	100002f4 <frame_dummy+0x10>
100002ec:	4904      	ldr	r1, [pc, #16]	@ (10000300 <frame_dummy+0x1c>)
100002ee:	4805      	ldr	r0, [pc, #20]	@ (10000304 <frame_dummy+0x20>)
100002f0:	e000      	b.n	100002f4 <frame_dummy+0x10>
100002f2:	bf00      	nop
100002f4:	f7ff ffe2 	bl	100002bc <register_tm_clones>
100002f8:	bd10      	pop	{r4, pc}
100002fa:	46c0      	nop			@ (mov r8, r8)
100002fc:	00000000 	.word	0x00000000
10000300:	20001bf0 	.word	0x20001bf0
10000304:	100069a0 	.word	0x100069a0

10000308 <main>:
10000308:	b570      	push	{r4, r5, r6, lr}
1000030a:	243c      	movs	r4, #60	@ 0x3c
1000030c:	f004 f962 	bl	100045d4 <stdio_init_all>
10000310:	4d07      	ldr	r5, [pc, #28]	@ (10000330 <main+0x28>)
10000312:	0028      	movs	r0, r5
10000314:	f004 f860 	bl	100043d8 <__wrap_puts>
10000318:	20fa      	movs	r0, #250	@ 0xfa
1000031a:	3c01      	subs	r4, #1
1000031c:	0080      	lsls	r0, r0, #2
1000031e:	f000 fe99 	bl	10001054 <sleep_ms>
10000322:	2c00      	cmp	r4, #0
10000324:	d1f5      	bne.n	10000312 <main+0xa>
10000326:	4803      	ldr	r0, [pc, #12]	@ (10000334 <main+0x2c>)
10000328:	f004 f948 	bl	100045bc <__wrap_printf>
1000032c:	2000      	movs	r0, #0
1000032e:	bd70      	pop	{r4, r5, r6, pc}
10000330:	100069a0 	.word	0x100069a0
10000334:	100069b0 	.word	0x100069b0

10000338 <running_on_fpga>:
10000338:	4b02      	ldr	r3, [pc, #8]	@ (10000344 <running_on_fpga+0xc>)
1000033a:	6818      	ldr	r0, [r3, #0]
1000033c:	0780      	lsls	r0, r0, #30
1000033e:	0fc0      	lsrs	r0, r0, #31
10000340:	4770      	bx	lr
10000342:	46c0      	nop			@ (mov r8, r8)
10000344:	4006c000 	.word	0x4006c000

10000348 <hw_claim_or_assert>:
10000348:	b570      	push	{r4, r5, r6, lr}
1000034a:	f3ef 8c10 	mrs	ip, PRIMASK
1000034e:	b672      	cpsid	i
10000350:	4d0d      	ldr	r5, [pc, #52]	@ (10000388 <hw_claim_or_assert+0x40>)
10000352:	682b      	ldr	r3, [r5, #0]
10000354:	2b00      	cmp	r3, #0
10000356:	d0fc      	beq.n	10000352 <hw_claim_or_assert+0xa>
10000358:	f3bf 8f5f 	dmb	sy
1000035c:	2407      	movs	r4, #7
1000035e:	08cb      	lsrs	r3, r1, #3
10000360:	18c6      	adds	r6, r0, r3
10000362:	5cc0      	ldrb	r0, [r0, r3]
10000364:	2301      	movs	r3, #1
10000366:	400c      	ands	r4, r1
10000368:	40a3      	lsls	r3, r4
1000036a:	001c      	movs	r4, r3
1000036c:	4004      	ands	r4, r0
1000036e:	4203      	tst	r3, r0
10000370:	d107      	bne.n	10000382 <hw_claim_or_assert+0x3a>
10000372:	4318      	orrs	r0, r3
10000374:	7030      	strb	r0, [r6, #0]
10000376:	f3bf 8f5f 	dmb	sy
1000037a:	602c      	str	r4, [r5, #0]
1000037c:	f38c 8810 	msr	PRIMASK, ip
10000380:	bd70      	pop	{r4, r5, r6, pc}
10000382:	0010      	movs	r0, r2
10000384:	f001 fca4 	bl	10001cd0 <panic>
10000388:	d000012c 	.word	0xd000012c

1000038c <hw_claim_unused_from_range>:
1000038c:	b5f8      	push	{r3, r4, r5, r6, r7, lr}
1000038e:	4647      	mov	r7, r8
10000390:	46ce      	mov	lr, r9
10000392:	4688      	mov	r8, r1
10000394:	b580      	push	{r7, lr}
10000396:	f3ef 8c10 	mrs	ip, PRIMASK
1000039a:	b672      	cpsid	i
1000039c:	4d21      	ldr	r5, [pc, #132]	@ (10000424 <hw_claim_unused_from_range+0x98>)
1000039e:	682c      	ldr	r4, [r5, #0]
100003a0:	2c00      	cmp	r4, #0
100003a2:	d0fc      	beq.n	1000039e <hw_claim_unused_from_range+0x12>
100003a4:	f3bf 8f5f 	dmb	sy
100003a8:	429a      	cmp	r2, r3
100003aa:	d82c      	bhi.n	10000406 <hw_claim_unused_from_range+0x7a>
100003ac:	08d4      	lsrs	r4, r2, #3
100003ae:	2707      	movs	r7, #7
100003b0:	5d05      	ldrb	r5, [r0, r4]
100003b2:	1906      	adds	r6, r0, r4
100003b4:	2401      	movs	r4, #1
100003b6:	4017      	ands	r7, r2
100003b8:	40bc      	lsls	r4, r7
100003ba:	422c      	tst	r4, r5
100003bc:	d01f      	beq.n	100003fe <hw_claim_unused_from_range+0x72>
100003be:	2107      	movs	r1, #7
100003c0:	2701      	movs	r7, #1
100003c2:	4689      	mov	r9, r1
100003c4:	e009      	b.n	100003da <hw_claim_unused_from_range+0x4e>
100003c6:	08d4      	lsrs	r4, r2, #3
100003c8:	5d05      	ldrb	r5, [r0, r4]
100003ca:	1906      	adds	r6, r0, r4
100003cc:	464c      	mov	r4, r9
100003ce:	0039      	movs	r1, r7
100003d0:	4014      	ands	r4, r2
100003d2:	40a1      	lsls	r1, r4
100003d4:	000c      	movs	r4, r1
100003d6:	4229      	tst	r1, r5
100003d8:	d011      	beq.n	100003fe <hw_claim_unused_from_range+0x72>
100003da:	3201      	adds	r2, #1
100003dc:	4293      	cmp	r3, r2
100003de:	d2f2      	bcs.n	100003c6 <hw_claim_unused_from_range+0x3a>
100003e0:	2001      	movs	r0, #1
100003e2:	4240      	negs	r0, r0
100003e4:	f3bf 8f5f 	dmb	sy
100003e8:	2200      	movs	r2, #0
100003ea:	4b0e      	ldr	r3, [pc, #56]	@ (10000424 <hw_claim_unused_from_range+0x98>)
100003ec:	601a      	str	r2, [r3, #0]
100003ee:	f38c 8810 	msr	PRIMASK, ip
100003f2:	2800      	cmp	r0, #0
100003f4:	db0f      	blt.n	10000416 <hw_claim_unused_from_range+0x8a>
100003f6:	bcc0      	pop	{r6, r7}
100003f8:	46b9      	mov	r9, r7
100003fa:	46b0      	mov	r8, r6
100003fc:	bdf8      	pop	{r3, r4, r5, r6, r7, pc}
100003fe:	4325      	orrs	r5, r4
10000400:	0010      	movs	r0, r2
10000402:	7035      	strb	r5, [r6, #0]
10000404:	e7ee      	b.n	100003e4 <hw_claim_unused_from_range+0x58>
10000406:	f3bf 8f5f 	dmb	sy
1000040a:	2300      	movs	r3, #0
1000040c:	602b      	str	r3, [r5, #0]
1000040e:	f38c 8810 	msr	PRIMASK, ip
10000412:	2001      	movs	r0, #1
10000414:	4240      	negs	r0, r0
10000416:	4643      	mov	r3, r8
10000418:	2b00      	cmp	r3, #0
1000041a:	d0ec      	beq.n	100003f6 <hw_claim_unused_from_range+0x6a>
1000041c:	9808      	ldr	r0, [sp, #32]
1000041e:	f001 fc57 	bl	10001cd0 <panic>
10000422:	46c0      	nop			@ (mov r8, r8)
10000424:	d000012c 	.word	0xd000012c

10000428 <spin_locks_reset>:
10000428:	2100      	movs	r1, #0
1000042a:	4b04      	ldr	r3, [pc, #16]	@ (1000043c <spin_locks_reset+0x14>)
1000042c:	4a04      	ldr	r2, [pc, #16]	@ (10000440 <spin_locks_reset+0x18>)
1000042e:	f3bf 8f5f 	dmb	sy
10000432:	c302      	stmia	r3!, {r1}
10000434:	4293      	cmp	r3, r2
10000436:	d1fa      	bne.n	1000042e <spin_locks_reset+0x6>
10000438:	4770      	bx	lr
1000043a:	46c0      	nop			@ (mov r8, r8)
1000043c:	d0000100 	.word	0xd0000100
10000440:	d0000180 	.word	0xd0000180

10000444 <next_striped_spin_lock_num>:
10000444:	4a04      	ldr	r2, [pc, #16]	@ (10000458 <next_striped_spin_lock_num+0x14>)
10000446:	7810      	ldrb	r0, [r2, #0]
10000448:	1c43      	adds	r3, r0, #1
1000044a:	b2db      	uxtb	r3, r3
1000044c:	2b17      	cmp	r3, #23
1000044e:	d900      	bls.n	10000452 <next_striped_spin_lock_num+0xe>
10000450:	2310      	movs	r3, #16
10000452:	7013      	strb	r3, [r2, #0]
10000454:	4770      	bx	lr
10000456:	46c0      	nop			@ (mov r8, r8)
10000458:	20000de8 	.word	0x20000de8

1000045c <spin_lock_claim_unused>:
1000045c:	b510      	push	{r4, lr}
1000045e:	4b06      	ldr	r3, [pc, #24]	@ (10000478 <spin_lock_claim_unused+0x1c>)
10000460:	4c06      	ldr	r4, [pc, #24]	@ (1000047c <spin_lock_claim_unused+0x20>)
10000462:	b082      	sub	sp, #8
10000464:	0001      	movs	r1, r0
10000466:	9300      	str	r3, [sp, #0]
10000468:	2218      	movs	r2, #24
1000046a:	231f      	movs	r3, #31
1000046c:	0020      	movs	r0, r4
1000046e:	f7ff ff8d 	bl	1000038c <hw_claim_unused_from_range>
10000472:	b002      	add	sp, #8
10000474:	bd10      	pop	{r4, pc}
10000476:	46c0      	nop			@ (mov r8, r8)
10000478:	100069b4 	.word	0x100069b4
1000047c:	2000176c 	.word	0x2000176c

10000480 <irq_set_enabled>:
10000480:	2301      	movs	r3, #1
10000482:	4083      	lsls	r3, r0
10000484:	2900      	cmp	r1, #0
10000486:	d004      	beq.n	10000492 <irq_set_enabled+0x12>
10000488:	4a03      	ldr	r2, [pc, #12]	@ (10000498 <irq_set_enabled+0x18>)
1000048a:	6013      	str	r3, [r2, #0]
1000048c:	4a03      	ldr	r2, [pc, #12]	@ (1000049c <irq_set_enabled+0x1c>)
1000048e:	6013      	str	r3, [r2, #0]
10000490:	4770      	bx	lr
10000492:	4a03      	ldr	r2, [pc, #12]	@ (100004a0 <irq_set_enabled+0x20>)
10000494:	6013      	str	r3, [r2, #0]
10000496:	e7fb      	b.n	10000490 <irq_set_enabled+0x10>
10000498:	e000e280 	.word	0xe000e280
1000049c:	e000e100 	.word	0xe000e100
100004a0:	e000e180 	.word	0xe000e180

100004a4 <irq_set_pending>:
100004a4:	2301      	movs	r3, #1
100004a6:	4083      	lsls	r3, r0
100004a8:	4a01      	ldr	r2, [pc, #4]	@ (100004b0 <irq_set_pending+0xc>)
100004aa:	6013      	str	r3, [r2, #0]
100004ac:	4770      	bx	lr
100004ae:	46c0      	nop			@ (mov r8, r8)
100004b0:	e000e200 	.word	0xe000e200

100004b4 <irq_has_shared_handler>:
100004b4:	4b08      	ldr	r3, [pc, #32]	@ (100004d8 <irq_has_shared_handler+0x24>)
100004b6:	3010      	adds	r0, #16
100004b8:	689b      	ldr	r3, [r3, #8]
100004ba:	0080      	lsls	r0, r0, #2
100004bc:	58c3      	ldr	r3, [r0, r3]
100004be:	2b00      	cmp	r3, #0
100004c0:	d007      	beq.n	100004d2 <irq_has_shared_handler+0x1e>
100004c2:	4a06      	ldr	r2, [pc, #24]	@ (100004dc <irq_has_shared_handler+0x28>)
100004c4:	2000      	movs	r0, #0
100004c6:	1a9b      	subs	r3, r3, r2
100004c8:	222f      	movs	r2, #47	@ 0x2f
100004ca:	429a      	cmp	r2, r3
100004cc:	4140      	adcs	r0, r0
100004ce:	b2c0      	uxtb	r0, r0
100004d0:	4770      	bx	lr
100004d2:	2000      	movs	r0, #0
100004d4:	e7fc      	b.n	100004d0 <irq_has_shared_handler+0x1c>
100004d6:	46c0      	nop			@ (mov r8, r8)
100004d8:	e000ed00 	.word	0xe000ed00
100004dc:	20000dec 	.word	0x20000dec

100004e0 <irq_get_vtable_handler>:
100004e0:	4b02      	ldr	r3, [pc, #8]	@ (100004ec <irq_get_vtable_handler+0xc>)
100004e2:	3010      	adds	r0, #16
100004e4:	689b      	ldr	r3, [r3, #8]
100004e6:	0080      	lsls	r0, r0, #2
100004e8:	58c0      	ldr	r0, [r0, r3]
100004ea:	4770      	bx	lr
100004ec:	e000ed00 	.word	0xe000ed00

100004f0 <irq_set_exclusive_handler>:
100004f0:	b570      	push	{r4, r5, r6, lr}
100004f2:	000d      	movs	r5, r1
100004f4:	f3ef 8610 	mrs	r6, PRIMASK
100004f8:	b672      	cpsid	i
100004fa:	4a0f      	ldr	r2, [pc, #60]	@ (10000538 <irq_set_exclusive_handler+0x48>)
100004fc:	6813      	ldr	r3, [r2, #0]
100004fe:	2b00      	cmp	r3, #0
10000500:	d0fc      	beq.n	100004fc <irq_set_exclusive_handler+0xc>
10000502:	f3bf 8f5f 	dmb	sy
10000506:	4b0d      	ldr	r3, [pc, #52]	@ (1000053c <irq_set_exclusive_handler+0x4c>)
10000508:	3010      	adds	r0, #16
1000050a:	689b      	ldr	r3, [r3, #8]
1000050c:	0084      	lsls	r4, r0, #2
1000050e:	591b      	ldr	r3, [r3, r4]
10000510:	4a0b      	ldr	r2, [pc, #44]	@ (10000540 <irq_set_exclusive_handler+0x50>)
10000512:	4293      	cmp	r3, r2
10000514:	d003      	beq.n	1000051e <irq_set_exclusive_handler+0x2e>
10000516:	429d      	cmp	r5, r3
10000518:	d001      	beq.n	1000051e <irq_set_exclusive_handler+0x2e>
1000051a:	f001 fbf1 	bl	10001d00 <hard_assertion_failure>
1000051e:	4b07      	ldr	r3, [pc, #28]	@ (1000053c <irq_set_exclusive_handler+0x4c>)
10000520:	689b      	ldr	r3, [r3, #8]
10000522:	511d      	str	r5, [r3, r4]
10000524:	f3bf 8f5f 	dmb	sy
10000528:	f3bf 8f5f 	dmb	sy
1000052c:	2200      	movs	r2, #0
1000052e:	4b02      	ldr	r3, [pc, #8]	@ (10000538 <irq_set_exclusive_handler+0x48>)
10000530:	601a      	str	r2, [r3, #0]
10000532:	f386 8810 	msr	PRIMASK, r6
10000536:	bd70      	pop	{r4, r5, r6, pc}
10000538:	d0000124 	.word	0xd0000124
1000053c:	e000ed00 	.word	0xe000ed00
10000540:	100001cd 	.word	0x100001cd

10000544 <irq_add_shared_handler>:
10000544:	b5f0      	push	{r4, r5, r6, r7, lr}
10000546:	4657      	mov	r7, sl
10000548:	464e      	mov	r6, r9
1000054a:	46de      	mov	lr, fp
1000054c:	4645      	mov	r5, r8
1000054e:	b5e0      	push	{r5, r6, r7, lr}
10000550:	b085      	sub	sp, #20
10000552:	0006      	movs	r6, r0
10000554:	9100      	str	r1, [sp, #0]
10000556:	0017      	movs	r7, r2
10000558:	f3ef 8b10 	mrs	fp, PRIMASK
1000055c:	b672      	cpsid	i
1000055e:	4a6a      	ldr	r2, [pc, #424]	@ (10000708 <irq_add_shared_handler+0x1c4>)
10000560:	6813      	ldr	r3, [r2, #0]
10000562:	2b00      	cmp	r3, #0
10000564:	d0fc      	beq.n	10000560 <irq_add_shared_handler+0x1c>
10000566:	f3bf 8f5f 	dmb	sy
1000056a:	2500      	movs	r5, #0
1000056c:	4b67      	ldr	r3, [pc, #412]	@ (1000070c <irq_add_shared_handler+0x1c8>)
1000056e:	575d      	ldrsb	r5, [r3, r5]
10000570:	469a      	mov	sl, r3
10000572:	2d00      	cmp	r5, #0
10000574:	da00      	bge.n	10000578 <irq_add_shared_handler+0x34>
10000576:	e0a9      	b.n	100006cc <irq_add_shared_handler+0x188>
10000578:	006b      	lsls	r3, r5, #1
1000057a:	4c65      	ldr	r4, [pc, #404]	@ (10000710 <irq_add_shared_handler+0x1cc>)
1000057c:	9301      	str	r3, [sp, #4]
1000057e:	195b      	adds	r3, r3, r5
10000580:	009b      	lsls	r3, r3, #2
10000582:	4698      	mov	r8, r3
10000584:	46a1      	mov	r9, r4
10000586:	44c1      	add	r9, r8
10000588:	464b      	mov	r3, r9
1000058a:	4652      	mov	r2, sl
1000058c:	799b      	ldrb	r3, [r3, #6]
1000058e:	3610      	adds	r6, #16
10000590:	7013      	strb	r3, [r2, #0]
10000592:	4b60      	ldr	r3, [pc, #384]	@ (10000714 <irq_add_shared_handler+0x1d0>)
10000594:	00b6      	lsls	r6, r6, #2
10000596:	689b      	ldr	r3, [r3, #8]
10000598:	5999      	ldr	r1, [r3, r6]
1000059a:	1b0b      	subs	r3, r1, r4
1000059c:	2b2f      	cmp	r3, #47	@ 0x2f
1000059e:	d933      	bls.n	10000608 <irq_add_shared_handler+0xc4>
100005a0:	4b5d      	ldr	r3, [pc, #372]	@ (10000718 <irq_add_shared_handler+0x1d4>)
100005a2:	4299      	cmp	r1, r3
100005a4:	d000      	beq.n	100005a8 <irq_add_shared_handler+0x64>
100005a6:	e0ac      	b.n	10000702 <irq_add_shared_handler+0x1be>
100005a8:	9b01      	ldr	r3, [sp, #4]
100005aa:	4642      	mov	r2, r8
100005ac:	469c      	mov	ip, r3
100005ae:	4b5b      	ldr	r3, [pc, #364]	@ (1000071c <irq_add_shared_handler+0x1d8>)
100005b0:	4465      	add	r5, ip
100005b2:	00ad      	lsls	r5, r5, #2
100005b4:	5363      	strh	r3, [r4, r5]
100005b6:	4b5a      	ldr	r3, [pc, #360]	@ (10000720 <irq_add_shared_handler+0x1dc>)
100005b8:	3202      	adds	r2, #2
100005ba:	18a2      	adds	r2, r4, r2
100005bc:	3b04      	subs	r3, #4
100005be:	1a9b      	subs	r3, r3, r2
100005c0:	051b      	lsls	r3, r3, #20
100005c2:	4a58      	ldr	r2, [pc, #352]	@ (10000724 <irq_add_shared_handler+0x1e0>)
100005c4:	0d5b      	lsrs	r3, r3, #21
100005c6:	1965      	adds	r5, r4, r5
100005c8:	4313      	orrs	r3, r2
100005ca:	806b      	strh	r3, [r5, #2]
100005cc:	4b56      	ldr	r3, [pc, #344]	@ (10000728 <irq_add_shared_handler+0x1e4>)
100005ce:	2101      	movs	r1, #1
100005d0:	80ab      	strh	r3, [r5, #4]
100005d2:	23ff      	movs	r3, #255	@ 0xff
100005d4:	71ab      	strb	r3, [r5, #6]
100005d6:	9b00      	ldr	r3, [sp, #0]
100005d8:	71ef      	strb	r7, [r5, #7]
100005da:	60ab      	str	r3, [r5, #8]
100005dc:	464b      	mov	r3, r9
100005de:	430b      	orrs	r3, r1
100005e0:	0019      	movs	r1, r3
100005e2:	4b4c      	ldr	r3, [pc, #304]	@ (10000714 <irq_add_shared_handler+0x1d0>)
100005e4:	689b      	ldr	r3, [r3, #8]
100005e6:	5199      	str	r1, [r3, r6]
100005e8:	f3bf 8f5f 	dmb	sy
100005ec:	f3bf 8f5f 	dmb	sy
100005f0:	2200      	movs	r2, #0
100005f2:	4b45      	ldr	r3, [pc, #276]	@ (10000708 <irq_add_shared_handler+0x1c4>)
100005f4:	601a      	str	r2, [r3, #0]
100005f6:	f38b 8810 	msr	PRIMASK, fp
100005fa:	b005      	add	sp, #20
100005fc:	bcf0      	pop	{r4, r5, r6, r7}
100005fe:	46bb      	mov	fp, r7
10000600:	46b2      	mov	sl, r6
10000602:	46a9      	mov	r9, r5
10000604:	46a0      	mov	r8, r4
10000606:	bdf0      	pop	{r4, r5, r6, r7, pc}
10000608:	2001      	movs	r0, #1
1000060a:	000a      	movs	r2, r1
1000060c:	4382      	bics	r2, r0
1000060e:	79d3      	ldrb	r3, [r2, #7]
10000610:	468c      	mov	ip, r1
10000612:	42bb      	cmp	r3, r7
10000614:	d831      	bhi.n	1000067a <irq_add_shared_handler+0x136>
10000616:	4645      	mov	r5, r8
10000618:	0013      	movs	r3, r2
1000061a:	4944      	ldr	r1, [pc, #272]	@ (1000072c <irq_add_shared_handler+0x1e8>)
1000061c:	1b1b      	subs	r3, r3, r4
1000061e:	415b      	adcs	r3, r3
10000620:	4359      	muls	r1, r3
10000622:	0d09      	lsrs	r1, r1, #20
10000624:	4b3d      	ldr	r3, [pc, #244]	@ (1000071c <irq_add_shared_handler+0x1d8>)
10000626:	5363      	strh	r3, [r4, r5]
10000628:	4b3d      	ldr	r3, [pc, #244]	@ (10000720 <irq_add_shared_handler+0x1dc>)
1000062a:	3502      	adds	r5, #2
1000062c:	1965      	adds	r5, r4, r5
1000062e:	3b04      	subs	r3, #4
10000630:	1b5b      	subs	r3, r3, r5
10000632:	051b      	lsls	r3, r3, #20
10000634:	4d3b      	ldr	r5, [pc, #236]	@ (10000724 <irq_add_shared_handler+0x1e0>)
10000636:	0d5b      	lsrs	r3, r3, #21
10000638:	432b      	orrs	r3, r5
1000063a:	46aa      	mov	sl, r5
1000063c:	464d      	mov	r5, r9
1000063e:	806b      	strh	r3, [r5, #2]
10000640:	2504      	movs	r5, #4
10000642:	46ac      	mov	ip, r5
10000644:	4655      	mov	r5, sl
10000646:	44e0      	add	r8, ip
10000648:	1f13      	subs	r3, r2, #4
1000064a:	4444      	add	r4, r8
1000064c:	1b1b      	subs	r3, r3, r4
1000064e:	051b      	lsls	r3, r3, #20
10000650:	0d5b      	lsrs	r3, r3, #21
10000652:	431d      	orrs	r5, r3
10000654:	464b      	mov	r3, r9
10000656:	7199      	strb	r1, [r3, #6]
10000658:	9900      	ldr	r1, [sp, #0]
1000065a:	809d      	strh	r5, [r3, #4]
1000065c:	6099      	str	r1, [r3, #8]
1000065e:	4649      	mov	r1, r9
10000660:	71df      	strb	r7, [r3, #7]
10000662:	4b33      	ldr	r3, [pc, #204]	@ (10000730 <irq_add_shared_handler+0x1ec>)
10000664:	4301      	orrs	r1, r0
10000666:	6013      	str	r3, [r2, #0]
10000668:	e7bb      	b.n	100005e2 <irq_add_shared_handler+0x9e>
1000066a:	0058      	lsls	r0, r3, #1
1000066c:	18c0      	adds	r0, r0, r3
1000066e:	0080      	lsls	r0, r0, #2
10000670:	1820      	adds	r0, r4, r0
10000672:	79c1      	ldrb	r1, [r0, #7]
10000674:	42b9      	cmp	r1, r7
10000676:	d92f      	bls.n	100006d8 <irq_add_shared_handler+0x194>
10000678:	0002      	movs	r2, r0
1000067a:	2306      	movs	r3, #6
1000067c:	56d3      	ldrsb	r3, [r2, r3]
1000067e:	2b00      	cmp	r3, #0
10000680:	daf3      	bge.n	1000066a <irq_add_shared_handler+0x126>
10000682:	9302      	str	r3, [sp, #8]
10000684:	4b2b      	ldr	r3, [pc, #172]	@ (10000734 <irq_add_shared_handler+0x1f0>)
10000686:	4661      	mov	r1, ip
10000688:	9303      	str	r3, [sp, #12]
1000068a:	1d13      	adds	r3, r2, #4
1000068c:	469a      	mov	sl, r3
1000068e:	2304      	movs	r3, #4
10000690:	425b      	negs	r3, r3
10000692:	469c      	mov	ip, r3
10000694:	44e1      	add	r9, ip
10000696:	4650      	mov	r0, sl
10000698:	464b      	mov	r3, r9
1000069a:	1a1b      	subs	r3, r3, r0
1000069c:	051b      	lsls	r3, r3, #20
1000069e:	0d5b      	lsrs	r3, r3, #21
100006a0:	469c      	mov	ip, r3
100006a2:	4b20      	ldr	r3, [pc, #128]	@ (10000724 <irq_add_shared_handler+0x1e0>)
100006a4:	7195      	strb	r5, [r2, #6]
100006a6:	4698      	mov	r8, r3
100006a8:	4663      	mov	r3, ip
100006aa:	4640      	mov	r0, r8
100006ac:	4303      	orrs	r3, r0
100006ae:	8093      	strh	r3, [r2, #4]
100006b0:	9b01      	ldr	r3, [sp, #4]
100006b2:	195a      	adds	r2, r3, r5
100006b4:	0092      	lsls	r2, r2, #2
100006b6:	9b03      	ldr	r3, [sp, #12]
100006b8:	18a4      	adds	r4, r4, r2
100006ba:	80a3      	strh	r3, [r4, #4]
100006bc:	9b02      	ldr	r3, [sp, #8]
100006be:	4a1c      	ldr	r2, [pc, #112]	@ (10000730 <irq_add_shared_handler+0x1ec>)
100006c0:	71a3      	strb	r3, [r4, #6]
100006c2:	9b00      	ldr	r3, [sp, #0]
100006c4:	6022      	str	r2, [r4, #0]
100006c6:	71e7      	strb	r7, [r4, #7]
100006c8:	60a3      	str	r3, [r4, #8]
100006ca:	e78a      	b.n	100005e2 <irq_add_shared_handler+0x9e>
100006cc:	f001 fb18 	bl	10001d00 <hard_assertion_failure>
100006d0:	2500      	movs	r5, #0
100006d2:	4653      	mov	r3, sl
100006d4:	575d      	ldrsb	r5, [r3, r5]
100006d6:	e74f      	b.n	10000578 <irq_add_shared_handler+0x34>
100006d8:	8890      	ldrh	r0, [r2, #4]
100006da:	9302      	str	r3, [sp, #8]
100006dc:	0540      	lsls	r0, r0, #21
100006de:	1d13      	adds	r3, r2, #4
100006e0:	469a      	mov	sl, r3
100006e2:	1503      	asrs	r3, r0, #20
100006e4:	4661      	mov	r1, ip
100006e6:	469c      	mov	ip, r3
100006e8:	4640      	mov	r0, r8
100006ea:	44d4      	add	ip, sl
100006ec:	4663      	mov	r3, ip
100006ee:	3004      	adds	r0, #4
100006f0:	1820      	adds	r0, r4, r0
100006f2:	1a18      	subs	r0, r3, r0
100006f4:	23e0      	movs	r3, #224	@ 0xe0
100006f6:	0500      	lsls	r0, r0, #20
100006f8:	0d40      	lsrs	r0, r0, #21
100006fa:	021b      	lsls	r3, r3, #8
100006fc:	4318      	orrs	r0, r3
100006fe:	9003      	str	r0, [sp, #12]
10000700:	e7c5      	b.n	1000068e <irq_add_shared_handler+0x14a>
10000702:	f001 fafd 	bl	10001d00 <hard_assertion_failure>
10000706:	e74f      	b.n	100005a8 <irq_add_shared_handler+0x64>
10000708:	d0000124 	.word	0xd0000124
1000070c:	20001c5d 	.word	0x20001c5d
10000710:	20000dec 	.word	0x20000dec
10000714:	e000ed00 	.word	0xe000ed00
10000718:	100001cd 	.word	0x100001cd
1000071c:	ffffa100 	.word	0xffffa100
10000720:	20000e1c 	.word	0x20000e1c
10000724:	ffffe000 	.word	0xffffe000
10000728:	ffffbd01 	.word	0xffffbd01
1000072c:	0000aaaa 	.word	0x0000aaaa
10000730:	47804801 	.word	0x47804801
10000734:	0000bd01 	.word	0x0000bd01

10000738 <irq_remove_handler>:
10000738:	b5f0      	push	{r4, r5, r6, r7, lr}
1000073a:	46de      	mov	lr, fp
1000073c:	4657      	mov	r7, sl
1000073e:	464e      	mov	r6, r9
10000740:	4645      	mov	r5, r8
10000742:	b5e0      	push	{r5, r6, r7, lr}
10000744:	000c      	movs	r4, r1
10000746:	b083      	sub	sp, #12
10000748:	f3ef 8810 	mrs	r8, PRIMASK
1000074c:	b672      	cpsid	i
1000074e:	4a5d      	ldr	r2, [pc, #372]	@ (100008c4 <irq_remove_handler+0x18c>)
10000750:	6813      	ldr	r3, [r2, #0]
10000752:	2b00      	cmp	r3, #0
10000754:	d0fc      	beq.n	10000750 <irq_remove_handler+0x18>
10000756:	f3bf 8f5f 	dmb	sy
1000075a:	4b5b      	ldr	r3, [pc, #364]	@ (100008c8 <irq_remove_handler+0x190>)
1000075c:	495b      	ldr	r1, [pc, #364]	@ (100008cc <irq_remove_handler+0x194>)
1000075e:	689a      	ldr	r2, [r3, #8]
10000760:	0003      	movs	r3, r0
10000762:	3310      	adds	r3, #16
10000764:	009f      	lsls	r7, r3, #2
10000766:	59d5      	ldr	r5, [r2, r7]
10000768:	428d      	cmp	r5, r1
1000076a:	d039      	beq.n	100007e0 <irq_remove_handler+0xa8>
1000076c:	42a5      	cmp	r5, r4
1000076e:	d04a      	beq.n	10000806 <irq_remove_handler+0xce>
10000770:	4e57      	ldr	r6, [pc, #348]	@ (100008d0 <irq_remove_handler+0x198>)
10000772:	1baa      	subs	r2, r5, r6
10000774:	2a2f      	cmp	r2, #47	@ 0x2f
10000776:	d833      	bhi.n	100007e0 <irq_remove_handler+0xa8>
10000778:	2201      	movs	r2, #1
1000077a:	4692      	mov	sl, r2
1000077c:	4082      	lsls	r2, r0
1000077e:	4691      	mov	r9, r2
10000780:	4648      	mov	r0, r9
10000782:	4a54      	ldr	r2, [pc, #336]	@ (100008d4 <irq_remove_handler+0x19c>)
10000784:	6812      	ldr	r2, [r2, #0]
10000786:	4010      	ands	r0, r2
10000788:	9001      	str	r0, [sp, #4]
1000078a:	4648      	mov	r0, r9
1000078c:	4a52      	ldr	r2, [pc, #328]	@ (100008d8 <irq_remove_handler+0x1a0>)
1000078e:	6010      	str	r0, [r2, #0]
10000790:	f3bf 8f5f 	dmb	sy
10000794:	f3ef 8205 	mrs	r2, IPSR
10000798:	4693      	mov	fp, r2
1000079a:	2a00      	cmp	r2, #0
1000079c:	d035      	beq.n	1000080a <irq_remove_handler+0xd2>
1000079e:	4293      	cmp	r3, r2
100007a0:	d001      	beq.n	100007a6 <irq_remove_handler+0x6e>
100007a2:	f001 faad 	bl	10001d00 <hard_assertion_failure>
100007a6:	002a      	movs	r2, r5
100007a8:	4653      	mov	r3, sl
100007aa:	439a      	bics	r2, r3
100007ac:	6890      	ldr	r0, [r2, #8]
100007ae:	4284      	cmp	r4, r0
100007b0:	d108      	bne.n	100007c4 <irq_remove_handler+0x8c>
100007b2:	e075      	b.n	100008a0 <irq_remove_handler+0x168>
100007b4:	004b      	lsls	r3, r1, #1
100007b6:	185b      	adds	r3, r3, r1
100007b8:	009b      	lsls	r3, r3, #2
100007ba:	18f3      	adds	r3, r6, r3
100007bc:	6898      	ldr	r0, [r3, #8]
100007be:	42a0      	cmp	r0, r4
100007c0:	d034      	beq.n	1000082c <irq_remove_handler+0xf4>
100007c2:	001a      	movs	r2, r3
100007c4:	2106      	movs	r1, #6
100007c6:	5651      	ldrsb	r1, [r2, r1]
100007c8:	2900      	cmp	r1, #0
100007ca:	daf3      	bge.n	100007b4 <irq_remove_handler+0x7c>
100007cc:	4284      	cmp	r4, r0
100007ce:	d053      	beq.n	10000878 <irq_remove_handler+0x140>
100007d0:	9b01      	ldr	r3, [sp, #4]
100007d2:	2b00      	cmp	r3, #0
100007d4:	d026      	beq.n	10000824 <irq_remove_handler+0xec>
100007d6:	464a      	mov	r2, r9
100007d8:	4b40      	ldr	r3, [pc, #256]	@ (100008dc <irq_remove_handler+0x1a4>)
100007da:	601a      	str	r2, [r3, #0]
100007dc:	4b3d      	ldr	r3, [pc, #244]	@ (100008d4 <irq_remove_handler+0x19c>)
100007de:	601a      	str	r2, [r3, #0]
100007e0:	4b39      	ldr	r3, [pc, #228]	@ (100008c8 <irq_remove_handler+0x190>)
100007e2:	689b      	ldr	r3, [r3, #8]
100007e4:	51dd      	str	r5, [r3, r7]
100007e6:	f3bf 8f5f 	dmb	sy
100007ea:	f3bf 8f5f 	dmb	sy
100007ee:	2200      	movs	r2, #0
100007f0:	4b34      	ldr	r3, [pc, #208]	@ (100008c4 <irq_remove_handler+0x18c>)
100007f2:	601a      	str	r2, [r3, #0]
100007f4:	f388 8810 	msr	PRIMASK, r8
100007f8:	b003      	add	sp, #12
100007fa:	bcf0      	pop	{r4, r5, r6, r7}
100007fc:	46bb      	mov	fp, r7
100007fe:	46b2      	mov	sl, r6
10000800:	46a9      	mov	r9, r5
10000802:	46a0      	mov	r8, r4
10000804:	bdf0      	pop	{r4, r5, r6, r7, pc}
10000806:	000d      	movs	r5, r1
10000808:	e7ea      	b.n	100007e0 <irq_remove_handler+0xa8>
1000080a:	002a      	movs	r2, r5
1000080c:	4653      	mov	r3, sl
1000080e:	439a      	bics	r2, r3
10000810:	6890      	ldr	r0, [r2, #8]
10000812:	4284      	cmp	r4, r0
10000814:	d1d6      	bne.n	100007c4 <irq_remove_handler+0x8c>
10000816:	2006      	movs	r0, #6
10000818:	5610      	ldrsb	r0, [r2, r0]
1000081a:	0013      	movs	r3, r2
1000081c:	2800      	cmp	r0, #0
1000081e:	da09      	bge.n	10000834 <irq_remove_handler+0xfc>
10000820:	000d      	movs	r5, r1
10000822:	e031      	b.n	10000888 <irq_remove_handler+0x150>
10000824:	464a      	mov	r2, r9
10000826:	4b2c      	ldr	r3, [pc, #176]	@ (100008d8 <irq_remove_handler+0x1a0>)
10000828:	601a      	str	r2, [r3, #0]
1000082a:	e7d9      	b.n	100007e0 <irq_remove_handler+0xa8>
1000082c:	2006      	movs	r0, #6
1000082e:	5618      	ldrsb	r0, [r3, r0]
10000830:	2800      	cmp	r0, #0
10000832:	db22      	blt.n	1000087a <irq_remove_handler+0x142>
10000834:	0042      	lsls	r2, r0, #1
10000836:	1811      	adds	r1, r2, r0
10000838:	0089      	lsls	r1, r1, #2
1000083a:	1874      	adds	r4, r6, r1
1000083c:	468a      	mov	sl, r1
1000083e:	68a1      	ldr	r1, [r4, #8]
10000840:	6099      	str	r1, [r3, #8]
10000842:	79e1      	ldrb	r1, [r4, #7]
10000844:	71d9      	strb	r1, [r3, #7]
10000846:	2106      	movs	r1, #6
10000848:	5661      	ldrsb	r1, [r4, r1]
1000084a:	7199      	strb	r1, [r3, #6]
1000084c:	2900      	cmp	r1, #0
1000084e:	db25      	blt.n	1000089c <irq_remove_handler+0x164>
10000850:	88a4      	ldrh	r4, [r4, #4]
10000852:	1af1      	subs	r1, r6, r3
10000854:	0564      	lsls	r4, r4, #21
10000856:	1524      	asrs	r4, r4, #20
10000858:	4454      	add	r4, sl
1000085a:	1909      	adds	r1, r1, r4
1000085c:	24e0      	movs	r4, #224	@ 0xe0
1000085e:	0509      	lsls	r1, r1, #20
10000860:	0d49      	lsrs	r1, r1, #21
10000862:	0224      	lsls	r4, r4, #8
10000864:	4321      	orrs	r1, r4
10000866:	8099      	strh	r1, [r3, #4]
10000868:	1813      	adds	r3, r2, r0
1000086a:	4a1d      	ldr	r2, [pc, #116]	@ (100008e0 <irq_remove_handler+0x1a8>)
1000086c:	009b      	lsls	r3, r3, #2
1000086e:	7811      	ldrb	r1, [r2, #0]
10000870:	18f3      	adds	r3, r6, r3
10000872:	7199      	strb	r1, [r3, #6]
10000874:	7010      	strb	r0, [r2, #0]
10000876:	e7ab      	b.n	100007d0 <irq_remove_handler+0x98>
10000878:	0013      	movs	r3, r2
1000087a:	4659      	mov	r1, fp
1000087c:	2900      	cmp	r1, #0
1000087e:	d114      	bne.n	100008aa <irq_remove_handler+0x172>
10000880:	31ff      	adds	r1, #255	@ 0xff
10000882:	7191      	strb	r1, [r2, #6]
10000884:	4917      	ldr	r1, [pc, #92]	@ (100008e4 <irq_remove_handler+0x1ac>)
10000886:	8091      	strh	r1, [r2, #4]
10000888:	4915      	ldr	r1, [pc, #84]	@ (100008e0 <irq_remove_handler+0x1a8>)
1000088a:	780a      	ldrb	r2, [r1, #0]
1000088c:	719a      	strb	r2, [r3, #6]
1000088e:	4a16      	ldr	r2, [pc, #88]	@ (100008e8 <irq_remove_handler+0x1b0>)
10000890:	1b9b      	subs	r3, r3, r6
10000892:	415b      	adcs	r3, r3
10000894:	435a      	muls	r2, r3
10000896:	0d12      	lsrs	r2, r2, #20
10000898:	700a      	strb	r2, [r1, #0]
1000089a:	e799      	b.n	100007d0 <irq_remove_handler+0x98>
1000089c:	4913      	ldr	r1, [pc, #76]	@ (100008ec <irq_remove_handler+0x1b4>)
1000089e:	e7e2      	b.n	10000866 <irq_remove_handler+0x12e>
100008a0:	2006      	movs	r0, #6
100008a2:	5610      	ldrsb	r0, [r2, r0]
100008a4:	0013      	movs	r3, r2
100008a6:	2800      	cmp	r0, #0
100008a8:	dac4      	bge.n	10000834 <irq_remove_handler+0xfc>
100008aa:	4a11      	ldr	r2, [pc, #68]	@ (100008f0 <irq_remove_handler+0x1b8>)
100008ac:	4911      	ldr	r1, [pc, #68]	@ (100008f4 <irq_remove_handler+0x1bc>)
100008ae:	1ad2      	subs	r2, r2, r3
100008b0:	3a08      	subs	r2, #8
100008b2:	0250      	lsls	r0, r2, #9
100008b4:	0d40      	lsrs	r0, r0, #21
100008b6:	4301      	orrs	r1, r0
100008b8:	8099      	strh	r1, [r3, #4]
100008ba:	490f      	ldr	r1, [pc, #60]	@ (100008f8 <irq_remove_handler+0x1c0>)
100008bc:	0852      	lsrs	r2, r2, #1
100008be:	430a      	orrs	r2, r1
100008c0:	80da      	strh	r2, [r3, #6]
100008c2:	e785      	b.n	100007d0 <irq_remove_handler+0x98>
100008c4:	d0000124 	.word	0xd0000124
100008c8:	e000ed00 	.word	0xe000ed00
100008cc:	100001cd 	.word	0x100001cd
100008d0:	20000dec 	.word	0x20000dec
100008d4:	e000e100 	.word	0xe000e100
100008d8:	e000e180 	.word	0xe000e180
100008dc:	e000e280 	.word	0xe000e280
100008e0:	20001c5d 	.word	0x20001c5d
100008e4:	ffffbd01 	.word	0xffffbd01
100008e8:	0000aaaa 	.word	0x0000aaaa
100008ec:	0000bd01 	.word	0x0000bd01
100008f0:	20000e26 	.word	0x20000e26
100008f4:	fffff000 	.word	0xfffff000
100008f8:	fffff800 	.word	0xfffff800

100008fc <irq_add_tail_to_free_list>:
100008fc:	b570      	push	{r4, r5, r6, lr}
100008fe:	f3ef 8105 	mrs	r1, IPSR
10000902:	2401      	movs	r4, #1
10000904:	4304      	orrs	r4, r0
10000906:	f3ef 8c10 	mrs	ip, PRIMASK
1000090a:	b672      	cpsid	i
1000090c:	4a21      	ldr	r2, [pc, #132]	@ (10000994 <irq_add_tail_to_free_list+0x98>)
1000090e:	6813      	ldr	r3, [r2, #0]
10000910:	2b00      	cmp	r3, #0
10000912:	d0fc      	beq.n	1000090e <irq_add_tail_to_free_list+0x12>
10000914:	f3bf 8f5f 	dmb	sy
10000918:	4b1f      	ldr	r3, [pc, #124]	@ (10000998 <irq_add_tail_to_free_list+0x9c>)
1000091a:	0005      	movs	r5, r0
1000091c:	4a1f      	ldr	r2, [pc, #124]	@ (1000099c <irq_add_tail_to_free_list+0xa0>)
1000091e:	1aed      	subs	r5, r5, r3
10000920:	416d      	adcs	r5, r5
10000922:	436a      	muls	r2, r5
10000924:	0d12      	lsrs	r2, r2, #20
10000926:	4d1e      	ldr	r5, [pc, #120]	@ (100009a0 <irq_add_tail_to_free_list+0xa4>)
10000928:	0089      	lsls	r1, r1, #2
1000092a:	68ae      	ldr	r6, [r5, #8]
1000092c:	b252      	sxtb	r2, r2
1000092e:	5876      	ldr	r6, [r6, r1]
10000930:	42a6      	cmp	r6, r4
10000932:	d01c      	beq.n	1000096e <irq_add_tail_to_free_list+0x72>
10000934:	2106      	movs	r1, #6
10000936:	5659      	ldrsb	r1, [r3, r1]
10000938:	4291      	cmp	r1, r2
1000093a:	d01c      	beq.n	10000976 <irq_add_tail_to_free_list+0x7a>
1000093c:	2112      	movs	r1, #18
1000093e:	5659      	ldrsb	r1, [r3, r1]
10000940:	4291      	cmp	r1, r2
10000942:	d022      	beq.n	1000098a <irq_add_tail_to_free_list+0x8e>
10000944:	211e      	movs	r1, #30
10000946:	5659      	ldrsb	r1, [r3, r1]
10000948:	4291      	cmp	r1, r2
1000094a:	d020      	beq.n	1000098e <irq_add_tail_to_free_list+0x92>
1000094c:	212a      	movs	r1, #42	@ 0x2a
1000094e:	5659      	ldrsb	r1, [r3, r1]
10000950:	2403      	movs	r4, #3
10000952:	4291      	cmp	r1, r2
10000954:	d010      	beq.n	10000978 <irq_add_tail_to_free_list+0x7c>
10000956:	4b13      	ldr	r3, [pc, #76]	@ (100009a4 <irq_add_tail_to_free_list+0xa8>)
10000958:	7819      	ldrb	r1, [r3, #0]
1000095a:	701a      	strb	r2, [r3, #0]
1000095c:	7181      	strb	r1, [r0, #6]
1000095e:	f3bf 8f5f 	dmb	sy
10000962:	2200      	movs	r2, #0
10000964:	4b0b      	ldr	r3, [pc, #44]	@ (10000994 <irq_add_tail_to_free_list+0x98>)
10000966:	601a      	str	r2, [r3, #0]
10000968:	f38c 8810 	msr	PRIMASK, ip
1000096c:	bd70      	pop	{r4, r5, r6, pc}
1000096e:	68ab      	ldr	r3, [r5, #8]
10000970:	4c0d      	ldr	r4, [pc, #52]	@ (100009a8 <irq_add_tail_to_free_list+0xac>)
10000972:	505c      	str	r4, [r3, r1]
10000974:	e7ef      	b.n	10000956 <irq_add_tail_to_free_list+0x5a>
10000976:	2400      	movs	r4, #0
10000978:	0061      	lsls	r1, r4, #1
1000097a:	1909      	adds	r1, r1, r4
1000097c:	0089      	lsls	r1, r1, #2
1000097e:	185b      	adds	r3, r3, r1
10000980:	21ff      	movs	r1, #255	@ 0xff
10000982:	7199      	strb	r1, [r3, #6]
10000984:	4909      	ldr	r1, [pc, #36]	@ (100009ac <irq_add_tail_to_free_list+0xb0>)
10000986:	8099      	strh	r1, [r3, #4]
10000988:	e7e5      	b.n	10000956 <irq_add_tail_to_free_list+0x5a>
1000098a:	2401      	movs	r4, #1
1000098c:	e7f4      	b.n	10000978 <irq_add_tail_to_free_list+0x7c>
1000098e:	2402      	movs	r4, #2
10000990:	e7f2      	b.n	10000978 <irq_add_tail_to_free_list+0x7c>
10000992:	46c0      	nop			@ (mov r8, r8)
10000994:	d0000124 	.word	0xd0000124
10000998:	20000dec 	.word	0x20000dec
1000099c:	0000aaaa 	.word	0x0000aaaa
100009a0:	e000ed00 	.word	0xe000ed00
100009a4:	20001c5d 	.word	0x20001c5d
100009a8:	100001cd 	.word	0x100001cd
100009ac:	ffffbd01 	.word	0xffffbd01

100009b0 <irq_init_priorities>:
100009b0:	4b05      	ldr	r3, [pc, #20]	@ (100009c8 <irq_init_priorities+0x18>)
100009b2:	4a06      	ldr	r2, [pc, #24]	@ (100009cc <irq_init_priorities+0x1c>)
100009b4:	6013      	str	r3, [r2, #0]
100009b6:	4a06      	ldr	r2, [pc, #24]	@ (100009d0 <irq_init_priorities+0x20>)
100009b8:	6013      	str	r3, [r2, #0]
100009ba:	6053      	str	r3, [r2, #4]
100009bc:	6093      	str	r3, [r2, #8]
100009be:	60d3      	str	r3, [r2, #12]
100009c0:	6113      	str	r3, [r2, #16]
100009c2:	6153      	str	r3, [r2, #20]
100009c4:	6193      	str	r3, [r2, #24]
100009c6:	4770      	bx	lr
100009c8:	80808080 	.word	0x80808080
100009cc:	e000e400 	.word	0xe000e400
100009d0:	e000e404 	.word	0xe000e404

100009d4 <user_irq_claim_unused>:
100009d4:	b510      	push	{r4, lr}
100009d6:	4b08      	ldr	r3, [pc, #32]	@ (100009f8 <user_irq_claim_unused+0x24>)
100009d8:	4c08      	ldr	r4, [pc, #32]	@ (100009fc <user_irq_claim_unused+0x28>)
100009da:	b082      	sub	sp, #8
100009dc:	0001      	movs	r1, r0
100009de:	9300      	str	r3, [sp, #0]
100009e0:	2200      	movs	r2, #0
100009e2:	2305      	movs	r3, #5
100009e4:	0020      	movs	r0, r4
100009e6:	f7ff fcd1 	bl	1000038c <hw_claim_unused_from_range>
100009ea:	2800      	cmp	r0, #0
100009ec:	db01      	blt.n	100009f2 <user_irq_claim_unused+0x1e>
100009ee:	231f      	movs	r3, #31
100009f0:	1a18      	subs	r0, r3, r0
100009f2:	b002      	add	sp, #8
100009f4:	bd10      	pop	{r4, pc}
100009f6:	46c0      	nop			@ (mov r8, r8)
100009f8:	100069d0 	.word	0x100069d0
100009fc:	20001c62 	.word	0x20001c62

10000a00 <lock_init>:
10000a00:	4b02      	ldr	r3, [pc, #8]	@ (10000a0c <lock_init+0xc>)
10000a02:	469c      	mov	ip, r3
10000a04:	4461      	add	r1, ip
10000a06:	0089      	lsls	r1, r1, #2
10000a08:	6001      	str	r1, [r0, #0]
10000a0a:	4770      	bx	lr
10000a0c:	34000040 	.word	0x34000040

10000a10 <mutex_init>:
10000a10:	b510      	push	{r4, lr}
10000a12:	0004      	movs	r4, r0
10000a14:	f7ff fd16 	bl	10000444 <next_striped_spin_lock_num>
10000a18:	0001      	movs	r1, r0
10000a1a:	0020      	movs	r0, r4
10000a1c:	f7ff fff0 	bl	10000a00 <lock_init>
10000a20:	23ff      	movs	r3, #255	@ 0xff
10000a22:	7123      	strb	r3, [r4, #4]
10000a24:	f3bf 8f5f 	dmb	sy
10000a28:	bd10      	pop	{r4, pc}
10000a2a:	46c0      	nop			@ (mov r8, r8)

10000a2c <recursive_mutex_init>:
10000a2c:	b510      	push	{r4, lr}
10000a2e:	0004      	movs	r4, r0
10000a30:	f7ff fd08 	bl	10000444 <next_striped_spin_lock_num>
10000a34:	0001      	movs	r1, r0
10000a36:	0020      	movs	r0, r4
10000a38:	f7ff ffe2 	bl	10000a00 <lock_init>
10000a3c:	23ff      	movs	r3, #255	@ 0xff
10000a3e:	80a3      	strh	r3, [r4, #4]
10000a40:	f3bf 8f5f 	dmb	sy
10000a44:	bd10      	pop	{r4, pc}
10000a46:	46c0      	nop			@ (mov r8, r8)

10000a48 <critical_section_init>:
10000a48:	b510      	push	{r4, lr}
10000a4a:	0004      	movs	r4, r0
10000a4c:	2001      	movs	r0, #1
10000a4e:	f7ff fd05 	bl	1000045c <spin_lock_claim_unused>
10000a52:	4b03      	ldr	r3, [pc, #12]	@ (10000a60 <critical_section_init+0x18>)
10000a54:	18c3      	adds	r3, r0, r3
10000a56:	009b      	lsls	r3, r3, #2
10000a58:	6023      	str	r3, [r4, #0]
10000a5a:	f3bf 8f5f 	dmb	sy
10000a5e:	bd10      	pop	{r4, pc}
10000a60:	34000040 	.word	0x34000040

10000a64 <critical_section_init_with_lock_num>:
10000a64:	4b03      	ldr	r3, [pc, #12]	@ (10000a74 <critical_section_init_with_lock_num+0x10>)
10000a66:	469c      	mov	ip, r3
10000a68:	4461      	add	r1, ip
10000a6a:	0089      	lsls	r1, r1, #2
10000a6c:	6001      	str	r1, [r0, #0]
10000a6e:	f3bf 8f5f 	dmb	sy
10000a72:	4770      	bx	lr
10000a74:	34000040 	.word	0x34000040

10000a78 <timer_pool_entry_comparator>:
10000a78:	6883      	ldr	r3, [r0, #8]
10000a7a:	480b      	ldr	r0, [pc, #44]	@ (10000aa8 <timer_pool_entry_comparator+0x30>)
10000a7c:	b510      	push	{r4, lr}
10000a7e:	4684      	mov	ip, r0
10000a80:	4461      	add	r1, ip
10000a82:	4462      	add	r2, ip
10000a84:	0112      	lsls	r2, r2, #4
10000a86:	0109      	lsls	r1, r1, #4
10000a88:	1859      	adds	r1, r3, r1
10000a8a:	189b      	adds	r3, r3, r2
10000a8c:	685c      	ldr	r4, [r3, #4]
10000a8e:	684a      	ldr	r2, [r1, #4]
10000a90:	2001      	movs	r0, #1
10000a92:	4294      	cmp	r4, r2
10000a94:	d801      	bhi.n	10000a9a <timer_pool_entry_comparator+0x22>
10000a96:	d002      	beq.n	10000a9e <timer_pool_entry_comparator+0x26>
10000a98:	2000      	movs	r0, #0
10000a9a:	b2c0      	uxtb	r0, r0
10000a9c:	bd10      	pop	{r4, pc}
10000a9e:	681a      	ldr	r2, [r3, #0]
10000aa0:	680b      	ldr	r3, [r1, #0]
10000aa2:	429a      	cmp	r2, r3
10000aa4:	d8f9      	bhi.n	10000a9a <timer_pool_entry_comparator+0x22>
10000aa6:	e7f7      	b.n	10000a98 <timer_pool_entry_comparator+0x20>
10000aa8:	0fffffff 	.word	0x0fffffff

10000aac <sleep_until_callback>:
10000aac:	4b0a      	ldr	r3, [pc, #40]	@ (10000ad8 <sleep_until_callback+0x2c>)
10000aae:	6819      	ldr	r1, [r3, #0]
10000ab0:	f3ef 8010 	mrs	r0, PRIMASK
10000ab4:	b672      	cpsid	i
10000ab6:	680a      	ldr	r2, [r1, #0]
10000ab8:	2a00      	cmp	r2, #0
10000aba:	d0fc      	beq.n	10000ab6 <sleep_until_callback+0xa>
10000abc:	f3bf 8f5f 	dmb	sy
10000ac0:	681b      	ldr	r3, [r3, #0]
10000ac2:	f3bf 8f5f 	dmb	sy
10000ac6:	2200      	movs	r2, #0
10000ac8:	601a      	str	r2, [r3, #0]
10000aca:	f380 8810 	msr	PRIMASK, r0
10000ace:	bf40      	sev
10000ad0:	2000      	movs	r0, #0
10000ad2:	2100      	movs	r1, #0
10000ad4:	4770      	bx	lr
10000ad6:	46c0      	nop			@ (mov r8, r8)
10000ad8:	20001c2c 	.word	0x20001c2c

10000adc <add_alarm_under_lock.isra.0>:
10000adc:	b5f8      	push	{r3, r4, r5, r6, r7, lr}
10000ade:	4657      	mov	r7, sl
10000ae0:	4645      	mov	r5, r8
10000ae2:	464e      	mov	r6, r9
10000ae4:	46de      	mov	lr, fp
10000ae6:	b5e0      	push	{r5, r6, r7, lr}
10000ae8:	4698      	mov	r8, r3
10000aea:	ab0c      	add	r3, sp, #48	@ 0x30
10000aec:	781c      	ldrb	r4, [r3, #0]
10000aee:	ab0d      	add	r3, sp, #52	@ 0x34
10000af0:	781b      	ldrb	r3, [r3, #0]
10000af2:	0007      	movs	r7, r0
10000af4:	4691      	mov	r9, r2
10000af6:	469a      	mov	sl, r3
10000af8:	6805      	ldr	r5, [r0, #0]
10000afa:	2c00      	cmp	r4, #0
10000afc:	d159      	bne.n	10000bb2 <add_alarm_under_lock.isra.0+0xd6>
10000afe:	7bac      	ldrb	r4, [r5, #14]
10000b00:	2c00      	cmp	r4, #0
10000b02:	d03b      	beq.n	10000b7c <add_alarm_under_lock.isra.0+0xa0>
10000b04:	0066      	lsls	r6, r4, #1
10000b06:	6829      	ldr	r1, [r5, #0]
10000b08:	1936      	adds	r6, r6, r4
10000b0a:	3e03      	subs	r6, #3
10000b0c:	1989      	adds	r1, r1, r6
10000b0e:	784b      	ldrb	r3, [r1, #1]
10000b10:	73ab      	strb	r3, [r5, #14]
10000b12:	2b00      	cmp	r3, #0
10000b14:	d100      	bne.n	10000b18 <add_alarm_under_lock.isra.0+0x3c>
10000b16:	73eb      	strb	r3, [r5, #15]
10000b18:	2300      	movs	r3, #0
10000b1a:	708b      	strb	r3, [r1, #2]
10000b1c:	704b      	strb	r3, [r1, #1]
10000b1e:	700b      	strb	r3, [r1, #0]
10000b20:	4b2d      	ldr	r3, [pc, #180]	@ (10000bd8 <add_alarm_under_lock.isra.0+0xfc>)
10000b22:	18e2      	adds	r2, r4, r3
10000b24:	68bb      	ldr	r3, [r7, #8]
10000b26:	0112      	lsls	r2, r2, #4
10000b28:	189b      	adds	r3, r3, r2
10000b2a:	464a      	mov	r2, r9
10000b2c:	601a      	str	r2, [r3, #0]
10000b2e:	4642      	mov	r2, r8
10000b30:	605a      	str	r2, [r3, #4]
10000b32:	9a0a      	ldr	r2, [sp, #40]	@ 0x28
10000b34:	609a      	str	r2, [r3, #8]
10000b36:	9a0b      	ldr	r2, [sp, #44]	@ 0x2c
10000b38:	60da      	str	r2, [r3, #12]
10000b3a:	2300      	movs	r3, #0
10000b3c:	708b      	strb	r3, [r1, #2]
10000b3e:	704b      	strb	r3, [r1, #1]
10000b40:	700b      	strb	r3, [r1, #0]
10000b42:	7b6b      	ldrb	r3, [r5, #13]
10000b44:	469b      	mov	fp, r3
10000b46:	2b00      	cmp	r3, #0
10000b48:	d026      	beq.n	10000b98 <add_alarm_under_lock.isra.0+0xbc>
10000b4a:	0022      	movs	r2, r4
10000b4c:	686b      	ldr	r3, [r5, #4]
10000b4e:	4659      	mov	r1, fp
10000b50:	68a8      	ldr	r0, [r5, #8]
10000b52:	4798      	blx	r3
10000b54:	465b      	mov	r3, fp
10000b56:	005b      	lsls	r3, r3, #1
10000b58:	445b      	add	r3, fp
10000b5a:	682a      	ldr	r2, [r5, #0]
10000b5c:	3b03      	subs	r3, #3
10000b5e:	2800      	cmp	r0, #0
10000b60:	d012      	beq.n	10000b88 <add_alarm_under_lock.isra.0+0xac>
10000b62:	4658      	mov	r0, fp
10000b64:	1996      	adds	r6, r2, r6
10000b66:	70b0      	strb	r0, [r6, #2]
10000b68:	18d1      	adds	r1, r2, r3
10000b6a:	5cd3      	ldrb	r3, [r2, r3]
10000b6c:	2b00      	cmp	r3, #0
10000b6e:	d000      	beq.n	10000b72 <add_alarm_under_lock.isra.0+0x96>
10000b70:	7073      	strb	r3, [r6, #1]
10000b72:	465b      	mov	r3, fp
10000b74:	700c      	strb	r4, [r1, #0]
10000b76:	736b      	strb	r3, [r5, #13]
10000b78:	455c      	cmp	r4, fp
10000b7a:	d00e      	beq.n	10000b9a <add_alarm_under_lock.isra.0+0xbe>
10000b7c:	bcf0      	pop	{r4, r5, r6, r7}
10000b7e:	46bb      	mov	fp, r7
10000b80:	46b2      	mov	sl, r6
10000b82:	46a9      	mov	r9, r5
10000b84:	46a0      	mov	r8, r4
10000b86:	bdf8      	pop	{r3, r4, r5, r6, r7, pc}
10000b88:	18d3      	adds	r3, r2, r3
10000b8a:	709c      	strb	r4, [r3, #2]
10000b8c:	1991      	adds	r1, r2, r6
10000b8e:	5d92      	ldrb	r2, [r2, r6]
10000b90:	2a00      	cmp	r2, #0
10000b92:	d11c      	bne.n	10000bce <add_alarm_under_lock.isra.0+0xf2>
10000b94:	465b      	mov	r3, fp
10000b96:	700b      	strb	r3, [r1, #0]
10000b98:	736c      	strb	r4, [r5, #13]
10000b9a:	464a      	mov	r2, r9
10000b9c:	4643      	mov	r3, r8
10000b9e:	7d38      	ldrb	r0, [r7, #20]
10000ba0:	f000 fba4 	bl	100012ec <hardware_alarm_set_target>
10000ba4:	1e05      	subs	r5, r0, #0
10000ba6:	d10a      	bne.n	10000bbe <add_alarm_under_lock.isra.0+0xe2>
10000ba8:	9b0e      	ldr	r3, [sp, #56]	@ 0x38
10000baa:	2b00      	cmp	r3, #0
10000bac:	d0e6      	beq.n	10000b7c <add_alarm_under_lock.isra.0+0xa0>
10000bae:	701d      	strb	r5, [r3, #0]
10000bb0:	e7e4      	b.n	10000b7c <add_alarm_under_lock.isra.0+0xa0>
10000bb2:	0066      	lsls	r6, r4, #1
10000bb4:	6829      	ldr	r1, [r5, #0]
10000bb6:	1936      	adds	r6, r6, r4
10000bb8:	3e03      	subs	r6, #3
10000bba:	1989      	adds	r1, r1, r6
10000bbc:	e7b0      	b.n	10000b20 <add_alarm_under_lock.isra.0+0x44>
10000bbe:	4653      	mov	r3, sl
10000bc0:	2b00      	cmp	r3, #0
10000bc2:	d1f1      	bne.n	10000ba8 <add_alarm_under_lock.isra.0+0xcc>
10000bc4:	0021      	movs	r1, r4
10000bc6:	6838      	ldr	r0, [r7, #0]
10000bc8:	f000 fda8 	bl	1000171c <ph_remove_and_free_node>
10000bcc:	e7ec      	b.n	10000ba8 <add_alarm_under_lock.isra.0+0xcc>
10000bce:	705a      	strb	r2, [r3, #1]
10000bd0:	465b      	mov	r3, fp
10000bd2:	700b      	strb	r3, [r1, #0]
10000bd4:	736c      	strb	r4, [r5, #13]
10000bd6:	e7e0      	b.n	10000b9a <add_alarm_under_lock.isra.0+0xbe>
10000bd8:	0fffffff 	.word	0x0fffffff

10000bdc <alarm_pool_alarm_callback>:
10000bdc:	b5f0      	push	{r4, r5, r6, r7, lr}
10000bde:	46de      	mov	lr, fp
10000be0:	4657      	mov	r7, sl
10000be2:	464e      	mov	r6, r9
10000be4:	4645      	mov	r5, r8
10000be6:	2300      	movs	r3, #0
10000be8:	b5e0      	push	{r5, r6, r7, lr}
10000bea:	b08b      	sub	sp, #44	@ 0x2c
10000bec:	9308      	str	r3, [sp, #32]
10000bee:	4b68      	ldr	r3, [pc, #416]	@ (10000d90 <alarm_pool_alarm_callback+0x1b4>)
10000bf0:	0082      	lsls	r2, r0, #2
10000bf2:	58d4      	ldr	r4, [r2, r3]
10000bf4:	2300      	movs	r3, #0
10000bf6:	469b      	mov	fp, r3
10000bf8:	9009      	str	r0, [sp, #36]	@ 0x24
10000bfa:	f000 fb17 	bl	1000122c <time_us_64>
10000bfe:	0002      	movs	r2, r0
10000c00:	000b      	movs	r3, r1
10000c02:	6860      	ldr	r0, [r4, #4]
10000c04:	f3ef 8a10 	mrs	sl, PRIMASK
10000c08:	b672      	cpsid	i
10000c0a:	4656      	mov	r6, sl
10000c0c:	6801      	ldr	r1, [r0, #0]
10000c0e:	2900      	cmp	r1, #0
10000c10:	d0fc      	beq.n	10000c0c <alarm_pool_alarm_callback+0x30>
10000c12:	46b2      	mov	sl, r6
10000c14:	f3bf 8f5f 	dmb	sy
10000c18:	6821      	ldr	r1, [r4, #0]
10000c1a:	7b4f      	ldrb	r7, [r1, #13]
10000c1c:	468c      	mov	ip, r1
10000c1e:	2f00      	cmp	r7, #0
10000c20:	d02e      	beq.n	10000c80 <alarm_pool_alarm_callback+0xa4>
10000c22:	68a5      	ldr	r5, [r4, #8]
10000c24:	495b      	ldr	r1, [pc, #364]	@ (10000d94 <alarm_pool_alarm_callback+0x1b8>)
10000c26:	46a9      	mov	r9, r5
10000c28:	1879      	adds	r1, r7, r1
10000c2a:	0109      	lsls	r1, r1, #4
10000c2c:	4489      	add	r9, r1
10000c2e:	4649      	mov	r1, r9
10000c30:	6808      	ldr	r0, [r1, #0]
10000c32:	6849      	ldr	r1, [r1, #4]
10000c34:	0005      	movs	r5, r0
10000c36:	000e      	movs	r6, r1
10000c38:	1aad      	subs	r5, r5, r2
10000c3a:	419e      	sbcs	r6, r3
10000c3c:	2e00      	cmp	r6, #0
10000c3e:	dd5f      	ble.n	10000d00 <alarm_pool_alarm_callback+0x124>
10000c40:	0002      	movs	r2, r0
10000c42:	000b      	movs	r3, r1
10000c44:	9809      	ldr	r0, [sp, #36]	@ 0x24
10000c46:	f000 fb51 	bl	100012ec <hardware_alarm_set_target>
10000c4a:	2300      	movs	r3, #0
10000c4c:	2200      	movs	r2, #0
10000c4e:	4699      	mov	r9, r3
10000c50:	2300      	movs	r3, #0
10000c52:	9206      	str	r2, [sp, #24]
10000c54:	9307      	str	r3, [sp, #28]
10000c56:	2300      	movs	r3, #0
10000c58:	4698      	mov	r8, r3
10000c5a:	6863      	ldr	r3, [r4, #4]
10000c5c:	f3bf 8f5f 	dmb	sy
10000c60:	465a      	mov	r2, fp
10000c62:	601a      	str	r2, [r3, #0]
10000c64:	f38a 8810 	msr	PRIMASK, sl
10000c68:	4643      	mov	r3, r8
10000c6a:	2b00      	cmp	r3, #0
10000c6c:	d112      	bne.n	10000c94 <alarm_pool_alarm_callback+0xb8>
10000c6e:	2800      	cmp	r0, #0
10000c70:	d1c3      	bne.n	10000bfa <alarm_pool_alarm_callback+0x1e>
10000c72:	b00b      	add	sp, #44	@ 0x2c
10000c74:	bcf0      	pop	{r4, r5, r6, r7}
10000c76:	46bb      	mov	fp, r7
10000c78:	46b2      	mov	sl, r6
10000c7a:	46a9      	mov	r9, r5
10000c7c:	46a0      	mov	r8, r4
10000c7e:	bdf0      	pop	{r4, r5, r6, r7, pc}
10000c80:	2300      	movs	r3, #0
10000c82:	2200      	movs	r2, #0
10000c84:	4699      	mov	r9, r3
10000c86:	2300      	movs	r3, #0
10000c88:	9206      	str	r2, [sp, #24]
10000c8a:	9307      	str	r3, [sp, #28]
10000c8c:	2300      	movs	r3, #0
10000c8e:	2000      	movs	r0, #0
10000c90:	4698      	mov	r8, r3
10000c92:	e7e2      	b.n	10000c5a <alarm_pool_alarm_callback+0x7e>
10000c94:	9b08      	ldr	r3, [sp, #32]
10000c96:	4649      	mov	r1, r9
10000c98:	0218      	lsls	r0, r3, #8
10000c9a:	4338      	orrs	r0, r7
10000c9c:	47c0      	blx	r8
10000c9e:	6862      	ldr	r2, [r4, #4]
10000ca0:	0005      	movs	r5, r0
10000ca2:	000e      	movs	r6, r1
10000ca4:	f3ef 8a10 	mrs	sl, PRIMASK
10000ca8:	b672      	cpsid	i
10000caa:	6813      	ldr	r3, [r2, #0]
10000cac:	2b00      	cmp	r3, #0
10000cae:	d0fc      	beq.n	10000caa <alarm_pool_alarm_callback+0xce>
10000cb0:	f3bf 8f5f 	dmb	sy
10000cb4:	2e00      	cmp	r6, #0
10000cb6:	db41      	blt.n	10000d3c <alarm_pool_alarm_callback+0x160>
10000cb8:	002b      	movs	r3, r5
10000cba:	4333      	orrs	r3, r6
10000cbc:	d002      	beq.n	10000cc4 <alarm_pool_alarm_callback+0xe8>
10000cbe:	6923      	ldr	r3, [r4, #16]
10000cc0:	2b00      	cmp	r3, #0
10000cc2:	d156      	bne.n	10000d72 <alarm_pool_alarm_callback+0x196>
10000cc4:	6823      	ldr	r3, [r4, #0]
10000cc6:	7bd9      	ldrb	r1, [r3, #15]
10000cc8:	2900      	cmp	r1, #0
10000cca:	d005      	beq.n	10000cd8 <alarm_pool_alarm_callback+0xfc>
10000ccc:	681a      	ldr	r2, [r3, #0]
10000cce:	0048      	lsls	r0, r1, #1
10000cd0:	1841      	adds	r1, r0, r1
10000cd2:	1852      	adds	r2, r2, r1
10000cd4:	3a03      	subs	r2, #3
10000cd6:	7057      	strb	r7, [r2, #1]
10000cd8:	7b9a      	ldrb	r2, [r3, #14]
10000cda:	2a00      	cmp	r2, #0
10000cdc:	d100      	bne.n	10000ce0 <alarm_pool_alarm_callback+0x104>
10000cde:	739f      	strb	r7, [r3, #14]
10000ce0:	73df      	strb	r7, [r3, #15]
10000ce2:	68e2      	ldr	r2, [r4, #12]
10000ce4:	3f01      	subs	r7, #1
10000ce6:	5dd3      	ldrb	r3, [r2, r7]
10000ce8:	3301      	adds	r3, #1
10000cea:	55d3      	strb	r3, [r2, r7]
10000cec:	465b      	mov	r3, fp
10000cee:	6123      	str	r3, [r4, #16]
10000cf0:	6863      	ldr	r3, [r4, #4]
10000cf2:	f3bf 8f5f 	dmb	sy
10000cf6:	465a      	mov	r2, fp
10000cf8:	601a      	str	r2, [r3, #0]
10000cfa:	f38a 8810 	msr	PRIMASK, sl
10000cfe:	e77c      	b.n	10000bfa <alarm_pool_alarm_callback+0x1e>
10000d00:	2e00      	cmp	r6, #0
10000d02:	d102      	bne.n	10000d0a <alarm_pool_alarm_callback+0x12e>
10000d04:	2d00      	cmp	r5, #0
10000d06:	d000      	beq.n	10000d0a <alarm_pool_alarm_callback+0x12e>
10000d08:	e79a      	b.n	10000c40 <alarm_pool_alarm_callback+0x64>
10000d0a:	2100      	movs	r1, #0
10000d0c:	4660      	mov	r0, ip
10000d0e:	f000 fc83 	bl	10001618 <ph_remove_head>
10000d12:	464b      	mov	r3, r9
10000d14:	681a      	ldr	r2, [r3, #0]
10000d16:	685b      	ldr	r3, [r3, #4]
10000d18:	9206      	str	r2, [sp, #24]
10000d1a:	9307      	str	r3, [sp, #28]
10000d1c:	464b      	mov	r3, r9
10000d1e:	689b      	ldr	r3, [r3, #8]
10000d20:	4698      	mov	r8, r3
10000d22:	464b      	mov	r3, r9
10000d24:	68db      	ldr	r3, [r3, #12]
10000d26:	4699      	mov	r9, r3
10000d28:	68e3      	ldr	r3, [r4, #12]
10000d2a:	19db      	adds	r3, r3, r7
10000d2c:	3b01      	subs	r3, #1
10000d2e:	781b      	ldrb	r3, [r3, #0]
10000d30:	9308      	str	r3, [sp, #32]
10000d32:	021b      	lsls	r3, r3, #8
10000d34:	4303      	orrs	r3, r0
10000d36:	6123      	str	r3, [r4, #16]
10000d38:	2000      	movs	r0, #0
10000d3a:	e78e      	b.n	10000c5a <alarm_pool_alarm_callback+0x7e>
10000d3c:	6923      	ldr	r3, [r4, #16]
10000d3e:	2b00      	cmp	r3, #0
10000d40:	d0c0      	beq.n	10000cc4 <alarm_pool_alarm_callback+0xe8>
10000d42:	9a06      	ldr	r2, [sp, #24]
10000d44:	9b07      	ldr	r3, [sp, #28]
10000d46:	2180      	movs	r1, #128	@ 0x80
10000d48:	1b52      	subs	r2, r2, r5
10000d4a:	41b3      	sbcs	r3, r6
10000d4c:	0609      	lsls	r1, r1, #24
10000d4e:	428b      	cmp	r3, r1
10000d50:	d302      	bcc.n	10000d58 <alarm_pool_alarm_callback+0x17c>
10000d52:	2201      	movs	r2, #1
10000d54:	4b10      	ldr	r3, [pc, #64]	@ (10000d98 <alarm_pool_alarm_callback+0x1bc>)
10000d56:	4252      	negs	r2, r2
10000d58:	2100      	movs	r1, #0
10000d5a:	9104      	str	r1, [sp, #16]
10000d5c:	3101      	adds	r1, #1
10000d5e:	9103      	str	r1, [sp, #12]
10000d60:	4649      	mov	r1, r9
10000d62:	9101      	str	r1, [sp, #4]
10000d64:	4641      	mov	r1, r8
10000d66:	0020      	movs	r0, r4
10000d68:	9702      	str	r7, [sp, #8]
10000d6a:	9100      	str	r1, [sp, #0]
10000d6c:	f7ff feb6 	bl	10000adc <add_alarm_under_lock.isra.0>
10000d70:	e7bc      	b.n	10000cec <alarm_pool_alarm_callback+0x110>
10000d72:	f000 fa5b 	bl	1000122c <time_us_64>
10000d76:	002a      	movs	r2, r5
10000d78:	0033      	movs	r3, r6
10000d7a:	1812      	adds	r2, r2, r0
10000d7c:	414b      	adcs	r3, r1
10000d7e:	2180      	movs	r1, #128	@ 0x80
10000d80:	0609      	lsls	r1, r1, #24
10000d82:	428b      	cmp	r3, r1
10000d84:	d3e8      	bcc.n	10000d58 <alarm_pool_alarm_callback+0x17c>
10000d86:	2201      	movs	r2, #1
10000d88:	4b03      	ldr	r3, [pc, #12]	@ (10000d98 <alarm_pool_alarm_callback+0x1bc>)
10000d8a:	4252      	negs	r2, r2
10000d8c:	e7e4      	b.n	10000d58 <alarm_pool_alarm_callback+0x17c>
10000d8e:	46c0      	nop			@ (mov r8, r8)
10000d90:	20001c10 	.word	0x20001c10
10000d94:	0fffffff 	.word	0x0fffffff
10000d98:	7fffffff 	.word	0x7fffffff

10000d9c <alarm_pool_init_default>:
10000d9c:	b510      	push	{r4, lr}
10000d9e:	4c14      	ldr	r4, [pc, #80]	@ (10000df0 <alarm_pool_init_default+0x54>)
10000da0:	6863      	ldr	r3, [r4, #4]
10000da2:	2b00      	cmp	r3, #0
10000da4:	d004      	beq.n	10000db0 <alarm_pool_init_default+0x14>
10000da6:	210a      	movs	r1, #10
10000da8:	4812      	ldr	r0, [pc, #72]	@ (10000df4 <alarm_pool_init_default+0x58>)
10000daa:	f7ff fe29 	bl	10000a00 <lock_init>
10000dae:	bd10      	pop	{r4, pc}
10000db0:	0023      	movs	r3, r4
10000db2:	4a11      	ldr	r2, [pc, #68]	@ (10000df8 <alarm_pool_init_default+0x5c>)
10000db4:	2110      	movs	r1, #16
10000db6:	6820      	ldr	r0, [r4, #0]
10000db8:	f000 fb4a 	bl	10001450 <ph_post_alloc_init>
10000dbc:	2003      	movs	r0, #3
10000dbe:	f000 fa29 	bl	10001214 <hardware_alarm_claim>
10000dc2:	2003      	movs	r0, #3
10000dc4:	f000 fafa 	bl	100013bc <hardware_alarm_cancel>
10000dc8:	2003      	movs	r0, #3
10000dca:	490c      	ldr	r1, [pc, #48]	@ (10000dfc <alarm_pool_init_default+0x60>)
10000dcc:	f000 fa48 	bl	10001260 <hardware_alarm_set_callback>
10000dd0:	f7ff fb38 	bl	10000444 <next_striped_spin_lock_num>
10000dd4:	4b0a      	ldr	r3, [pc, #40]	@ (10000e00 <alarm_pool_init_default+0x64>)
10000dd6:	469c      	mov	ip, r3
10000dd8:	2303      	movs	r3, #3
10000dda:	7523      	strb	r3, [r4, #20]
10000ddc:	23d0      	movs	r3, #208	@ 0xd0
10000dde:	061b      	lsls	r3, r3, #24
10000de0:	681b      	ldr	r3, [r3, #0]
10000de2:	4460      	add	r0, ip
10000de4:	7563      	strb	r3, [r4, #21]
10000de6:	4b07      	ldr	r3, [pc, #28]	@ (10000e04 <alarm_pool_init_default+0x68>)
10000de8:	0080      	lsls	r0, r0, #2
10000dea:	6060      	str	r0, [r4, #4]
10000dec:	60dc      	str	r4, [r3, #12]
10000dee:	e7da      	b.n	10000da6 <alarm_pool_init_default+0xa>
10000df0:	20000e34 	.word	0x20000e34
10000df4:	20001c2c 	.word	0x20001c2c
10000df8:	10000a79 	.word	0x10000a79
10000dfc:	10000bdd 	.word	0x10000bdd
10000e00:	34000040 	.word	0x34000040
10000e04:	20001c10 	.word	0x20001c10

10000e08 <alarm_pool_get_default>:
10000e08:	4800      	ldr	r0, [pc, #0]	@ (10000e0c <alarm_pool_get_default+0x4>)
10000e0a:	4770      	bx	lr
10000e0c:	20000e34 	.word	0x20000e34

10000e10 <alarm_pool_add_alarm_at>:
10000e10:	b5f0      	push	{r4, r5, r6, r7, lr}
10000e12:	4657      	mov	r7, sl
10000e14:	464e      	mov	r6, r9
10000e16:	4645      	mov	r5, r8
10000e18:	46de      	mov	lr, fp
10000e1a:	b5e0      	push	{r5, r6, r7, lr}
10000e1c:	b085      	sub	sp, #20
10000e1e:	9301      	str	r3, [sp, #4]
10000e20:	ab10      	add	r3, sp, #64	@ 0x40
10000e22:	781b      	ldrb	r3, [r3, #0]
10000e24:	0006      	movs	r6, r0
10000e26:	9303      	str	r3, [sp, #12]
10000e28:	2300      	movs	r3, #0
10000e2a:	469a      	mov	sl, r3
10000e2c:	4698      	mov	r8, r3
10000e2e:	9200      	str	r2, [sp, #0]
10000e30:	6872      	ldr	r2, [r6, #4]
10000e32:	f3ef 8b10 	mrs	fp, PRIMASK
10000e36:	b672      	cpsid	i
10000e38:	6813      	ldr	r3, [r2, #0]
10000e3a:	2b00      	cmp	r3, #0
10000e3c:	d0fc      	beq.n	10000e38 <alarm_pool_add_alarm_at+0x28>
10000e3e:	f3bf 8f5f 	dmb	sy
10000e42:	6835      	ldr	r5, [r6, #0]
10000e44:	7bac      	ldrb	r4, [r5, #14]
10000e46:	2c00      	cmp	r4, #0
10000e48:	d100      	bne.n	10000e4c <alarm_pool_add_alarm_at+0x3c>
10000e4a:	e06e      	b.n	10000f2a <alarm_pool_add_alarm_at+0x11a>
10000e4c:	0067      	lsls	r7, r4, #1
10000e4e:	682b      	ldr	r3, [r5, #0]
10000e50:	193f      	adds	r7, r7, r4
10000e52:	3f03      	subs	r7, #3
10000e54:	19db      	adds	r3, r3, r7
10000e56:	785a      	ldrb	r2, [r3, #1]
10000e58:	73aa      	strb	r2, [r5, #14]
10000e5a:	2a00      	cmp	r2, #0
10000e5c:	d100      	bne.n	10000e60 <alarm_pool_add_alarm_at+0x50>
10000e5e:	73ea      	strb	r2, [r5, #15]
10000e60:	4a48      	ldr	r2, [pc, #288]	@ (10000f84 <alarm_pool_add_alarm_at+0x174>)
10000e62:	18a1      	adds	r1, r4, r2
10000e64:	68b2      	ldr	r2, [r6, #8]
10000e66:	0109      	lsls	r1, r1, #4
10000e68:	1852      	adds	r2, r2, r1
10000e6a:	9800      	ldr	r0, [sp, #0]
10000e6c:	9901      	ldr	r1, [sp, #4]
10000e6e:	6010      	str	r0, [r2, #0]
10000e70:	6051      	str	r1, [r2, #4]
10000e72:	990e      	ldr	r1, [sp, #56]	@ 0x38
10000e74:	6091      	str	r1, [r2, #8]
10000e76:	990f      	ldr	r1, [sp, #60]	@ 0x3c
10000e78:	60d1      	str	r1, [r2, #12]
10000e7a:	4642      	mov	r2, r8
10000e7c:	709a      	strb	r2, [r3, #2]
10000e7e:	705a      	strb	r2, [r3, #1]
10000e80:	701a      	strb	r2, [r3, #0]
10000e82:	7b6b      	ldrb	r3, [r5, #13]
10000e84:	4699      	mov	r9, r3
10000e86:	2b00      	cmp	r3, #0
10000e88:	d100      	bne.n	10000e8c <alarm_pool_add_alarm_at+0x7c>
10000e8a:	e06b      	b.n	10000f64 <alarm_pool_add_alarm_at+0x154>
10000e8c:	0022      	movs	r2, r4
10000e8e:	686b      	ldr	r3, [r5, #4]
10000e90:	4649      	mov	r1, r9
10000e92:	68a8      	ldr	r0, [r5, #8]
10000e94:	4798      	blx	r3
10000e96:	464b      	mov	r3, r9
10000e98:	005b      	lsls	r3, r3, #1
10000e9a:	444b      	add	r3, r9
10000e9c:	682a      	ldr	r2, [r5, #0]
10000e9e:	3b03      	subs	r3, #3
10000ea0:	2800      	cmp	r0, #0
10000ea2:	d056      	beq.n	10000f52 <alarm_pool_add_alarm_at+0x142>
10000ea4:	4648      	mov	r0, r9
10000ea6:	19d7      	adds	r7, r2, r7
10000ea8:	70b8      	strb	r0, [r7, #2]
10000eaa:	18d1      	adds	r1, r2, r3
10000eac:	5cd3      	ldrb	r3, [r2, r3]
10000eae:	2b00      	cmp	r3, #0
10000eb0:	d000      	beq.n	10000eb4 <alarm_pool_add_alarm_at+0xa4>
10000eb2:	707b      	strb	r3, [r7, #1]
10000eb4:	464b      	mov	r3, r9
10000eb6:	700c      	strb	r4, [r1, #0]
10000eb8:	736b      	strb	r3, [r5, #13]
10000eba:	454c      	cmp	r4, r9
10000ebc:	d053      	beq.n	10000f66 <alarm_pool_add_alarm_at+0x156>
10000ebe:	68f3      	ldr	r3, [r6, #12]
10000ec0:	191b      	adds	r3, r3, r4
10000ec2:	3b01      	subs	r3, #1
10000ec4:	7818      	ldrb	r0, [r3, #0]
10000ec6:	6873      	ldr	r3, [r6, #4]
10000ec8:	f3bf 8f5f 	dmb	sy
10000ecc:	4642      	mov	r2, r8
10000ece:	601a      	str	r2, [r3, #0]
10000ed0:	f38b 8810 	msr	PRIMASK, fp
10000ed4:	4653      	mov	r3, sl
10000ed6:	2b00      	cmp	r3, #0
10000ed8:	d108      	bne.n	10000eec <alarm_pool_add_alarm_at+0xdc>
10000eda:	0200      	lsls	r0, r0, #8
10000edc:	4320      	orrs	r0, r4
10000ede:	b005      	add	sp, #20
10000ee0:	bcf0      	pop	{r4, r5, r6, r7}
10000ee2:	46bb      	mov	fp, r7
10000ee4:	46b2      	mov	sl, r6
10000ee6:	46a9      	mov	r9, r5
10000ee8:	46a0      	mov	r8, r4
10000eea:	bdf0      	pop	{r4, r5, r6, r7, pc}
10000eec:	9b03      	ldr	r3, [sp, #12]
10000eee:	2b00      	cmp	r3, #0
10000ef0:	d046      	beq.n	10000f80 <alarm_pool_add_alarm_at+0x170>
10000ef2:	9b0e      	ldr	r3, [sp, #56]	@ 0x38
10000ef4:	2000      	movs	r0, #0
10000ef6:	990f      	ldr	r1, [sp, #60]	@ 0x3c
10000ef8:	4798      	blx	r3
10000efa:	0003      	movs	r3, r0
10000efc:	430b      	orrs	r3, r1
10000efe:	d03f      	beq.n	10000f80 <alarm_pool_add_alarm_at+0x170>
10000f00:	0004      	movs	r4, r0
10000f02:	1e0d      	subs	r5, r1, #0
10000f04:	da1a      	bge.n	10000f3c <alarm_pool_add_alarm_at+0x12c>
10000f06:	9a00      	ldr	r2, [sp, #0]
10000f08:	9b01      	ldr	r3, [sp, #4]
10000f0a:	1b12      	subs	r2, r2, r4
10000f0c:	41ab      	sbcs	r3, r5
10000f0e:	9200      	str	r2, [sp, #0]
10000f10:	9301      	str	r3, [sp, #4]
10000f12:	2280      	movs	r2, #128	@ 0x80
10000f14:	0612      	lsls	r2, r2, #24
10000f16:	4293      	cmp	r3, r2
10000f18:	d304      	bcc.n	10000f24 <alarm_pool_add_alarm_at+0x114>
10000f1a:	2301      	movs	r3, #1
10000f1c:	4c1a      	ldr	r4, [pc, #104]	@ (10000f88 <alarm_pool_add_alarm_at+0x178>)
10000f1e:	425b      	negs	r3, r3
10000f20:	9300      	str	r3, [sp, #0]
10000f22:	9401      	str	r4, [sp, #4]
10000f24:	9b03      	ldr	r3, [sp, #12]
10000f26:	469a      	mov	sl, r3
10000f28:	e782      	b.n	10000e30 <alarm_pool_add_alarm_at+0x20>
10000f2a:	6873      	ldr	r3, [r6, #4]
10000f2c:	f3bf 8f5f 	dmb	sy
10000f30:	601c      	str	r4, [r3, #0]
10000f32:	f38b 8810 	msr	PRIMASK, fp
10000f36:	2001      	movs	r0, #1
10000f38:	4240      	negs	r0, r0
10000f3a:	e7d0      	b.n	10000ede <alarm_pool_add_alarm_at+0xce>
10000f3c:	f000 f976 	bl	1000122c <time_us_64>
10000f40:	2280      	movs	r2, #128	@ 0x80
10000f42:	1900      	adds	r0, r0, r4
10000f44:	4169      	adcs	r1, r5
10000f46:	0612      	lsls	r2, r2, #24
10000f48:	9000      	str	r0, [sp, #0]
10000f4a:	9101      	str	r1, [sp, #4]
10000f4c:	4291      	cmp	r1, r2
10000f4e:	d3e9      	bcc.n	10000f24 <alarm_pool_add_alarm_at+0x114>
10000f50:	e7e3      	b.n	10000f1a <alarm_pool_add_alarm_at+0x10a>
10000f52:	18d3      	adds	r3, r2, r3
10000f54:	709c      	strb	r4, [r3, #2]
10000f56:	19d1      	adds	r1, r2, r7
10000f58:	5dd2      	ldrb	r2, [r2, r7]
10000f5a:	2a00      	cmp	r2, #0
10000f5c:	d000      	beq.n	10000f60 <alarm_pool_add_alarm_at+0x150>
10000f5e:	705a      	strb	r2, [r3, #1]
10000f60:	464b      	mov	r3, r9
10000f62:	700b      	strb	r3, [r1, #0]
10000f64:	736c      	strb	r4, [r5, #13]
10000f66:	7d30      	ldrb	r0, [r6, #20]
10000f68:	9a00      	ldr	r2, [sp, #0]
10000f6a:	9b01      	ldr	r3, [sp, #4]
10000f6c:	f000 f9be 	bl	100012ec <hardware_alarm_set_target>
10000f70:	4682      	mov	sl, r0
10000f72:	2800      	cmp	r0, #0
10000f74:	d0a3      	beq.n	10000ebe <alarm_pool_add_alarm_at+0xae>
10000f76:	0021      	movs	r1, r4
10000f78:	6830      	ldr	r0, [r6, #0]
10000f7a:	f000 fbcf 	bl	1000171c <ph_remove_and_free_node>
10000f7e:	e79e      	b.n	10000ebe <alarm_pool_add_alarm_at+0xae>
10000f80:	2000      	movs	r0, #0
10000f82:	e7ac      	b.n	10000ede <alarm_pool_add_alarm_at+0xce>
10000f84:	0fffffff 	.word	0x0fffffff
10000f88:	7fffffff 	.word	0x7fffffff

10000f8c <alarm_pool_core_num>:
10000f8c:	7d40      	ldrb	r0, [r0, #21]
10000f8e:	4770      	bx	lr

10000f90 <sleep_until>:
10000f90:	b5f0      	push	{r4, r5, r6, r7, lr}
10000f92:	0004      	movs	r4, r0
10000f94:	000d      	movs	r5, r1
10000f96:	2606      	movs	r6, #6
10000f98:	4276      	negs	r6, r6
10000f9a:	17f7      	asrs	r7, r6, #31
10000f9c:	46c6      	mov	lr, r8
10000f9e:	1936      	adds	r6, r6, r4
10000fa0:	416f      	adcs	r7, r5
10000fa2:	b500      	push	{lr}
10000fa4:	b084      	sub	sp, #16
10000fa6:	428f      	cmp	r7, r1
10000fa8:	d814      	bhi.n	10000fd4 <sleep_until+0x44>
10000faa:	d011      	beq.n	10000fd0 <sleep_until+0x40>
10000fac:	f000 f93e 	bl	1000122c <time_us_64>
10000fb0:	0032      	movs	r2, r6
10000fb2:	003b      	movs	r3, r7
10000fb4:	1a12      	subs	r2, r2, r0
10000fb6:	418b      	sbcs	r3, r1
10000fb8:	2b00      	cmp	r3, #0
10000fba:	dc15      	bgt.n	10000fe8 <sleep_until+0x58>
10000fbc:	2b00      	cmp	r3, #0
10000fbe:	d03e      	beq.n	1000103e <sleep_until+0xae>
10000fc0:	0020      	movs	r0, r4
10000fc2:	0029      	movs	r1, r5
10000fc4:	f000 f93c 	bl	10001240 <busy_wait_until>
10000fc8:	b004      	add	sp, #16
10000fca:	bc80      	pop	{r7}
10000fcc:	46b8      	mov	r8, r7
10000fce:	bdf0      	pop	{r4, r5, r6, r7, pc}
10000fd0:	4286      	cmp	r6, r0
10000fd2:	d9eb      	bls.n	10000fac <sleep_until+0x1c>
10000fd4:	2600      	movs	r6, #0
10000fd6:	2700      	movs	r7, #0
10000fd8:	f000 f928 	bl	1000122c <time_us_64>
10000fdc:	0032      	movs	r2, r6
10000fde:	003b      	movs	r3, r7
10000fe0:	1a12      	subs	r2, r2, r0
10000fe2:	418b      	sbcs	r3, r1
10000fe4:	2b00      	cmp	r3, #0
10000fe6:	dde9      	ble.n	10000fbc <sleep_until+0x2c>
10000fe8:	2300      	movs	r3, #0
10000fea:	9302      	str	r3, [sp, #8]
10000fec:	9301      	str	r3, [sp, #4]
10000fee:	4b15      	ldr	r3, [pc, #84]	@ (10001044 <sleep_until+0xb4>)
10000ff0:	0032      	movs	r2, r6
10000ff2:	9300      	str	r3, [sp, #0]
10000ff4:	4814      	ldr	r0, [pc, #80]	@ (10001048 <sleep_until+0xb8>)
10000ff6:	003b      	movs	r3, r7
10000ff8:	f7ff ff0a 	bl	10000e10 <alarm_pool_add_alarm_at>
10000ffc:	2800      	cmp	r0, #0
10000ffe:	dbdf      	blt.n	10000fc0 <sleep_until+0x30>
10001000:	2300      	movs	r3, #0
10001002:	4698      	mov	r8, r3
10001004:	46bc      	mov	ip, r7
10001006:	4a11      	ldr	r2, [pc, #68]	@ (1000104c <sleep_until+0xbc>)
10001008:	4f11      	ldr	r7, [pc, #68]	@ (10001050 <sleep_until+0xc0>)
1000100a:	6a7b      	ldr	r3, [r7, #36]	@ 0x24
1000100c:	459c      	cmp	ip, r3
1000100e:	d804      	bhi.n	1000101a <sleep_until+0x8a>
10001010:	6ab9      	ldr	r1, [r7, #40]	@ 0x28
10001012:	428e      	cmp	r6, r1
10001014:	d9d4      	bls.n	10000fc0 <sleep_until+0x30>
10001016:	459c      	cmp	ip, r3
10001018:	d1d2      	bne.n	10000fc0 <sleep_until+0x30>
1000101a:	6811      	ldr	r1, [r2, #0]
1000101c:	f3ef 8010 	mrs	r0, PRIMASK
10001020:	b672      	cpsid	i
10001022:	680b      	ldr	r3, [r1, #0]
10001024:	2b00      	cmp	r3, #0
10001026:	d0fc      	beq.n	10001022 <sleep_until+0x92>
10001028:	f3bf 8f5f 	dmb	sy
1000102c:	6813      	ldr	r3, [r2, #0]
1000102e:	f3bf 8f5f 	dmb	sy
10001032:	4641      	mov	r1, r8
10001034:	6019      	str	r1, [r3, #0]
10001036:	f380 8810 	msr	PRIMASK, r0
1000103a:	bf20      	wfe
1000103c:	e7e5      	b.n	1000100a <sleep_until+0x7a>
1000103e:	2a00      	cmp	r2, #0
10001040:	d0be      	beq.n	10000fc0 <sleep_until+0x30>
10001042:	e7d1      	b.n	10000fe8 <sleep_until+0x58>
10001044:	10000aad 	.word	0x10000aad
10001048:	20000e34 	.word	0x20000e34
1000104c:	20001c2c 	.word	0x20001c2c
10001050:	40054000 	.word	0x40054000

10001054 <sleep_ms>:
10001054:	b570      	push	{r4, r5, r6, lr}
10001056:	0006      	movs	r6, r0
10001058:	f000 f8e8 	bl	1000122c <time_us_64>
1000105c:	22fa      	movs	r2, #250	@ 0xfa
1000105e:	0004      	movs	r4, r0
10001060:	000d      	movs	r5, r1
10001062:	2300      	movs	r3, #0
10001064:	0030      	movs	r0, r6
10001066:	2100      	movs	r1, #0
10001068:	0092      	lsls	r2, r2, #2
1000106a:	f003 f877 	bl	1000415c <__wrap___aeabi_lmul>
1000106e:	2380      	movs	r3, #128	@ 0x80
10001070:	1900      	adds	r0, r0, r4
10001072:	4169      	adcs	r1, r5
10001074:	061b      	lsls	r3, r3, #24
10001076:	4299      	cmp	r1, r3
10001078:	d302      	bcc.n	10001080 <sleep_ms+0x2c>
1000107a:	2001      	movs	r0, #1
1000107c:	4902      	ldr	r1, [pc, #8]	@ (10001088 <sleep_ms+0x34>)
1000107e:	4240      	negs	r0, r0
10001080:	f7ff ff86 	bl	10000f90 <sleep_until>
10001084:	bd70      	pop	{r4, r5, r6, pc}
10001086:	46c0      	nop			@ (mov r8, r8)
10001088:	7fffffff 	.word	0x7fffffff

1000108c <best_effort_wfe_or_timeout>:
1000108c:	b5f0      	push	{r4, r5, r6, r7, lr}
1000108e:	f3ef 8305 	mrs	r3, IPSR
10001092:	46ce      	mov	lr, r9
10001094:	4647      	mov	r7, r8
10001096:	b580      	push	{r7, lr}
10001098:	0005      	movs	r5, r0
1000109a:	000c      	movs	r4, r1
1000109c:	b085      	sub	sp, #20
1000109e:	2b00      	cmp	r3, #0
100010a0:	d012      	beq.n	100010c8 <best_effort_wfe_or_timeout+0x3c>
100010a2:	4a2a      	ldr	r2, [pc, #168]	@ (1000114c <best_effort_wfe_or_timeout+0xc0>)
100010a4:	2000      	movs	r0, #0
100010a6:	6a53      	ldr	r3, [r2, #36]	@ 0x24
100010a8:	42a3      	cmp	r3, r4
100010aa:	d303      	bcc.n	100010b4 <best_effort_wfe_or_timeout+0x28>
100010ac:	6a92      	ldr	r2, [r2, #40]	@ 0x28
100010ae:	3001      	adds	r0, #1
100010b0:	42aa      	cmp	r2, r5
100010b2:	d304      	bcc.n	100010be <best_effort_wfe_or_timeout+0x32>
100010b4:	b005      	add	sp, #20
100010b6:	bcc0      	pop	{r6, r7}
100010b8:	46b9      	mov	r9, r7
100010ba:	46b0      	mov	r8, r6
100010bc:	bdf0      	pop	{r4, r5, r6, r7, pc}
100010be:	1b1b      	subs	r3, r3, r4
100010c0:	1e5a      	subs	r2, r3, #1
100010c2:	4193      	sbcs	r3, r2
100010c4:	b2d8      	uxtb	r0, r3
100010c6:	e7f5      	b.n	100010b4 <best_effort_wfe_or_timeout+0x28>
100010c8:	4e21      	ldr	r6, [pc, #132]	@ (10001150 <best_effort_wfe_or_timeout+0xc4>)
100010ca:	9302      	str	r3, [sp, #8]
100010cc:	9301      	str	r3, [sp, #4]
100010ce:	4b21      	ldr	r3, [pc, #132]	@ (10001154 <best_effort_wfe_or_timeout+0xc8>)
100010d0:	0002      	movs	r2, r0
100010d2:	9300      	str	r3, [sp, #0]
100010d4:	0030      	movs	r0, r6
100010d6:	000b      	movs	r3, r1
100010d8:	f7ff fe9a 	bl	10000e10 <alarm_pool_add_alarm_at>
100010dc:	1e03      	subs	r3, r0, #0
100010de:	dde0      	ble.n	100010a2 <best_effort_wfe_or_timeout+0x16>
100010e0:	bf20      	wfe
100010e2:	6871      	ldr	r1, [r6, #4]
100010e4:	f3ef 8710 	mrs	r7, PRIMASK
100010e8:	b672      	cpsid	i
100010ea:	680a      	ldr	r2, [r1, #0]
100010ec:	2a00      	cmp	r2, #0
100010ee:	d0fc      	beq.n	100010ea <best_effort_wfe_or_timeout+0x5e>
100010f0:	f3bf 8f5f 	dmb	sy
100010f4:	b2da      	uxtb	r2, r3
100010f6:	4694      	mov	ip, r2
100010f8:	22ff      	movs	r2, #255	@ 0xff
100010fa:	6830      	ldr	r0, [r6, #0]
100010fc:	401a      	ands	r2, r3
100010fe:	7b41      	ldrb	r1, [r0, #13]
10001100:	4561      	cmp	r1, ip
10001102:	d00f      	beq.n	10001124 <best_effort_wfe_or_timeout+0x98>
10001104:	6801      	ldr	r1, [r0, #0]
10001106:	4689      	mov	r9, r1
10001108:	0051      	lsls	r1, r2, #1
1000110a:	4688      	mov	r8, r1
1000110c:	4649      	mov	r1, r9
1000110e:	4490      	add	r8, r2
10001110:	4441      	add	r1, r8
10001112:	3903      	subs	r1, #3
10001114:	7889      	ldrb	r1, [r1, #2]
10001116:	2900      	cmp	r1, #0
10001118:	d104      	bne.n	10001124 <best_effort_wfe_or_timeout+0x98>
1000111a:	6932      	ldr	r2, [r6, #16]
1000111c:	4293      	cmp	r3, r2
1000111e:	d109      	bne.n	10001134 <best_effort_wfe_or_timeout+0xa8>
10001120:	6131      	str	r1, [r6, #16]
10001122:	e007      	b.n	10001134 <best_effort_wfe_or_timeout+0xa8>
10001124:	68f1      	ldr	r1, [r6, #12]
10001126:	0a1b      	lsrs	r3, r3, #8
10001128:	188a      	adds	r2, r1, r2
1000112a:	3a01      	subs	r2, #1
1000112c:	7812      	ldrb	r2, [r2, #0]
1000112e:	b2db      	uxtb	r3, r3
10001130:	429a      	cmp	r2, r3
10001132:	d007      	beq.n	10001144 <best_effort_wfe_or_timeout+0xb8>
10001134:	6873      	ldr	r3, [r6, #4]
10001136:	f3bf 8f5f 	dmb	sy
1000113a:	2200      	movs	r2, #0
1000113c:	601a      	str	r2, [r3, #0]
1000113e:	f387 8810 	msr	PRIMASK, r7
10001142:	e7ae      	b.n	100010a2 <best_effort_wfe_or_timeout+0x16>
10001144:	4661      	mov	r1, ip
10001146:	f000 fae9 	bl	1000171c <ph_remove_and_free_node>
1000114a:	e7f3      	b.n	10001134 <best_effort_wfe_or_timeout+0xa8>
1000114c:	40054000 	.word	0x40054000
10001150:	20000e34 	.word	0x20000e34
10001154:	10000aad 	.word	0x10000aad

10001158 <hardware_alarm_irq_handler>:
10001158:	b5f0      	push	{r4, r5, r6, r7, lr}
1000115a:	f3ef 8205 	mrs	r2, IPSR
1000115e:	46d6      	mov	lr, sl
10001160:	464f      	mov	r7, r9
10001162:	4646      	mov	r6, r8
10001164:	0010      	movs	r0, r2
10001166:	b5c0      	push	{r6, r7, lr}
10001168:	3810      	subs	r0, #16
1000116a:	f3ef 8810 	mrs	r8, PRIMASK
1000116e:	b672      	cpsid	i
10001170:	4c21      	ldr	r4, [pc, #132]	@ (100011f8 <hardware_alarm_irq_handler+0xa0>)
10001172:	6823      	ldr	r3, [r4, #0]
10001174:	2b00      	cmp	r3, #0
10001176:	d0fc      	beq.n	10001172 <hardware_alarm_irq_handler+0x1a>
10001178:	f3bf 8f5f 	dmb	sy
1000117c:	2301      	movs	r3, #1
1000117e:	0019      	movs	r1, r3
10001180:	4081      	lsls	r1, r0
10001182:	4d1e      	ldr	r5, [pc, #120]	@ (100011fc <hardware_alarm_irq_handler+0xa4>)
10001184:	001f      	movs	r7, r3
10001186:	6369      	str	r1, [r5, #52]	@ 0x34
10001188:	46aa      	mov	sl, r5
1000118a:	4d1d      	ldr	r5, [pc, #116]	@ (10001200 <hardware_alarm_irq_handler+0xa8>)
1000118c:	6029      	str	r1, [r5, #0]
1000118e:	4d1d      	ldr	r5, [pc, #116]	@ (10001204 <hardware_alarm_irq_handler+0xac>)
10001190:	782e      	ldrb	r6, [r5, #0]
10001192:	46ac      	mov	ip, r5
10001194:	0035      	movs	r5, r6
10001196:	40c5      	lsrs	r5, r0
10001198:	402f      	ands	r7, r5
1000119a:	422b      	tst	r3, r5
1000119c:	d015      	beq.n	100011ca <hardware_alarm_irq_handler+0x72>
1000119e:	4653      	mov	r3, sl
100011a0:	6a5f      	ldr	r7, [r3, #36]	@ 0x24
100011a2:	4b19      	ldr	r3, [pc, #100]	@ (10001208 <hardware_alarm_irq_handler+0xb0>)
100011a4:	0085      	lsls	r5, r0, #2
100011a6:	58eb      	ldr	r3, [r5, r3]
100011a8:	429f      	cmp	r7, r3
100011aa:	d318      	bcc.n	100011de <hardware_alarm_irq_handler+0x86>
100011ac:	4662      	mov	r2, ip
100011ae:	4b17      	ldr	r3, [pc, #92]	@ (1000120c <hardware_alarm_irq_handler+0xb4>)
100011b0:	438e      	bics	r6, r1
100011b2:	58eb      	ldr	r3, [r5, r3]
100011b4:	7016      	strb	r6, [r2, #0]
100011b6:	f3bf 8f5f 	dmb	sy
100011ba:	2200      	movs	r2, #0
100011bc:	6022      	str	r2, [r4, #0]
100011be:	f388 8810 	msr	PRIMASK, r8
100011c2:	2b00      	cmp	r3, #0
100011c4:	d006      	beq.n	100011d4 <hardware_alarm_irq_handler+0x7c>
100011c6:	4798      	blx	r3
100011c8:	e004      	b.n	100011d4 <hardware_alarm_irq_handler+0x7c>
100011ca:	f3bf 8f5f 	dmb	sy
100011ce:	6027      	str	r7, [r4, #0]
100011d0:	f388 8810 	msr	PRIMASK, r8
100011d4:	bce0      	pop	{r5, r6, r7}
100011d6:	46ba      	mov	sl, r7
100011d8:	46b1      	mov	r9, r6
100011da:	46a8      	mov	r8, r5
100011dc:	bdf0      	pop	{r4, r5, r6, r7, pc}
100011de:	4b0c      	ldr	r3, [pc, #48]	@ (10001210 <hardware_alarm_irq_handler+0xb8>)
100011e0:	0092      	lsls	r2, r2, #2
100011e2:	469c      	mov	ip, r3
100011e4:	4462      	add	r2, ip
100011e6:	6813      	ldr	r3, [r2, #0]
100011e8:	6013      	str	r3, [r2, #0]
100011ea:	f3bf 8f5f 	dmb	sy
100011ee:	2300      	movs	r3, #0
100011f0:	6023      	str	r3, [r4, #0]
100011f2:	f388 8810 	msr	PRIMASK, r8
100011f6:	e7ed      	b.n	100011d4 <hardware_alarm_irq_handler+0x7c>
100011f8:	d0000128 	.word	0xd0000128
100011fc:	40054000 	.word	0x40054000
10001200:	4005703c 	.word	0x4005703c
10001204:	20001c61 	.word	0x20001c61
10001208:	20001c38 	.word	0x20001c38
1000120c:	20001654 	.word	0x20001654
10001210:	40053fd0 	.word	0x40053fd0

10001214 <hardware_alarm_claim>:
10001214:	b510      	push	{r4, lr}
10001216:	4b03      	ldr	r3, [pc, #12]	@ (10001224 <hardware_alarm_claim+0x10>)
10001218:	0001      	movs	r1, r0
1000121a:	0018      	movs	r0, r3
1000121c:	4a02      	ldr	r2, [pc, #8]	@ (10001228 <hardware_alarm_claim+0x14>)
1000121e:	f7ff f893 	bl	10000348 <hw_claim_or_assert>
10001222:	bd10      	pop	{r4, pc}
10001224:	20001c5c 	.word	0x20001c5c
10001228:	100069ec 	.word	0x100069ec

1000122c <time_us_64>:
1000122c:	4b03      	ldr	r3, [pc, #12]	@ (1000123c <time_us_64+0x10>)
1000122e:	6a59      	ldr	r1, [r3, #36]	@ 0x24
10001230:	000a      	movs	r2, r1
10001232:	6a98      	ldr	r0, [r3, #40]	@ 0x28
10001234:	6a59      	ldr	r1, [r3, #36]	@ 0x24
10001236:	428a      	cmp	r2, r1
10001238:	d1fa      	bne.n	10001230 <time_us_64+0x4>
1000123a:	4770      	bx	lr
1000123c:	40054000 	.word	0x40054000

10001240 <busy_wait_until>:
10001240:	4a06      	ldr	r2, [pc, #24]	@ (1000125c <busy_wait_until+0x1c>)
10001242:	6a53      	ldr	r3, [r2, #36]	@ 0x24
10001244:	4299      	cmp	r1, r3
10001246:	d8fc      	bhi.n	10001242 <busy_wait_until+0x2>
10001248:	d107      	bne.n	1000125a <busy_wait_until+0x1a>
1000124a:	4b04      	ldr	r3, [pc, #16]	@ (1000125c <busy_wait_until+0x1c>)
1000124c:	e002      	b.n	10001254 <busy_wait_until+0x14>
1000124e:	6a5a      	ldr	r2, [r3, #36]	@ 0x24
10001250:	4291      	cmp	r1, r2
10001252:	d102      	bne.n	1000125a <busy_wait_until+0x1a>
10001254:	6a9a      	ldr	r2, [r3, #40]	@ 0x28
10001256:	4282      	cmp	r2, r0
10001258:	d3f9      	bcc.n	1000124e <busy_wait_until+0xe>
1000125a:	4770      	bx	lr
1000125c:	40054000 	.word	0x40054000

10001260 <hardware_alarm_set_callback>:
10001260:	b570      	push	{r4, r5, r6, lr}
10001262:	0004      	movs	r4, r0
10001264:	000d      	movs	r5, r1
10001266:	f3ef 8610 	mrs	r6, PRIMASK
1000126a:	b672      	cpsid	i
1000126c:	4a1a      	ldr	r2, [pc, #104]	@ (100012d8 <hardware_alarm_set_callback+0x78>)
1000126e:	6813      	ldr	r3, [r2, #0]
10001270:	2b00      	cmp	r3, #0
10001272:	d0fc      	beq.n	1000126e <hardware_alarm_set_callback+0xe>
10001274:	f3bf 8f5f 	dmb	sy
10001278:	2d00      	cmp	r5, #0
1000127a:	d01b      	beq.n	100012b4 <hardware_alarm_set_callback+0x54>
1000127c:	0020      	movs	r0, r4
1000127e:	f7ff f92f 	bl	100004e0 <irq_get_vtable_handler>
10001282:	4916      	ldr	r1, [pc, #88]	@ (100012dc <hardware_alarm_set_callback+0x7c>)
10001284:	4281      	cmp	r1, r0
10001286:	d00a      	beq.n	1000129e <hardware_alarm_set_callback+0x3e>
10001288:	0020      	movs	r0, r4
1000128a:	f7ff f931 	bl	100004f0 <irq_set_exclusive_handler>
1000128e:	2101      	movs	r1, #1
10001290:	0020      	movs	r0, r4
10001292:	f7ff f8f5 	bl	10000480 <irq_set_enabled>
10001296:	2301      	movs	r3, #1
10001298:	40a3      	lsls	r3, r4
1000129a:	4a11      	ldr	r2, [pc, #68]	@ (100012e0 <hardware_alarm_set_callback+0x80>)
1000129c:	6013      	str	r3, [r2, #0]
1000129e:	4b11      	ldr	r3, [pc, #68]	@ (100012e4 <hardware_alarm_set_callback+0x84>)
100012a0:	00a4      	lsls	r4, r4, #2
100012a2:	50e5      	str	r5, [r4, r3]
100012a4:	f3bf 8f5f 	dmb	sy
100012a8:	2200      	movs	r2, #0
100012aa:	4b0b      	ldr	r3, [pc, #44]	@ (100012d8 <hardware_alarm_set_callback+0x78>)
100012ac:	601a      	str	r2, [r3, #0]
100012ae:	f386 8810 	msr	PRIMASK, r6
100012b2:	bd70      	pop	{r4, r5, r6, pc}
100012b4:	2101      	movs	r1, #1
100012b6:	40a1      	lsls	r1, r4
100012b8:	4b0a      	ldr	r3, [pc, #40]	@ (100012e4 <hardware_alarm_set_callback+0x84>)
100012ba:	00a2      	lsls	r2, r4, #2
100012bc:	50d5      	str	r5, [r2, r3]
100012be:	4b0a      	ldr	r3, [pc, #40]	@ (100012e8 <hardware_alarm_set_callback+0x88>)
100012c0:	0020      	movs	r0, r4
100012c2:	781a      	ldrb	r2, [r3, #0]
100012c4:	438a      	bics	r2, r1
100012c6:	4905      	ldr	r1, [pc, #20]	@ (100012dc <hardware_alarm_set_callback+0x7c>)
100012c8:	701a      	strb	r2, [r3, #0]
100012ca:	f7ff fa35 	bl	10000738 <irq_remove_handler>
100012ce:	2100      	movs	r1, #0
100012d0:	0020      	movs	r0, r4
100012d2:	f7ff f8d5 	bl	10000480 <irq_set_enabled>
100012d6:	e7e5      	b.n	100012a4 <hardware_alarm_set_callback+0x44>
100012d8:	d0000128 	.word	0xd0000128
100012dc:	10001159 	.word	0x10001159
100012e0:	40056038 	.word	0x40056038
100012e4:	20001654 	.word	0x20001654
100012e8:	20001c61 	.word	0x20001c61

100012ec <hardware_alarm_set_target>:
100012ec:	b5f0      	push	{r4, r5, r6, r7, lr}
100012ee:	464f      	mov	r7, r9
100012f0:	46d6      	mov	lr, sl
100012f2:	4646      	mov	r6, r8
100012f4:	b5c0      	push	{r6, r7, lr}
100012f6:	0007      	movs	r7, r0
100012f8:	4c2b      	ldr	r4, [pc, #172]	@ (100013a8 <hardware_alarm_set_target+0xbc>)
100012fa:	6a61      	ldr	r1, [r4, #36]	@ 0x24
100012fc:	000d      	movs	r5, r1
100012fe:	6aa6      	ldr	r6, [r4, #40]	@ 0x28
10001300:	6a61      	ldr	r1, [r4, #36]	@ 0x24
10001302:	42a9      	cmp	r1, r5
10001304:	d1fa      	bne.n	100012fc <hardware_alarm_set_target+0x10>
10001306:	428b      	cmp	r3, r1
10001308:	d808      	bhi.n	1000131c <hardware_alarm_set_target+0x30>
1000130a:	d005      	beq.n	10001318 <hardware_alarm_set_target+0x2c>
1000130c:	2001      	movs	r0, #1
1000130e:	bce0      	pop	{r5, r6, r7}
10001310:	46ba      	mov	sl, r7
10001312:	46b1      	mov	r9, r6
10001314:	46a8      	mov	r8, r5
10001316:	bdf0      	pop	{r4, r5, r6, r7, pc}
10001318:	42b2      	cmp	r2, r6
1000131a:	d9f7      	bls.n	1000130c <hardware_alarm_set_target+0x20>
1000131c:	f3ef 8a10 	mrs	sl, PRIMASK
10001320:	b672      	cpsid	i
10001322:	4822      	ldr	r0, [pc, #136]	@ (100013ac <hardware_alarm_set_target+0xc0>)
10001324:	6801      	ldr	r1, [r0, #0]
10001326:	2900      	cmp	r1, #0
10001328:	d0fc      	beq.n	10001324 <hardware_alarm_set_target+0x38>
1000132a:	f3bf 8f5f 	dmb	sy
1000132e:	2501      	movs	r5, #1
10001330:	40bd      	lsls	r5, r7
10001332:	491f      	ldr	r1, [pc, #124]	@ (100013b0 <hardware_alarm_set_target+0xc4>)
10001334:	4c1c      	ldr	r4, [pc, #112]	@ (100013a8 <hardware_alarm_set_target+0xbc>)
10001336:	4688      	mov	r8, r1
10001338:	7809      	ldrb	r1, [r1, #0]
1000133a:	4689      	mov	r9, r1
1000133c:	4329      	orrs	r1, r5
1000133e:	b2c9      	uxtb	r1, r1
10001340:	468c      	mov	ip, r1
10001342:	4641      	mov	r1, r8
10001344:	4660      	mov	r0, ip
10001346:	7008      	strb	r0, [r1, #0]
10001348:	1d39      	adds	r1, r7, #4
1000134a:	0089      	lsls	r1, r1, #2
1000134c:	6365      	str	r5, [r4, #52]	@ 0x34
1000134e:	510a      	str	r2, [r1, r4]
10001350:	4918      	ldr	r1, [pc, #96]	@ (100013b4 <hardware_alarm_set_target+0xc8>)
10001352:	00b8      	lsls	r0, r7, #2
10001354:	5043      	str	r3, [r0, r1]
10001356:	6a21      	ldr	r1, [r4, #32]
10001358:	2000      	movs	r0, #0
1000135a:	4229      	tst	r1, r5
1000135c:	d019      	beq.n	10001392 <hardware_alarm_set_target+0xa6>
1000135e:	6a61      	ldr	r1, [r4, #36]	@ 0x24
10001360:	0008      	movs	r0, r1
10001362:	6aa6      	ldr	r6, [r4, #40]	@ 0x28
10001364:	6a61      	ldr	r1, [r4, #36]	@ 0x24
10001366:	4281      	cmp	r1, r0
10001368:	d1fa      	bne.n	10001360 <hardware_alarm_set_target+0x74>
1000136a:	428b      	cmp	r3, r1
1000136c:	d819      	bhi.n	100013a2 <hardware_alarm_set_target+0xb6>
1000136e:	d101      	bne.n	10001374 <hardware_alarm_set_target+0x88>
10001370:	42b2      	cmp	r2, r6
10001372:	d816      	bhi.n	100013a2 <hardware_alarm_set_target+0xb6>
10001374:	45cc      	cmp	ip, r9
10001376:	d00b      	beq.n	10001390 <hardware_alarm_set_target+0xa4>
10001378:	4b0b      	ldr	r3, [pc, #44]	@ (100013a8 <hardware_alarm_set_target+0xbc>)
1000137a:	221f      	movs	r2, #31
1000137c:	621d      	str	r5, [r3, #32]
1000137e:	635d      	str	r5, [r3, #52]	@ 0x34
10001380:	2301      	movs	r3, #1
10001382:	403a      	ands	r2, r7
10001384:	4093      	lsls	r3, r2
10001386:	4a0c      	ldr	r2, [pc, #48]	@ (100013b8 <hardware_alarm_set_target+0xcc>)
10001388:	6013      	str	r3, [r2, #0]
1000138a:	4643      	mov	r3, r8
1000138c:	464a      	mov	r2, r9
1000138e:	701a      	strb	r2, [r3, #0]
10001390:	2001      	movs	r0, #1
10001392:	f3bf 8f5f 	dmb	sy
10001396:	2200      	movs	r2, #0
10001398:	4b04      	ldr	r3, [pc, #16]	@ (100013ac <hardware_alarm_set_target+0xc0>)
1000139a:	601a      	str	r2, [r3, #0]
1000139c:	f38a 8810 	msr	PRIMASK, sl
100013a0:	e7b5      	b.n	1000130e <hardware_alarm_set_target+0x22>
100013a2:	2000      	movs	r0, #0
100013a4:	e7f5      	b.n	10001392 <hardware_alarm_set_target+0xa6>
100013a6:	46c0      	nop			@ (mov r8, r8)
100013a8:	40054000 	.word	0x40054000
100013ac:	d0000128 	.word	0xd0000128
100013b0:	20001c61 	.word	0x20001c61
100013b4:	20001c38 	.word	0x20001c38
100013b8:	e000e280 	.word	0xe000e280

100013bc <hardware_alarm_cancel>:
100013bc:	f3ef 8c10 	mrs	ip, PRIMASK
100013c0:	b672      	cpsid	i
100013c2:	490a      	ldr	r1, [pc, #40]	@ (100013ec <hardware_alarm_cancel+0x30>)
100013c4:	680b      	ldr	r3, [r1, #0]
100013c6:	2b00      	cmp	r3, #0
100013c8:	d0fc      	beq.n	100013c4 <hardware_alarm_cancel+0x8>
100013ca:	f3bf 8f5f 	dmb	sy
100013ce:	2301      	movs	r3, #1
100013d0:	4083      	lsls	r3, r0
100013d2:	4a07      	ldr	r2, [pc, #28]	@ (100013f0 <hardware_alarm_cancel+0x34>)
100013d4:	4807      	ldr	r0, [pc, #28]	@ (100013f4 <hardware_alarm_cancel+0x38>)
100013d6:	6213      	str	r3, [r2, #32]
100013d8:	7802      	ldrb	r2, [r0, #0]
100013da:	439a      	bics	r2, r3
100013dc:	7002      	strb	r2, [r0, #0]
100013de:	f3bf 8f5f 	dmb	sy
100013e2:	2300      	movs	r3, #0
100013e4:	600b      	str	r3, [r1, #0]
100013e6:	f38c 8810 	msr	PRIMASK, ip
100013ea:	4770      	bx	lr
100013ec:	d0000128 	.word	0xd0000128
100013f0:	40054000 	.word	0x40054000
100013f4:	20001c61 	.word	0x20001c61

100013f8 <ph_merge_nodes>:
100013f8:	b570      	push	{r4, r5, r6, lr}
100013fa:	0006      	movs	r6, r0
100013fc:	000d      	movs	r5, r1
100013fe:	0014      	movs	r4, r2
10001400:	2900      	cmp	r1, #0
10001402:	d01d      	beq.n	10001440 <ph_merge_nodes+0x48>
10001404:	2a00      	cmp	r2, #0
10001406:	d012      	beq.n	1000142e <ph_merge_nodes+0x36>
10001408:	6873      	ldr	r3, [r6, #4]
1000140a:	6880      	ldr	r0, [r0, #8]
1000140c:	4798      	blx	r3
1000140e:	0062      	lsls	r2, r4, #1
10001410:	006b      	lsls	r3, r5, #1
10001412:	1912      	adds	r2, r2, r4
10001414:	195b      	adds	r3, r3, r5
10001416:	6831      	ldr	r1, [r6, #0]
10001418:	3a03      	subs	r2, #3
1000141a:	3b03      	subs	r3, #3
1000141c:	2800      	cmp	r0, #0
1000141e:	d008      	beq.n	10001432 <ph_merge_nodes+0x3a>
10001420:	188a      	adds	r2, r1, r2
10001422:	7095      	strb	r5, [r2, #2]
10001424:	18c8      	adds	r0, r1, r3
10001426:	5ccb      	ldrb	r3, [r1, r3]
10001428:	2b00      	cmp	r3, #0
1000142a:	d10b      	bne.n	10001444 <ph_merge_nodes+0x4c>
1000142c:	7004      	strb	r4, [r0, #0]
1000142e:	0028      	movs	r0, r5
10001430:	bd70      	pop	{r4, r5, r6, pc}
10001432:	18cb      	adds	r3, r1, r3
10001434:	709c      	strb	r4, [r3, #2]
10001436:	1888      	adds	r0, r1, r2
10001438:	5c8a      	ldrb	r2, [r1, r2]
1000143a:	2a00      	cmp	r2, #0
1000143c:	d105      	bne.n	1000144a <ph_merge_nodes+0x52>
1000143e:	7005      	strb	r5, [r0, #0]
10001440:	0020      	movs	r0, r4
10001442:	e7f5      	b.n	10001430 <ph_merge_nodes+0x38>
10001444:	7053      	strb	r3, [r2, #1]
10001446:	7004      	strb	r4, [r0, #0]
10001448:	e7f1      	b.n	1000142e <ph_merge_nodes+0x36>
1000144a:	705a      	strb	r2, [r3, #1]
1000144c:	7005      	strb	r5, [r0, #0]
1000144e:	e7f7      	b.n	10001440 <ph_merge_nodes+0x48>

10001450 <ph_post_alloc_init>:
10001450:	b510      	push	{r4, lr}
10001452:	6083      	str	r3, [r0, #8]
10001454:	2300      	movs	r3, #0
10001456:	b2cc      	uxtb	r4, r1
10001458:	7343      	strb	r3, [r0, #13]
1000145a:	3301      	adds	r3, #1
1000145c:	6042      	str	r2, [r0, #4]
1000145e:	7304      	strb	r4, [r0, #12]
10001460:	7383      	strb	r3, [r0, #14]
10001462:	73c4      	strb	r4, [r0, #15]
10001464:	6800      	ldr	r0, [r0, #0]
10001466:	1c42      	adds	r2, r0, #1
10001468:	2c01      	cmp	r4, #1
1000146a:	d905      	bls.n	10001478 <ph_post_alloc_init+0x28>
1000146c:	3301      	adds	r3, #1
1000146e:	b2db      	uxtb	r3, r3
10001470:	7013      	strb	r3, [r2, #0]
10001472:	3203      	adds	r2, #3
10001474:	429c      	cmp	r4, r3
10001476:	d1f9      	bne.n	1000146c <ph_post_alloc_init+0x1c>
10001478:	23ff      	movs	r3, #255	@ 0xff
1000147a:	400b      	ands	r3, r1
1000147c:	005a      	lsls	r2, r3, #1
1000147e:	18d3      	adds	r3, r2, r3
10001480:	18c0      	adds	r0, r0, r3
10001482:	2300      	movs	r3, #0
10001484:	3803      	subs	r0, #3
10001486:	7043      	strb	r3, [r0, #1]
10001488:	bd10      	pop	{r4, pc}
1000148a:	46c0      	nop			@ (mov r8, r8)

1000148c <ph_merge_two_pass>:
1000148c:	b570      	push	{r4, r5, r6, lr}
1000148e:	0005      	movs	r5, r0
10001490:	1e0c      	subs	r4, r1, #0
10001492:	d007      	beq.n	100014a4 <ph_merge_two_pass+0x18>
10001494:	0063      	lsls	r3, r4, #1
10001496:	6801      	ldr	r1, [r0, #0]
10001498:	191b      	adds	r3, r3, r4
1000149a:	3b03      	subs	r3, #3
1000149c:	18cb      	adds	r3, r1, r3
1000149e:	785a      	ldrb	r2, [r3, #1]
100014a0:	2a00      	cmp	r2, #0
100014a2:	d101      	bne.n	100014a8 <ph_merge_two_pass+0x1c>
100014a4:	0020      	movs	r0, r4
100014a6:	bd70      	pop	{r4, r5, r6, pc}
100014a8:	0050      	lsls	r0, r2, #1
100014aa:	1880      	adds	r0, r0, r2
100014ac:	3803      	subs	r0, #3
100014ae:	1809      	adds	r1, r1, r0
100014b0:	2000      	movs	r0, #0
100014b2:	784e      	ldrb	r6, [r1, #1]
100014b4:	7048      	strb	r0, [r1, #1]
100014b6:	0021      	movs	r1, r4
100014b8:	7058      	strb	r0, [r3, #1]
100014ba:	0028      	movs	r0, r5
100014bc:	f7ff ff9c 	bl	100013f8 <ph_merge_nodes>
100014c0:	0031      	movs	r1, r6
100014c2:	0004      	movs	r4, r0
100014c4:	0028      	movs	r0, r5
100014c6:	f7ff ffe1 	bl	1000148c <ph_merge_two_pass>
100014ca:	0006      	movs	r6, r0
100014cc:	2c00      	cmp	r4, #0
100014ce:	d020      	beq.n	10001512 <ph_merge_two_pass+0x86>
100014d0:	2800      	cmp	r0, #0
100014d2:	d0e7      	beq.n	100014a4 <ph_merge_two_pass+0x18>
100014d4:	0032      	movs	r2, r6
100014d6:	0021      	movs	r1, r4
100014d8:	686b      	ldr	r3, [r5, #4]
100014da:	68a8      	ldr	r0, [r5, #8]
100014dc:	4798      	blx	r3
100014de:	0072      	lsls	r2, r6, #1
100014e0:	0063      	lsls	r3, r4, #1
100014e2:	1992      	adds	r2, r2, r6
100014e4:	191b      	adds	r3, r3, r4
100014e6:	6829      	ldr	r1, [r5, #0]
100014e8:	3a03      	subs	r2, #3
100014ea:	3b03      	subs	r3, #3
100014ec:	2800      	cmp	r0, #0
100014ee:	d008      	beq.n	10001502 <ph_merge_two_pass+0x76>
100014f0:	188a      	adds	r2, r1, r2
100014f2:	7094      	strb	r4, [r2, #2]
100014f4:	18c8      	adds	r0, r1, r3
100014f6:	5ccb      	ldrb	r3, [r1, r3]
100014f8:	2b00      	cmp	r3, #0
100014fa:	d000      	beq.n	100014fe <ph_merge_two_pass+0x72>
100014fc:	7053      	strb	r3, [r2, #1]
100014fe:	7006      	strb	r6, [r0, #0]
10001500:	e7d0      	b.n	100014a4 <ph_merge_two_pass+0x18>
10001502:	18cb      	adds	r3, r1, r3
10001504:	709e      	strb	r6, [r3, #2]
10001506:	1888      	adds	r0, r1, r2
10001508:	5c8a      	ldrb	r2, [r1, r2]
1000150a:	2a00      	cmp	r2, #0
1000150c:	d000      	beq.n	10001510 <ph_merge_two_pass+0x84>
1000150e:	705a      	strb	r2, [r3, #1]
10001510:	7004      	strb	r4, [r0, #0]
10001512:	0034      	movs	r4, r6
10001514:	e7c6      	b.n	100014a4 <ph_merge_two_pass+0x18>
10001516:	46c0      	nop			@ (mov r8, r8)

10001518 <ph_remove_any_head>:
10001518:	b5f0      	push	{r4, r5, r6, r7, lr}
1000151a:	4657      	mov	r7, sl
1000151c:	4645      	mov	r5, r8
1000151e:	46de      	mov	lr, fp
10001520:	464e      	mov	r6, r9
10001522:	b5e0      	push	{r5, r6, r7, lr}
10001524:	000d      	movs	r5, r1
10001526:	006f      	lsls	r7, r5, #1
10001528:	6801      	ldr	r1, [r0, #0]
1000152a:	197f      	adds	r7, r7, r5
1000152c:	3f03      	subs	r7, #3
1000152e:	0004      	movs	r4, r0
10001530:	5dc8      	ldrb	r0, [r1, r7]
10001532:	b083      	sub	sp, #12
10001534:	9201      	str	r2, [sp, #4]
10001536:	19ca      	adds	r2, r1, r7
10001538:	2800      	cmp	r0, #0
1000153a:	d050      	beq.n	100015de <ph_remove_any_head+0xc6>
1000153c:	0043      	lsls	r3, r0, #1
1000153e:	181b      	adds	r3, r3, r0
10001540:	3b03      	subs	r3, #3
10001542:	18cb      	adds	r3, r1, r3
10001544:	785e      	ldrb	r6, [r3, #1]
10001546:	46b4      	mov	ip, r6
10001548:	2e00      	cmp	r6, #0
1000154a:	d11a      	bne.n	10001582 <ph_remove_any_head+0x6a>
1000154c:	9e01      	ldr	r6, [sp, #4]
1000154e:	2e00      	cmp	r6, #0
10001550:	d042      	beq.n	100015d8 <ph_remove_any_head+0xc0>
10001552:	7be6      	ldrb	r6, [r4, #15]
10001554:	2e00      	cmp	r6, #0
10001556:	d004      	beq.n	10001562 <ph_remove_any_head+0x4a>
10001558:	0073      	lsls	r3, r6, #1
1000155a:	199b      	adds	r3, r3, r6
1000155c:	18cb      	adds	r3, r1, r3
1000155e:	3b03      	subs	r3, #3
10001560:	705d      	strb	r5, [r3, #1]
10001562:	7ba3      	ldrb	r3, [r4, #14]
10001564:	2b00      	cmp	r3, #0
10001566:	d100      	bne.n	1000156a <ph_remove_any_head+0x52>
10001568:	73a5      	strb	r5, [r4, #14]
1000156a:	73e5      	strb	r5, [r4, #15]
1000156c:	2800      	cmp	r0, #0
1000156e:	d12f      	bne.n	100015d0 <ph_remove_any_head+0xb8>
10001570:	2300      	movs	r3, #0
10001572:	7053      	strb	r3, [r2, #1]
10001574:	b003      	add	sp, #12
10001576:	bcf0      	pop	{r4, r5, r6, r7}
10001578:	46bb      	mov	fp, r7
1000157a:	46b2      	mov	sl, r6
1000157c:	46a9      	mov	r9, r5
1000157e:	46a0      	mov	r8, r4
10001580:	bdf0      	pop	{r4, r5, r6, r7, pc}
10001582:	0072      	lsls	r2, r6, #1
10001584:	4462      	add	r2, ip
10001586:	3a03      	subs	r2, #3
10001588:	188a      	adds	r2, r1, r2
1000158a:	7851      	ldrb	r1, [r2, #1]
1000158c:	4688      	mov	r8, r1
1000158e:	2100      	movs	r1, #0
10001590:	7051      	strb	r1, [r2, #1]
10001592:	4689      	mov	r9, r1
10001594:	7059      	strb	r1, [r3, #1]
10001596:	0032      	movs	r2, r6
10001598:	0001      	movs	r1, r0
1000159a:	0020      	movs	r0, r4
1000159c:	f7ff ff2c 	bl	100013f8 <ph_merge_nodes>
100015a0:	4643      	mov	r3, r8
100015a2:	4682      	mov	sl, r0
100015a4:	2b00      	cmp	r3, #0
100015a6:	d007      	beq.n	100015b8 <ph_remove_any_head+0xa0>
100015a8:	005b      	lsls	r3, r3, #1
100015aa:	6821      	ldr	r1, [r4, #0]
100015ac:	4443      	add	r3, r8
100015ae:	3b03      	subs	r3, #3
100015b0:	18cb      	adds	r3, r1, r3
100015b2:	785a      	ldrb	r2, [r3, #1]
100015b4:	2a00      	cmp	r2, #0
100015b6:	d116      	bne.n	100015e6 <ph_remove_any_head+0xce>
100015b8:	4642      	mov	r2, r8
100015ba:	4651      	mov	r1, sl
100015bc:	0020      	movs	r0, r4
100015be:	f7ff ff1b 	bl	100013f8 <ph_merge_nodes>
100015c2:	6821      	ldr	r1, [r4, #0]
100015c4:	9b01      	ldr	r3, [sp, #4]
100015c6:	19ca      	adds	r2, r1, r7
100015c8:	2b00      	cmp	r3, #0
100015ca:	d1c2      	bne.n	10001552 <ph_remove_any_head+0x3a>
100015cc:	2800      	cmp	r0, #0
100015ce:	d0cf      	beq.n	10001570 <ph_remove_any_head+0x58>
100015d0:	0043      	lsls	r3, r0, #1
100015d2:	181b      	adds	r3, r3, r0
100015d4:	3b03      	subs	r3, #3
100015d6:	18cb      	adds	r3, r1, r3
100015d8:	2100      	movs	r1, #0
100015da:	7099      	strb	r1, [r3, #2]
100015dc:	e7c8      	b.n	10001570 <ph_remove_any_head+0x58>
100015de:	9b01      	ldr	r3, [sp, #4]
100015e0:	2b00      	cmp	r3, #0
100015e2:	d1b6      	bne.n	10001552 <ph_remove_any_head+0x3a>
100015e4:	e7c4      	b.n	10001570 <ph_remove_any_head+0x58>
100015e6:	0050      	lsls	r0, r2, #1
100015e8:	1880      	adds	r0, r0, r2
100015ea:	3803      	subs	r0, #3
100015ec:	1809      	adds	r1, r1, r0
100015ee:	7848      	ldrb	r0, [r1, #1]
100015f0:	4683      	mov	fp, r0
100015f2:	4648      	mov	r0, r9
100015f4:	7048      	strb	r0, [r1, #1]
100015f6:	7058      	strb	r0, [r3, #1]
100015f8:	4641      	mov	r1, r8
100015fa:	0020      	movs	r0, r4
100015fc:	f7ff fefc 	bl	100013f8 <ph_merge_nodes>
10001600:	4659      	mov	r1, fp
10001602:	4680      	mov	r8, r0
10001604:	0020      	movs	r0, r4
10001606:	f7ff ff41 	bl	1000148c <ph_merge_two_pass>
1000160a:	4641      	mov	r1, r8
1000160c:	0002      	movs	r2, r0
1000160e:	0020      	movs	r0, r4
10001610:	f7ff fef2 	bl	100013f8 <ph_merge_nodes>
10001614:	4680      	mov	r8, r0
10001616:	e7cf      	b.n	100015b8 <ph_remove_any_head+0xa0>

10001618 <ph_remove_head>:
10001618:	b5f0      	push	{r4, r5, r6, r7, lr}
1000161a:	4657      	mov	r7, sl
1000161c:	4645      	mov	r5, r8
1000161e:	46de      	mov	lr, fp
10001620:	464e      	mov	r6, r9
10001622:	b5e0      	push	{r5, r6, r7, lr}
10001624:	b083      	sub	sp, #12
10001626:	9101      	str	r1, [sp, #4]
10001628:	7b45      	ldrb	r5, [r0, #13]
1000162a:	0004      	movs	r4, r0
1000162c:	006f      	lsls	r7, r5, #1
1000162e:	6800      	ldr	r0, [r0, #0]
10001630:	197f      	adds	r7, r7, r5
10001632:	3f03      	subs	r7, #3
10001634:	5dc1      	ldrb	r1, [r0, r7]
10001636:	19c2      	adds	r2, r0, r7
10001638:	2900      	cmp	r1, #0
1000163a:	d052      	beq.n	100016e2 <ph_remove_head+0xca>
1000163c:	004b      	lsls	r3, r1, #1
1000163e:	185b      	adds	r3, r3, r1
10001640:	3b03      	subs	r3, #3
10001642:	18c3      	adds	r3, r0, r3
10001644:	785e      	ldrb	r6, [r3, #1]
10001646:	46b4      	mov	ip, r6
10001648:	2e00      	cmp	r6, #0
1000164a:	d11c      	bne.n	10001686 <ph_remove_head+0x6e>
1000164c:	9e01      	ldr	r6, [sp, #4]
1000164e:	2e00      	cmp	r6, #0
10001650:	d044      	beq.n	100016dc <ph_remove_head+0xc4>
10001652:	7be6      	ldrb	r6, [r4, #15]
10001654:	2e00      	cmp	r6, #0
10001656:	d004      	beq.n	10001662 <ph_remove_head+0x4a>
10001658:	0073      	lsls	r3, r6, #1
1000165a:	199b      	adds	r3, r3, r6
1000165c:	18c3      	adds	r3, r0, r3
1000165e:	3b03      	subs	r3, #3
10001660:	705d      	strb	r5, [r3, #1]
10001662:	7ba3      	ldrb	r3, [r4, #14]
10001664:	2b00      	cmp	r3, #0
10001666:	d100      	bne.n	1000166a <ph_remove_head+0x52>
10001668:	73a5      	strb	r5, [r4, #14]
1000166a:	73e5      	strb	r5, [r4, #15]
1000166c:	2900      	cmp	r1, #0
1000166e:	d131      	bne.n	100016d4 <ph_remove_head+0xbc>
10001670:	2300      	movs	r3, #0
10001672:	0028      	movs	r0, r5
10001674:	7053      	strb	r3, [r2, #1]
10001676:	7361      	strb	r1, [r4, #13]
10001678:	b003      	add	sp, #12
1000167a:	bcf0      	pop	{r4, r5, r6, r7}
1000167c:	46bb      	mov	fp, r7
1000167e:	46b2      	mov	sl, r6
10001680:	46a9      	mov	r9, r5
10001682:	46a0      	mov	r8, r4
10001684:	bdf0      	pop	{r4, r5, r6, r7, pc}
10001686:	0072      	lsls	r2, r6, #1
10001688:	4462      	add	r2, ip
1000168a:	3a03      	subs	r2, #3
1000168c:	1882      	adds	r2, r0, r2
1000168e:	7850      	ldrb	r0, [r2, #1]
10001690:	4680      	mov	r8, r0
10001692:	2000      	movs	r0, #0
10001694:	7050      	strb	r0, [r2, #1]
10001696:	4681      	mov	r9, r0
10001698:	7058      	strb	r0, [r3, #1]
1000169a:	0032      	movs	r2, r6
1000169c:	0020      	movs	r0, r4
1000169e:	f7ff feab 	bl	100013f8 <ph_merge_nodes>
100016a2:	4643      	mov	r3, r8
100016a4:	4682      	mov	sl, r0
100016a6:	2b00      	cmp	r3, #0
100016a8:	d007      	beq.n	100016ba <ph_remove_head+0xa2>
100016aa:	005b      	lsls	r3, r3, #1
100016ac:	6821      	ldr	r1, [r4, #0]
100016ae:	4443      	add	r3, r8
100016b0:	3b03      	subs	r3, #3
100016b2:	18cb      	adds	r3, r1, r3
100016b4:	785a      	ldrb	r2, [r3, #1]
100016b6:	2a00      	cmp	r2, #0
100016b8:	d117      	bne.n	100016ea <ph_remove_head+0xd2>
100016ba:	4642      	mov	r2, r8
100016bc:	4651      	mov	r1, sl
100016be:	0020      	movs	r0, r4
100016c0:	f7ff fe9a 	bl	100013f8 <ph_merge_nodes>
100016c4:	9b01      	ldr	r3, [sp, #4]
100016c6:	0001      	movs	r1, r0
100016c8:	6820      	ldr	r0, [r4, #0]
100016ca:	19c2      	adds	r2, r0, r7
100016cc:	2b00      	cmp	r3, #0
100016ce:	d1c0      	bne.n	10001652 <ph_remove_head+0x3a>
100016d0:	2900      	cmp	r1, #0
100016d2:	d0cd      	beq.n	10001670 <ph_remove_head+0x58>
100016d4:	004b      	lsls	r3, r1, #1
100016d6:	185b      	adds	r3, r3, r1
100016d8:	3b03      	subs	r3, #3
100016da:	18c3      	adds	r3, r0, r3
100016dc:	2000      	movs	r0, #0
100016de:	7098      	strb	r0, [r3, #2]
100016e0:	e7c6      	b.n	10001670 <ph_remove_head+0x58>
100016e2:	9b01      	ldr	r3, [sp, #4]
100016e4:	2b00      	cmp	r3, #0
100016e6:	d1b4      	bne.n	10001652 <ph_remove_head+0x3a>
100016e8:	e7c2      	b.n	10001670 <ph_remove_head+0x58>
100016ea:	0050      	lsls	r0, r2, #1
100016ec:	1880      	adds	r0, r0, r2
100016ee:	3803      	subs	r0, #3
100016f0:	1809      	adds	r1, r1, r0
100016f2:	7848      	ldrb	r0, [r1, #1]
100016f4:	4683      	mov	fp, r0
100016f6:	4648      	mov	r0, r9
100016f8:	7048      	strb	r0, [r1, #1]
100016fa:	7058      	strb	r0, [r3, #1]
100016fc:	4641      	mov	r1, r8
100016fe:	0020      	movs	r0, r4
10001700:	f7ff fe7a 	bl	100013f8 <ph_merge_nodes>
10001704:	4659      	mov	r1, fp
10001706:	4680      	mov	r8, r0
10001708:	0020      	movs	r0, r4
1000170a:	f7ff febf 	bl	1000148c <ph_merge_two_pass>
1000170e:	4641      	mov	r1, r8
10001710:	0002      	movs	r2, r0
10001712:	0020      	movs	r0, r4
10001714:	f7ff fe70 	bl	100013f8 <ph_merge_nodes>
10001718:	4680      	mov	r8, r0
1000171a:	e7ce      	b.n	100016ba <ph_remove_head+0xa2>

1000171c <ph_remove_and_free_node>:
1000171c:	b570      	push	{r4, r5, r6, lr}
1000171e:	0005      	movs	r5, r0
10001720:	2900      	cmp	r1, #0
10001722:	d02c      	beq.n	1000177e <ph_remove_and_free_node+0x62>
10001724:	7b43      	ldrb	r3, [r0, #13]
10001726:	428b      	cmp	r3, r1
10001728:	d02e      	beq.n	10001788 <ph_remove_and_free_node+0x6c>
1000172a:	004c      	lsls	r4, r1, #1
1000172c:	6800      	ldr	r0, [r0, #0]
1000172e:	1864      	adds	r4, r4, r1
10001730:	3c03      	subs	r4, #3
10001732:	1904      	adds	r4, r0, r4
10001734:	78a2      	ldrb	r2, [r4, #2]
10001736:	2a00      	cmp	r2, #0
10001738:	d021      	beq.n	1000177e <ph_remove_and_free_node+0x62>
1000173a:	0053      	lsls	r3, r2, #1
1000173c:	189b      	adds	r3, r3, r2
1000173e:	3b03      	subs	r3, #3
10001740:	5cc2      	ldrb	r2, [r0, r3]
10001742:	18c6      	adds	r6, r0, r3
10001744:	428a      	cmp	r2, r1
10001746:	d102      	bne.n	1000174e <ph_remove_and_free_node+0x32>
10001748:	e01b      	b.n	10001782 <ph_remove_and_free_node+0x66>
1000174a:	2a00      	cmp	r2, #0
1000174c:	d008      	beq.n	10001760 <ph_remove_and_free_node+0x44>
1000174e:	0053      	lsls	r3, r2, #1
10001750:	189b      	adds	r3, r3, r2
10001752:	3b03      	subs	r3, #3
10001754:	18c3      	adds	r3, r0, r3
10001756:	785a      	ldrb	r2, [r3, #1]
10001758:	428a      	cmp	r2, r1
1000175a:	d1f6      	bne.n	1000174a <ph_remove_and_free_node+0x2e>
1000175c:	7862      	ldrb	r2, [r4, #1]
1000175e:	705a      	strb	r2, [r3, #1]
10001760:	2300      	movs	r3, #0
10001762:	2201      	movs	r2, #1
10001764:	0028      	movs	r0, r5
10001766:	70a3      	strb	r3, [r4, #2]
10001768:	7063      	strb	r3, [r4, #1]
1000176a:	f7ff fed5 	bl	10001518 <ph_remove_any_head>
1000176e:	7b69      	ldrb	r1, [r5, #13]
10001770:	0002      	movs	r2, r0
10001772:	0028      	movs	r0, r5
10001774:	f7ff fe40 	bl	100013f8 <ph_merge_nodes>
10001778:	7368      	strb	r0, [r5, #13]
1000177a:	2001      	movs	r0, #1
1000177c:	e000      	b.n	10001780 <ph_remove_and_free_node+0x64>
1000177e:	2000      	movs	r0, #0
10001780:	bd70      	pop	{r4, r5, r6, pc}
10001782:	7863      	ldrb	r3, [r4, #1]
10001784:	7033      	strb	r3, [r6, #0]
10001786:	e7eb      	b.n	10001760 <ph_remove_and_free_node+0x44>
10001788:	2201      	movs	r2, #1
1000178a:	0019      	movs	r1, r3
1000178c:	f7ff fec4 	bl	10001518 <ph_remove_any_head>
10001790:	e7f2      	b.n	10001778 <ph_remove_and_free_node+0x5c>
10001792:	46c0      	nop			@ (mov r8, r8)

10001794 <clocks_init>:
10001794:	b510      	push	{r4, lr}
10001796:	200c      	movs	r0, #12
10001798:	b082      	sub	sp, #8
1000179a:	f000 f9b1 	bl	10001b00 <watchdog_start_tick>
1000179e:	f7fe fdcb 	bl	10000338 <running_on_fpga>
100017a2:	2800      	cmp	r0, #0
100017a4:	d010      	beq.n	100017c8 <clocks_init+0x34>
100017a6:	4b8b      	ldr	r3, [pc, #556]	@ (100019d4 <clocks_init+0x240>)
100017a8:	488b      	ldr	r0, [pc, #556]	@ (100019d8 <clocks_init+0x244>)
100017aa:	498b      	ldr	r1, [pc, #556]	@ (100019d8 <clocks_init+0x244>)
100017ac:	4a8b      	ldr	r2, [pc, #556]	@ (100019dc <clocks_init+0x248>)
100017ae:	6018      	str	r0, [r3, #0]
100017b0:	6059      	str	r1, [r3, #4]
100017b2:	6098      	str	r0, [r3, #8]
100017b4:	60d9      	str	r1, [r3, #12]
100017b6:	6118      	str	r0, [r3, #16]
100017b8:	6159      	str	r1, [r3, #20]
100017ba:	6198      	str	r0, [r3, #24]
100017bc:	61d9      	str	r1, [r3, #28]
100017be:	6218      	str	r0, [r3, #32]
100017c0:	6259      	str	r1, [r3, #36]	@ 0x24
100017c2:	625a      	str	r2, [r3, #36]	@ 0x24
100017c4:	b002      	add	sp, #8
100017c6:	bd10      	pop	{r4, pc}
100017c8:	4c85      	ldr	r4, [pc, #532]	@ (100019e0 <clocks_init+0x24c>)
100017ca:	67a0      	str	r0, [r4, #120]	@ 0x78
100017cc:	f000 f9ee 	bl	10001bac <xosc_init>
100017d0:	2201      	movs	r2, #1
100017d2:	4b84      	ldr	r3, [pc, #528]	@ (100019e4 <clocks_init+0x250>)
100017d4:	601a      	str	r2, [r3, #0]
100017d6:	6c63      	ldr	r3, [r4, #68]	@ 0x44
100017d8:	2b01      	cmp	r3, #1
100017da:	d1fc      	bne.n	100017d6 <clocks_init+0x42>
100017dc:	2203      	movs	r2, #3
100017de:	4b82      	ldr	r3, [pc, #520]	@ (100019e8 <clocks_init+0x254>)
100017e0:	601a      	str	r2, [r3, #0]
100017e2:	4a7f      	ldr	r2, [pc, #508]	@ (100019e0 <clocks_init+0x24c>)
100017e4:	6b93      	ldr	r3, [r2, #56]	@ 0x38
100017e6:	2b01      	cmp	r3, #1
100017e8:	d1fc      	bne.n	100017e4 <clocks_init+0x50>
100017ea:	3301      	adds	r3, #1
100017ec:	2101      	movs	r1, #1
100017ee:	4a7f      	ldr	r2, [pc, #508]	@ (100019ec <clocks_init+0x258>)
100017f0:	487f      	ldr	r0, [pc, #508]	@ (100019f0 <clocks_init+0x25c>)
100017f2:	9300      	str	r3, [sp, #0]
100017f4:	3304      	adds	r3, #4
100017f6:	f000 f931 	bl	10001a5c <pll_init>
100017fa:	2305      	movs	r3, #5
100017fc:	4a7d      	ldr	r2, [pc, #500]	@ (100019f4 <clocks_init+0x260>)
100017fe:	9300      	str	r3, [sp, #0]
10001800:	2101      	movs	r1, #1
10001802:	487d      	ldr	r0, [pc, #500]	@ (100019f8 <clocks_init+0x264>)
10001804:	f000 f92a 	bl	10001a5c <pll_init>
10001808:	4b7c      	ldr	r3, [pc, #496]	@ (100019fc <clocks_init+0x268>)
1000180a:	685a      	ldr	r2, [r3, #4]
1000180c:	2aff      	cmp	r2, #255	@ 0xff
1000180e:	d802      	bhi.n	10001816 <clocks_init+0x82>
10001810:	2280      	movs	r2, #128	@ 0x80
10001812:	0052      	lsls	r2, r2, #1
10001814:	605a      	str	r2, [r3, #4]
10001816:	2280      	movs	r2, #128	@ 0x80
10001818:	4b73      	ldr	r3, [pc, #460]	@ (100019e8 <clocks_init+0x254>)
1000181a:	4c6e      	ldr	r4, [pc, #440]	@ (100019d4 <clocks_init+0x240>)
1000181c:	0112      	lsls	r2, r2, #4
1000181e:	601a      	str	r2, [r3, #0]
10001820:	6921      	ldr	r1, [r4, #16]
10001822:	2900      	cmp	r1, #0
10001824:	d007      	beq.n	10001836 <clocks_init+0xa2>
10001826:	6960      	ldr	r0, [r4, #20]
10001828:	f001 fe80 	bl	1000352c <__wrap___aeabi_uidiv>
1000182c:	3001      	adds	r0, #1
1000182e:	0043      	lsls	r3, r0, #1
10001830:	181b      	adds	r3, r3, r0
10001832:	3b03      	subs	r3, #3
10001834:	d2fd      	bcs.n	10001832 <clocks_init+0x9e>
10001836:	22e0      	movs	r2, #224	@ 0xe0
10001838:	4b70      	ldr	r3, [pc, #448]	@ (100019fc <clocks_init+0x268>)
1000183a:	4871      	ldr	r0, [pc, #452]	@ (10001a00 <clocks_init+0x26c>)
1000183c:	6819      	ldr	r1, [r3, #0]
1000183e:	400a      	ands	r2, r1
10001840:	6002      	str	r2, [r0, #0]
10001842:	2202      	movs	r2, #2
10001844:	6819      	ldr	r1, [r3, #0]
10001846:	4051      	eors	r1, r2
10001848:	3201      	adds	r2, #1
1000184a:	400a      	ands	r2, r1
1000184c:	2104      	movs	r1, #4
1000184e:	6002      	str	r2, [r0, #0]
10001850:	689a      	ldr	r2, [r3, #8]
10001852:	4211      	tst	r1, r2
10001854:	d0fc      	beq.n	10001850 <clocks_init+0xbc>
10001856:	2180      	movs	r1, #128	@ 0x80
10001858:	4a6a      	ldr	r2, [pc, #424]	@ (10001a04 <clocks_init+0x270>)
1000185a:	0109      	lsls	r1, r1, #4
1000185c:	6011      	str	r1, [r2, #0]
1000185e:	2280      	movs	r2, #128	@ 0x80
10001860:	0052      	lsls	r2, r2, #1
10001862:	605a      	str	r2, [r3, #4]
10001864:	4b68      	ldr	r3, [pc, #416]	@ (10001a08 <clocks_init+0x274>)
10001866:	6123      	str	r3, [r4, #16]
10001868:	4b68      	ldr	r3, [pc, #416]	@ (10001a0c <clocks_init+0x278>)
1000186a:	6859      	ldr	r1, [r3, #4]
1000186c:	29ff      	cmp	r1, #255	@ 0xff
1000186e:	d800      	bhi.n	10001872 <clocks_init+0xde>
10001870:	605a      	str	r2, [r3, #4]
10001872:	2203      	movs	r2, #3
10001874:	2101      	movs	r1, #1
10001876:	4b5b      	ldr	r3, [pc, #364]	@ (100019e4 <clocks_init+0x250>)
10001878:	601a      	str	r2, [r3, #0]
1000187a:	4a64      	ldr	r2, [pc, #400]	@ (10001a0c <clocks_init+0x278>)
1000187c:	6893      	ldr	r3, [r2, #8]
1000187e:	4219      	tst	r1, r3
10001880:	d0fc      	beq.n	1000187c <clocks_init+0xe8>
10001882:	23e0      	movs	r3, #224	@ 0xe0
10001884:	6810      	ldr	r0, [r2, #0]
10001886:	4003      	ands	r3, r0
10001888:	4861      	ldr	r0, [pc, #388]	@ (10001a10 <clocks_init+0x27c>)
1000188a:	6003      	str	r3, [r0, #0]
1000188c:	6812      	ldr	r2, [r2, #0]
1000188e:	2303      	movs	r3, #3
10001890:	404a      	eors	r2, r1
10001892:	2102      	movs	r1, #2
10001894:	4013      	ands	r3, r2
10001896:	4a5d      	ldr	r2, [pc, #372]	@ (10001a0c <clocks_init+0x278>)
10001898:	6003      	str	r3, [r0, #0]
1000189a:	6893      	ldr	r3, [r2, #8]
1000189c:	4219      	tst	r1, r3
1000189e:	d0fc      	beq.n	1000189a <clocks_init+0x106>
100018a0:	2180      	movs	r1, #128	@ 0x80
100018a2:	4b5c      	ldr	r3, [pc, #368]	@ (10001a14 <clocks_init+0x280>)
100018a4:	0109      	lsls	r1, r1, #4
100018a6:	6019      	str	r1, [r3, #0]
100018a8:	2180      	movs	r1, #128	@ 0x80
100018aa:	4b5b      	ldr	r3, [pc, #364]	@ (10001a18 <clocks_init+0x284>)
100018ac:	0049      	lsls	r1, r1, #1
100018ae:	6051      	str	r1, [r2, #4]
100018b0:	6163      	str	r3, [r4, #20]
100018b2:	4b5a      	ldr	r3, [pc, #360]	@ (10001a1c <clocks_init+0x288>)
100018b4:	685a      	ldr	r2, [r3, #4]
100018b6:	2aff      	cmp	r2, #255	@ 0xff
100018b8:	d800      	bhi.n	100018bc <clocks_init+0x128>
100018ba:	6059      	str	r1, [r3, #4]
100018bc:	2280      	movs	r2, #128	@ 0x80
100018be:	4b58      	ldr	r3, [pc, #352]	@ (10001a20 <clocks_init+0x28c>)
100018c0:	0112      	lsls	r2, r2, #4
100018c2:	601a      	str	r2, [r3, #0]
100018c4:	69e1      	ldr	r1, [r4, #28]
100018c6:	2900      	cmp	r1, #0
100018c8:	d007      	beq.n	100018da <clocks_init+0x146>
100018ca:	6960      	ldr	r0, [r4, #20]
100018cc:	f001 fe2e 	bl	1000352c <__wrap___aeabi_uidiv>
100018d0:	3001      	adds	r0, #1
100018d2:	0043      	lsls	r3, r0, #1
100018d4:	181b      	adds	r3, r3, r0
100018d6:	3b03      	subs	r3, #3
100018d8:	d2fd      	bcs.n	100018d6 <clocks_init+0x142>
100018da:	23e0      	movs	r3, #224	@ 0xe0
100018dc:	4a4f      	ldr	r2, [pc, #316]	@ (10001a1c <clocks_init+0x288>)
100018de:	6811      	ldr	r1, [r2, #0]
100018e0:	400b      	ands	r3, r1
100018e2:	4950      	ldr	r1, [pc, #320]	@ (10001a24 <clocks_init+0x290>)
100018e4:	600b      	str	r3, [r1, #0]
100018e6:	2180      	movs	r1, #128	@ 0x80
100018e8:	4b4f      	ldr	r3, [pc, #316]	@ (10001a28 <clocks_init+0x294>)
100018ea:	0109      	lsls	r1, r1, #4
100018ec:	6019      	str	r1, [r3, #0]
100018ee:	2180      	movs	r1, #128	@ 0x80
100018f0:	4b39      	ldr	r3, [pc, #228]	@ (100019d8 <clocks_init+0x244>)
100018f2:	0049      	lsls	r1, r1, #1
100018f4:	6051      	str	r1, [r2, #4]
100018f6:	61e3      	str	r3, [r4, #28]
100018f8:	4b4c      	ldr	r3, [pc, #304]	@ (10001a2c <clocks_init+0x298>)
100018fa:	685a      	ldr	r2, [r3, #4]
100018fc:	2aff      	cmp	r2, #255	@ 0xff
100018fe:	d800      	bhi.n	10001902 <clocks_init+0x16e>
10001900:	6059      	str	r1, [r3, #4]
10001902:	2280      	movs	r2, #128	@ 0x80
10001904:	4b4a      	ldr	r3, [pc, #296]	@ (10001a30 <clocks_init+0x29c>)
10001906:	0112      	lsls	r2, r2, #4
10001908:	601a      	str	r2, [r3, #0]
1000190a:	6a21      	ldr	r1, [r4, #32]
1000190c:	2900      	cmp	r1, #0
1000190e:	d007      	beq.n	10001920 <clocks_init+0x18c>
10001910:	6960      	ldr	r0, [r4, #20]
10001912:	f001 fe0b 	bl	1000352c <__wrap___aeabi_uidiv>
10001916:	3001      	adds	r0, #1
10001918:	0043      	lsls	r3, r0, #1
1000191a:	181b      	adds	r3, r3, r0
1000191c:	3b03      	subs	r3, #3
1000191e:	d2fd      	bcs.n	1000191c <clocks_init+0x188>
10001920:	23e0      	movs	r3, #224	@ 0xe0
10001922:	4a42      	ldr	r2, [pc, #264]	@ (10001a2c <clocks_init+0x298>)
10001924:	6811      	ldr	r1, [r2, #0]
10001926:	400b      	ands	r3, r1
10001928:	4942      	ldr	r1, [pc, #264]	@ (10001a34 <clocks_init+0x2a0>)
1000192a:	600b      	str	r3, [r1, #0]
1000192c:	2180      	movs	r1, #128	@ 0x80
1000192e:	4b42      	ldr	r3, [pc, #264]	@ (10001a38 <clocks_init+0x2a4>)
10001930:	0109      	lsls	r1, r1, #4
10001932:	6019      	str	r1, [r3, #0]
10001934:	2380      	movs	r3, #128	@ 0x80
10001936:	005b      	lsls	r3, r3, #1
10001938:	6053      	str	r3, [r2, #4]
1000193a:	2280      	movs	r2, #128	@ 0x80
1000193c:	4b26      	ldr	r3, [pc, #152]	@ (100019d8 <clocks_init+0x244>)
1000193e:	02d2      	lsls	r2, r2, #11
10001940:	6223      	str	r3, [r4, #32]
10001942:	4b3e      	ldr	r3, [pc, #248]	@ (10001a3c <clocks_init+0x2a8>)
10001944:	6859      	ldr	r1, [r3, #4]
10001946:	4291      	cmp	r1, r2
10001948:	d200      	bcs.n	1000194c <clocks_init+0x1b8>
1000194a:	605a      	str	r2, [r3, #4]
1000194c:	2280      	movs	r2, #128	@ 0x80
1000194e:	4b3c      	ldr	r3, [pc, #240]	@ (10001a40 <clocks_init+0x2ac>)
10001950:	0112      	lsls	r2, r2, #4
10001952:	601a      	str	r2, [r3, #0]
10001954:	6a61      	ldr	r1, [r4, #36]	@ 0x24
10001956:	2900      	cmp	r1, #0
10001958:	d007      	beq.n	1000196a <clocks_init+0x1d6>
1000195a:	6960      	ldr	r0, [r4, #20]
1000195c:	f001 fde6 	bl	1000352c <__wrap___aeabi_uidiv>
10001960:	3001      	adds	r0, #1
10001962:	0043      	lsls	r3, r0, #1
10001964:	181b      	adds	r3, r3, r0
10001966:	3b03      	subs	r3, #3
10001968:	d2fd      	bcs.n	10001966 <clocks_init+0x1d2>
1000196a:	23e0      	movs	r3, #224	@ 0xe0
1000196c:	4a33      	ldr	r2, [pc, #204]	@ (10001a3c <clocks_init+0x2a8>)
1000196e:	6811      	ldr	r1, [r2, #0]
10001970:	400b      	ands	r3, r1
10001972:	4934      	ldr	r1, [pc, #208]	@ (10001a44 <clocks_init+0x2b0>)
10001974:	600b      	str	r3, [r1, #0]
10001976:	2180      	movs	r1, #128	@ 0x80
10001978:	4b33      	ldr	r3, [pc, #204]	@ (10001a48 <clocks_init+0x2b4>)
1000197a:	0109      	lsls	r1, r1, #4
1000197c:	6019      	str	r1, [r3, #0]
1000197e:	2380      	movs	r3, #128	@ 0x80
10001980:	02db      	lsls	r3, r3, #11
10001982:	6053      	str	r3, [r2, #4]
10001984:	4b15      	ldr	r3, [pc, #84]	@ (100019dc <clocks_init+0x248>)
10001986:	6263      	str	r3, [r4, #36]	@ 0x24
10001988:	4b30      	ldr	r3, [pc, #192]	@ (10001a4c <clocks_init+0x2b8>)
1000198a:	685a      	ldr	r2, [r3, #4]
1000198c:	2aff      	cmp	r2, #255	@ 0xff
1000198e:	d802      	bhi.n	10001996 <clocks_init+0x202>
10001990:	2280      	movs	r2, #128	@ 0x80
10001992:	0052      	lsls	r2, r2, #1
10001994:	605a      	str	r2, [r3, #4]
10001996:	2280      	movs	r2, #128	@ 0x80
10001998:	4b2d      	ldr	r3, [pc, #180]	@ (10001a50 <clocks_init+0x2bc>)
1000199a:	0112      	lsls	r2, r2, #4
1000199c:	601a      	str	r2, [r3, #0]
1000199e:	69a1      	ldr	r1, [r4, #24]
100019a0:	2900      	cmp	r1, #0
100019a2:	d007      	beq.n	100019b4 <clocks_init+0x220>
100019a4:	6960      	ldr	r0, [r4, #20]
100019a6:	f001 fdc1 	bl	1000352c <__wrap___aeabi_uidiv>
100019aa:	3001      	adds	r0, #1
100019ac:	0043      	lsls	r3, r0, #1
100019ae:	181b      	adds	r3, r3, r0
100019b0:	3b03      	subs	r3, #3
100019b2:	d2fd      	bcs.n	100019b0 <clocks_init+0x21c>
100019b4:	23e0      	movs	r3, #224	@ 0xe0
100019b6:	4a25      	ldr	r2, [pc, #148]	@ (10001a4c <clocks_init+0x2b8>)
100019b8:	6811      	ldr	r1, [r2, #0]
100019ba:	400b      	ands	r3, r1
100019bc:	4925      	ldr	r1, [pc, #148]	@ (10001a54 <clocks_init+0x2c0>)
100019be:	600b      	str	r3, [r1, #0]
100019c0:	2180      	movs	r1, #128	@ 0x80
100019c2:	4b25      	ldr	r3, [pc, #148]	@ (10001a58 <clocks_init+0x2c4>)
100019c4:	0109      	lsls	r1, r1, #4
100019c6:	6019      	str	r1, [r3, #0]
100019c8:	2380      	movs	r3, #128	@ 0x80
100019ca:	005b      	lsls	r3, r3, #1
100019cc:	6053      	str	r3, [r2, #4]
100019ce:	4b12      	ldr	r3, [pc, #72]	@ (10001a18 <clocks_init+0x284>)
100019d0:	61a3      	str	r3, [r4, #24]
100019d2:	e6f7      	b.n	100017c4 <clocks_init+0x30>
100019d4:	20000ee0 	.word	0x20000ee0
100019d8:	02dc6c00 	.word	0x02dc6c00
100019dc:	0000b71b 	.word	0x0000b71b
100019e0:	40008000 	.word	0x40008000
100019e4:	4000b03c 	.word	0x4000b03c
100019e8:	4000b030 	.word	0x4000b030
100019ec:	59682f00 	.word	0x59682f00
100019f0:	40028000 	.word	0x40028000
100019f4:	47868c00 	.word	0x47868c00
100019f8:	4002c000 	.word	0x4002c000
100019fc:	40008030 	.word	0x40008030
10001a00:	40009030 	.word	0x40009030
10001a04:	4000a030 	.word	0x4000a030
10001a08:	00b71b00 	.word	0x00b71b00
10001a0c:	4000803c 	.word	0x4000803c
10001a10:	4000903c 	.word	0x4000903c
10001a14:	4000a03c 	.word	0x4000a03c
10001a18:	07735940 	.word	0x07735940
10001a1c:	40008054 	.word	0x40008054
10001a20:	4000b054 	.word	0x4000b054
10001a24:	40009054 	.word	0x40009054
10001a28:	4000a054 	.word	0x4000a054
10001a2c:	40008060 	.word	0x40008060
10001a30:	4000b060 	.word	0x4000b060
10001a34:	40009060 	.word	0x40009060
10001a38:	4000a060 	.word	0x4000a060
10001a3c:	4000806c 	.word	0x4000806c
10001a40:	4000b06c 	.word	0x4000b06c
10001a44:	4000906c 	.word	0x4000906c
10001a48:	4000a06c 	.word	0x4000a06c
10001a4c:	40008048 	.word	0x40008048
10001a50:	4000b048 	.word	0x4000b048
10001a54:	40009048 	.word	0x40009048
10001a58:	4000a048 	.word	0x4000a048

10001a5c <pll_init>:
10001a5c:	b5f8      	push	{r3, r4, r5, r6, r7, lr}
10001a5e:	0004      	movs	r4, r0
10001a60:	4822      	ldr	r0, [pc, #136]	@ (10001aec <pll_init+0x90>)
10001a62:	001e      	movs	r6, r3
10001a64:	0017      	movs	r7, r2
10001a66:	000d      	movs	r5, r1
10001a68:	f001 fd60 	bl	1000352c <__wrap___aeabi_uidiv>
10001a6c:	0001      	movs	r1, r0
10001a6e:	0038      	movs	r0, r7
10001a70:	f001 fd5c 	bl	1000352c <__wrap___aeabi_uidiv>
10001a74:	9b06      	ldr	r3, [sp, #24]
10001a76:	0436      	lsls	r6, r6, #16
10001a78:	031b      	lsls	r3, r3, #12
10001a7a:	431e      	orrs	r6, r3
10001a7c:	6823      	ldr	r3, [r4, #0]
10001a7e:	2b00      	cmp	r3, #0
10001a80:	db22      	blt.n	10001ac8 <pll_init+0x6c>
10001a82:	4b1b      	ldr	r3, [pc, #108]	@ (10001af0 <pll_init+0x94>)
10001a84:	491b      	ldr	r1, [pc, #108]	@ (10001af4 <pll_init+0x98>)
10001a86:	18e3      	adds	r3, r4, r3
10001a88:	1e5a      	subs	r2, r3, #1
10001a8a:	4193      	sbcs	r3, r2
10001a8c:	2280      	movs	r2, #128	@ 0x80
10001a8e:	0192      	lsls	r2, r2, #6
10001a90:	4694      	mov	ip, r2
10001a92:	425b      	negs	r3, r3
10001a94:	0b1b      	lsrs	r3, r3, #12
10001a96:	4a18      	ldr	r2, [pc, #96]	@ (10001af8 <pll_init+0x9c>)
10001a98:	031b      	lsls	r3, r3, #12
10001a9a:	4463      	add	r3, ip
10001a9c:	6013      	str	r3, [r2, #0]
10001a9e:	4a17      	ldr	r2, [pc, #92]	@ (10001afc <pll_init+0xa0>)
10001aa0:	6013      	str	r3, [r2, #0]
10001aa2:	001f      	movs	r7, r3
10001aa4:	688a      	ldr	r2, [r1, #8]
10001aa6:	4397      	bics	r7, r2
10001aa8:	d1fb      	bne.n	10001aa2 <pll_init+0x46>
10001aaa:	22c0      	movs	r2, #192	@ 0xc0
10001aac:	1d23      	adds	r3, r4, #4
10001aae:	0192      	lsls	r2, r2, #6
10001ab0:	431a      	orrs	r2, r3
10001ab2:	2321      	movs	r3, #33	@ 0x21
10001ab4:	6025      	str	r5, [r4, #0]
10001ab6:	60a0      	str	r0, [r4, #8]
10001ab8:	6013      	str	r3, [r2, #0]
10001aba:	6823      	ldr	r3, [r4, #0]
10001abc:	2b00      	cmp	r3, #0
10001abe:	dafc      	bge.n	10001aba <pll_init+0x5e>
10001ac0:	2308      	movs	r3, #8
10001ac2:	60e6      	str	r6, [r4, #12]
10001ac4:	6013      	str	r3, [r2, #0]
10001ac6:	bdf8      	pop	{r3, r4, r5, r6, r7, pc}
10001ac8:	233f      	movs	r3, #63	@ 0x3f
10001aca:	6822      	ldr	r2, [r4, #0]
10001acc:	4013      	ands	r3, r2
10001ace:	42ab      	cmp	r3, r5
10001ad0:	d1d7      	bne.n	10001a82 <pll_init+0x26>
10001ad2:	68a3      	ldr	r3, [r4, #8]
10001ad4:	051b      	lsls	r3, r3, #20
10001ad6:	0d1b      	lsrs	r3, r3, #20
10001ad8:	4283      	cmp	r3, r0
10001ada:	d1d2      	bne.n	10001a82 <pll_init+0x26>
10001adc:	22ee      	movs	r2, #238	@ 0xee
10001ade:	68e3      	ldr	r3, [r4, #12]
10001ae0:	02d2      	lsls	r2, r2, #11
10001ae2:	4013      	ands	r3, r2
10001ae4:	42b3      	cmp	r3, r6
10001ae6:	d1cc      	bne.n	10001a82 <pll_init+0x26>
10001ae8:	e7ed      	b.n	10001ac6 <pll_init+0x6a>
10001aea:	46c0      	nop			@ (mov r8, r8)
10001aec:	00b71b00 	.word	0x00b71b00
10001af0:	bffd4000 	.word	0xbffd4000
10001af4:	4000c000 	.word	0x4000c000
10001af8:	4000e000 	.word	0x4000e000
10001afc:	4000f000 	.word	0x4000f000

10001b00 <watchdog_start_tick>:
10001b00:	2380      	movs	r3, #128	@ 0x80
10001b02:	4a02      	ldr	r2, [pc, #8]	@ (10001b0c <watchdog_start_tick+0xc>)
10001b04:	009b      	lsls	r3, r3, #2
10001b06:	4303      	orrs	r3, r0
10001b08:	62d3      	str	r3, [r2, #44]	@ 0x2c
10001b0a:	4770      	bx	lr
10001b0c:	40058000 	.word	0x40058000

10001b10 <watchdog_reboot>:
10001b10:	b510      	push	{r4, lr}
10001b12:	2480      	movs	r4, #128	@ 0x80
10001b14:	4b1c      	ldr	r3, [pc, #112]	@ (10001b88 <watchdog_reboot+0x78>)
10001b16:	05e4      	lsls	r4, r4, #23
10001b18:	601c      	str	r4, [r3, #0]
10001b1a:	2800      	cmp	r0, #0
10001b1c:	d01a      	beq.n	10001b54 <watchdog_reboot+0x44>
10001b1e:	2301      	movs	r3, #1
10001b20:	4c1a      	ldr	r4, [pc, #104]	@ (10001b8c <watchdog_reboot+0x7c>)
10001b22:	4318      	orrs	r0, r3
10001b24:	4b1a      	ldr	r3, [pc, #104]	@ (10001b90 <watchdog_reboot+0x80>)
10001b26:	61dc      	str	r4, [r3, #28]
10001b28:	4c1a      	ldr	r4, [pc, #104]	@ (10001b94 <watchdog_reboot+0x84>)
10001b2a:	4044      	eors	r4, r0
10001b2c:	621c      	str	r4, [r3, #32]
10001b2e:	6259      	str	r1, [r3, #36]	@ 0x24
10001b30:	6298      	str	r0, [r3, #40]	@ 0x28
10001b32:	2180      	movs	r1, #128	@ 0x80
10001b34:	4b14      	ldr	r3, [pc, #80]	@ (10001b88 <watchdog_reboot+0x78>)
10001b36:	05c9      	lsls	r1, r1, #23
10001b38:	6019      	str	r1, [r3, #0]
10001b3a:	4817      	ldr	r0, [pc, #92]	@ (10001b98 <watchdog_reboot+0x88>)
10001b3c:	4917      	ldr	r1, [pc, #92]	@ (10001b9c <watchdog_reboot+0x8c>)
10001b3e:	6008      	str	r0, [r1, #0]
10001b40:	21e0      	movs	r1, #224	@ 0xe0
10001b42:	04c9      	lsls	r1, r1, #19
10001b44:	6019      	str	r1, [r3, #0]
10001b46:	2a00      	cmp	r2, #0
10001b48:	d107      	bne.n	10001b5a <watchdog_reboot+0x4a>
10001b4a:	2280      	movs	r2, #128	@ 0x80
10001b4c:	4b14      	ldr	r3, [pc, #80]	@ (10001ba0 <watchdog_reboot+0x90>)
10001b4e:	0612      	lsls	r2, r2, #24
10001b50:	601a      	str	r2, [r3, #0]
10001b52:	bd10      	pop	{r4, pc}
10001b54:	4b0e      	ldr	r3, [pc, #56]	@ (10001b90 <watchdog_reboot+0x80>)
10001b56:	61d8      	str	r0, [r3, #28]
10001b58:	e7eb      	b.n	10001b32 <watchdog_reboot+0x22>
10001b5a:	0153      	lsls	r3, r2, #5
10001b5c:	1a9b      	subs	r3, r3, r2
10001b5e:	009b      	lsls	r3, r3, #2
10001b60:	189a      	adds	r2, r3, r2
10001b62:	2380      	movs	r3, #128	@ 0x80
10001b64:	0112      	lsls	r2, r2, #4
10001b66:	045b      	lsls	r3, r3, #17
10001b68:	429a      	cmp	r2, r3
10001b6a:	d209      	bcs.n	10001b80 <watchdog_reboot+0x70>
10001b6c:	0013      	movs	r3, r2
10001b6e:	490d      	ldr	r1, [pc, #52]	@ (10001ba4 <watchdog_reboot+0x94>)
10001b70:	600b      	str	r3, [r1, #0]
10001b72:	4b07      	ldr	r3, [pc, #28]	@ (10001b90 <watchdog_reboot+0x80>)
10001b74:	605a      	str	r2, [r3, #4]
10001b76:	2280      	movs	r2, #128	@ 0x80
10001b78:	4b09      	ldr	r3, [pc, #36]	@ (10001ba0 <watchdog_reboot+0x90>)
10001b7a:	05d2      	lsls	r2, r2, #23
10001b7c:	601a      	str	r2, [r3, #0]
10001b7e:	e7e8      	b.n	10001b52 <watchdog_reboot+0x42>
10001b80:	4b09      	ldr	r3, [pc, #36]	@ (10001ba8 <watchdog_reboot+0x98>)
10001b82:	001a      	movs	r2, r3
10001b84:	e7f3      	b.n	10001b6e <watchdog_reboot+0x5e>
10001b86:	46c0      	nop			@ (mov r8, r8)
10001b88:	4005b000 	.word	0x4005b000
10001b8c:	b007c0d3 	.word	0xb007c0d3
10001b90:	40058000 	.word	0x40058000
10001b94:	4ff83f2d 	.word	0x4ff83f2d
10001b98:	0001fffc 	.word	0x0001fffc
10001b9c:	40012008 	.word	0x40012008
10001ba0:	4005a000 	.word	0x4005a000
10001ba4:	20001be8 	.word	0x20001be8
10001ba8:	00ffffff 	.word	0x00ffffff

10001bac <xosc_init>:
10001bac:	23aa      	movs	r3, #170	@ 0xaa
10001bae:	4a06      	ldr	r2, [pc, #24]	@ (10001bc8 <xosc_init+0x1c>)
10001bb0:	011b      	lsls	r3, r3, #4
10001bb2:	6013      	str	r3, [r2, #0]
10001bb4:	232f      	movs	r3, #47	@ 0x2f
10001bb6:	4905      	ldr	r1, [pc, #20]	@ (10001bcc <xosc_init+0x20>)
10001bb8:	60d3      	str	r3, [r2, #12]
10001bba:	4b05      	ldr	r3, [pc, #20]	@ (10001bd0 <xosc_init+0x24>)
10001bbc:	6019      	str	r1, [r3, #0]
10001bbe:	6853      	ldr	r3, [r2, #4]
10001bc0:	2b00      	cmp	r3, #0
10001bc2:	dafc      	bge.n	10001bbe <xosc_init+0x12>
10001bc4:	4770      	bx	lr
10001bc6:	46c0      	nop			@ (mov r8, r8)
10001bc8:	40024000 	.word	0x40024000
10001bcc:	00fab000 	.word	0x00fab000
10001bd0:	40026000 	.word	0x40026000

10001bd4 <runtime_init>:
10001bd4:	4b2c      	ldr	r3, [pc, #176]	@ (10001c88 <runtime_init+0xb4>)
10001bd6:	4a2d      	ldr	r2, [pc, #180]	@ (10001c8c <runtime_init+0xb8>)
10001bd8:	b570      	push	{r4, r5, r6, lr}
10001bda:	601a      	str	r2, [r3, #0]
10001bdc:	4a2c      	ldr	r2, [pc, #176]	@ (10001c90 <runtime_init+0xbc>)
10001bde:	4b2d      	ldr	r3, [pc, #180]	@ (10001c94 <runtime_init+0xc0>)
10001be0:	492d      	ldr	r1, [pc, #180]	@ (10001c98 <runtime_init+0xc4>)
10001be2:	601a      	str	r2, [r3, #0]
10001be4:	0014      	movs	r4, r2
10001be6:	688b      	ldr	r3, [r1, #8]
10001be8:	439c      	bics	r4, r3
10001bea:	d1fb      	bne.n	10001be4 <runtime_init+0x10>
10001bec:	4d2b      	ldr	r5, [pc, #172]	@ (10001c9c <runtime_init+0xc8>)
10001bee:	4e2c      	ldr	r6, [pc, #176]	@ (10001ca0 <runtime_init+0xcc>)
10001bf0:	42b5      	cmp	r5, r6
10001bf2:	d208      	bcs.n	10001c06 <runtime_init+0x32>
10001bf4:	3e01      	subs	r6, #1
10001bf6:	1b76      	subs	r6, r6, r5
10001bf8:	08b6      	lsrs	r6, r6, #2
10001bfa:	cd08      	ldmia	r5!, {r3}
10001bfc:	4798      	blx	r3
10001bfe:	0023      	movs	r3, r4
10001c00:	3401      	adds	r4, #1
10001c02:	42b3      	cmp	r3, r6
10001c04:	d1f9      	bne.n	10001bfa <runtime_init+0x26>
10001c06:	f7ff fdc5 	bl	10001794 <clocks_init>
10001c0a:	4a26      	ldr	r2, [pc, #152]	@ (10001ca4 <runtime_init+0xd0>)
10001c0c:	4b21      	ldr	r3, [pc, #132]	@ (10001c94 <runtime_init+0xc0>)
10001c0e:	601a      	str	r2, [r3, #0]
10001c10:	4a21      	ldr	r2, [pc, #132]	@ (10001c98 <runtime_init+0xc4>)
10001c12:	6893      	ldr	r3, [r2, #8]
10001c14:	43db      	mvns	r3, r3
10001c16:	01db      	lsls	r3, r3, #7
10001c18:	09dd      	lsrs	r5, r3, #7
10001c1a:	2b00      	cmp	r3, #0
10001c1c:	d1f9      	bne.n	10001c12 <runtime_init+0x3e>
10001c1e:	2240      	movs	r2, #64	@ 0x40
10001c20:	4b21      	ldr	r3, [pc, #132]	@ (10001ca8 <runtime_init+0xd4>)
10001c22:	4c22      	ldr	r4, [pc, #136]	@ (10001cac <runtime_init+0xd8>)
10001c24:	4e22      	ldr	r6, [pc, #136]	@ (10001cb0 <runtime_init+0xdc>)
10001c26:	679a      	str	r2, [r3, #120]	@ 0x78
10001c28:	675a      	str	r2, [r3, #116]	@ 0x74
10001c2a:	671a      	str	r2, [r3, #112]	@ 0x70
10001c2c:	66da      	str	r2, [r3, #108]	@ 0x6c
10001c2e:	42b4      	cmp	r4, r6
10001c30:	d208      	bcs.n	10001c44 <runtime_init+0x70>
10001c32:	6823      	ldr	r3, [r4, #0]
10001c34:	0020      	movs	r0, r4
10001c36:	2b00      	cmp	r3, #0
10001c38:	d020      	beq.n	10001c7c <runtime_init+0xa8>
10001c3a:	3408      	adds	r4, #8
10001c3c:	f7fe fef6 	bl	10000a2c <recursive_mutex_init>
10001c40:	42b4      	cmp	r4, r6
10001c42:	d3f6      	bcc.n	10001c32 <runtime_init+0x5e>
10001c44:	4c1b      	ldr	r4, [pc, #108]	@ (10001cb4 <runtime_init+0xe0>)
10001c46:	4e1c      	ldr	r6, [pc, #112]	@ (10001cb8 <runtime_init+0xe4>)
10001c48:	22c0      	movs	r2, #192	@ 0xc0
10001c4a:	68b1      	ldr	r1, [r6, #8]
10001c4c:	0020      	movs	r0, r4
10001c4e:	f002 faf5 	bl	1000423c <__wrap___aeabi_memcpy>
10001c52:	60b4      	str	r4, [r6, #8]
10001c54:	f7fe fbe8 	bl	10000428 <spin_locks_reset>
10001c58:	f7fe feaa 	bl	100009b0 <irq_init_priorities>
10001c5c:	f7ff f89e 	bl	10000d9c <alarm_pool_init_default>
10001c60:	4c16      	ldr	r4, [pc, #88]	@ (10001cbc <runtime_init+0xe8>)
10001c62:	4e17      	ldr	r6, [pc, #92]	@ (10001cc0 <runtime_init+0xec>)
10001c64:	42b4      	cmp	r4, r6
10001c66:	d208      	bcs.n	10001c7a <runtime_init+0xa6>
10001c68:	3e01      	subs	r6, #1
10001c6a:	1b36      	subs	r6, r6, r4
10001c6c:	08b6      	lsrs	r6, r6, #2
10001c6e:	cc08      	ldmia	r4!, {r3}
10001c70:	4798      	blx	r3
10001c72:	002b      	movs	r3, r5
10001c74:	3501      	adds	r5, #1
10001c76:	429e      	cmp	r6, r3
10001c78:	d1f9      	bne.n	10001c6e <runtime_init+0x9a>
10001c7a:	bd70      	pop	{r4, r5, r6, pc}
10001c7c:	3408      	adds	r4, #8
10001c7e:	f7fe fec7 	bl	10000a10 <mutex_init>
10001c82:	42b4      	cmp	r4, r6
10001c84:	d3d5      	bcc.n	10001c32 <runtime_init+0x5e>
10001c86:	e7dd      	b.n	10001c44 <runtime_init+0x70>
10001c88:	4000e000 	.word	0x4000e000
10001c8c:	fefbcdbf 	.word	0xfefbcdbf
10001c90:	003c7ffe 	.word	0x003c7ffe
10001c94:	4000f000 	.word	0x4000f000
10001c98:	4000c000 	.word	0x4000c000
10001c9c:	20000ec8 	.word	0x20000ec8
10001ca0:	20000ed8 	.word	0x20000ed8
10001ca4:	01ffffff 	.word	0x01ffffff
10001ca8:	4001f000 	.word	0x4001f000
10001cac:	20000ec0 	.word	0x20000ec0
10001cb0:	20000ec8 	.word	0x20000ec8
10001cb4:	20000000 	.word	0x20000000
10001cb8:	e000ed00 	.word	0xe000ed00
10001cbc:	20000ed8 	.word	0x20000ed8
10001cc0:	20000ee0 	.word	0x20000ee0

10001cc4 <_exit>:
10001cc4:	be00      	bkpt	0x0000
10001cc6:	e7fd      	b.n	10001cc4 <_exit>

10001cc8 <exit>:
10001cc8:	b510      	push	{r4, lr}
10001cca:	f7ff fffb 	bl	10001cc4 <_exit>
10001cce:	46c0      	nop			@ (mov r8, r8)

10001cd0 <panic>:
10001cd0:	b40f      	push	{r0, r1, r2, r3}
10001cd2:	b500      	push	{lr}
10001cd4:	4808      	ldr	r0, [pc, #32]	@ (10001cf8 <panic+0x28>)
10001cd6:	b083      	sub	sp, #12
10001cd8:	f002 fb7e 	bl	100043d8 <__wrap_puts>
10001cdc:	9b04      	ldr	r3, [sp, #16]
10001cde:	2b00      	cmp	r3, #0
10001ce0:	d007      	beq.n	10001cf2 <panic+0x22>
10001ce2:	a905      	add	r1, sp, #20
10001ce4:	0018      	movs	r0, r3
10001ce6:	9101      	str	r1, [sp, #4]
10001ce8:	f001 fba6 	bl	10003438 <weak_raw_vprintf>
10001cec:	4803      	ldr	r0, [pc, #12]	@ (10001cfc <panic+0x2c>)
10001cee:	f002 fb73 	bl	100043d8 <__wrap_puts>
10001cf2:	2001      	movs	r0, #1
10001cf4:	f7ff ffe6 	bl	10001cc4 <_exit>
10001cf8:	10006a10 	.word	0x10006a10
10001cfc:	10006a20 	.word	0x10006a20

10001d00 <hard_assertion_failure>:
10001d00:	b510      	push	{r4, lr}
10001d02:	4801      	ldr	r0, [pc, #4]	@ (10001d08 <hard_assertion_failure+0x8>)
10001d04:	f7ff ffe4 	bl	10001cd0 <panic>
10001d08:	10006a24 	.word	0x10006a24

10001d0c <_out_null>:
10001d0c:	4770      	bx	lr
10001d0e:	46c0      	nop			@ (mov r8, r8)

10001d10 <_out_rev>:
10001d10:	b5f8      	push	{r3, r4, r5, r6, r7, lr}
10001d12:	4657      	mov	r7, sl
10001d14:	46de      	mov	lr, fp
10001d16:	464e      	mov	r6, r9
10001d18:	4645      	mov	r5, r8
10001d1a:	b5e0      	push	{r5, r6, r7, lr}
10001d1c:	4699      	mov	r9, r3
10001d1e:	9b0a      	ldr	r3, [sp, #40]	@ 0x28
10001d20:	0007      	movs	r7, r0
10001d22:	469a      	mov	sl, r3
10001d24:	9b0d      	ldr	r3, [sp, #52]	@ 0x34
10001d26:	4688      	mov	r8, r1
10001d28:	4693      	mov	fp, r2
10001d2a:	9c0b      	ldr	r4, [sp, #44]	@ 0x2c
10001d2c:	079b      	lsls	r3, r3, #30
10001d2e:	d13b      	bne.n	10001da8 <_out_rev+0x98>
10001d30:	9b0c      	ldr	r3, [sp, #48]	@ 0x30
10001d32:	429c      	cmp	r4, r3
10001d34:	d23d      	bcs.n	10001db2 <_out_rev+0xa2>
10001d36:	1b1e      	subs	r6, r3, r4
10001d38:	940b      	str	r4, [sp, #44]	@ 0x2c
10001d3a:	0015      	movs	r5, r2
10001d3c:	000c      	movs	r4, r1
10001d3e:	445e      	add	r6, fp
10001d40:	002a      	movs	r2, r5
10001d42:	464b      	mov	r3, r9
10001d44:	3501      	adds	r5, #1
10001d46:	0021      	movs	r1, r4
10001d48:	2020      	movs	r0, #32
10001d4a:	47b8      	blx	r7
10001d4c:	42b5      	cmp	r5, r6
10001d4e:	d1f7      	bne.n	10001d40 <_out_rev+0x30>
10001d50:	46a0      	mov	r8, r4
10001d52:	9c0b      	ldr	r4, [sp, #44]	@ 0x2c
10001d54:	2c00      	cmp	r4, #0
10001d56:	d020      	beq.n	10001d9a <_out_rev+0x8a>
10001d58:	4645      	mov	r5, r8
10001d5a:	1936      	adds	r6, r6, r4
10001d5c:	4653      	mov	r3, sl
10001d5e:	1b32      	subs	r2, r6, r4
10001d60:	3c01      	subs	r4, #1
10001d62:	5d18      	ldrb	r0, [r3, r4]
10001d64:	0029      	movs	r1, r5
10001d66:	464b      	mov	r3, r9
10001d68:	47b8      	blx	r7
10001d6a:	2c00      	cmp	r4, #0
10001d6c:	d1f6      	bne.n	10001d5c <_out_rev+0x4c>
10001d6e:	002b      	movs	r3, r5
10001d70:	0035      	movs	r5, r6
10001d72:	4698      	mov	r8, r3
10001d74:	9b0d      	ldr	r3, [sp, #52]	@ 0x34
10001d76:	079b      	lsls	r3, r3, #30
10001d78:	d50f      	bpl.n	10001d9a <_out_rev+0x8a>
10001d7a:	465b      	mov	r3, fp
10001d7c:	1aec      	subs	r4, r5, r3
10001d7e:	9b0c      	ldr	r3, [sp, #48]	@ 0x30
10001d80:	42a3      	cmp	r3, r4
10001d82:	d90a      	bls.n	10001d9a <_out_rev+0x8a>
10001d84:	4646      	mov	r6, r8
10001d86:	4698      	mov	r8, r3
10001d88:	002a      	movs	r2, r5
10001d8a:	464b      	mov	r3, r9
10001d8c:	0031      	movs	r1, r6
10001d8e:	2020      	movs	r0, #32
10001d90:	3401      	adds	r4, #1
10001d92:	47b8      	blx	r7
10001d94:	3501      	adds	r5, #1
10001d96:	4544      	cmp	r4, r8
10001d98:	d3f6      	bcc.n	10001d88 <_out_rev+0x78>
10001d9a:	0028      	movs	r0, r5
10001d9c:	bcf0      	pop	{r4, r5, r6, r7}
10001d9e:	46bb      	mov	fp, r7
10001da0:	46b2      	mov	sl, r6
10001da2:	46a9      	mov	r9, r5
10001da4:	46a0      	mov	r8, r4
10001da6:	bdf8      	pop	{r3, r4, r5, r6, r7, pc}
10001da8:	0016      	movs	r6, r2
10001daa:	0015      	movs	r5, r2
10001dac:	2c00      	cmp	r4, #0
10001dae:	d1d3      	bne.n	10001d58 <_out_rev+0x48>
10001db0:	e7e0      	b.n	10001d74 <_out_rev+0x64>
10001db2:	0016      	movs	r6, r2
10001db4:	2c00      	cmp	r4, #0
10001db6:	d1cf      	bne.n	10001d58 <_out_rev+0x48>
10001db8:	0015      	movs	r5, r2
10001dba:	e7ee      	b.n	10001d9a <_out_rev+0x8a>

10001dbc <_ntoa_format>:
10001dbc:	b5f0      	push	{r4, r5, r6, r7, lr}
10001dbe:	464f      	mov	r7, r9
10001dc0:	4646      	mov	r6, r8
10001dc2:	46d6      	mov	lr, sl
10001dc4:	b5c0      	push	{r6, r7, lr}
10001dc6:	b084      	sub	sp, #16
10001dc8:	4698      	mov	r8, r3
10001dca:	ab0e      	add	r3, sp, #56	@ 0x38
10001dcc:	781b      	ldrb	r3, [r3, #0]
10001dce:	4694      	mov	ip, r2
10001dd0:	4699      	mov	r9, r3
10001dd2:	9b12      	ldr	r3, [sp, #72]	@ 0x48
10001dd4:	9c0d      	ldr	r4, [sp, #52]	@ 0x34
10001dd6:	9f10      	ldr	r7, [sp, #64]	@ 0x40
10001dd8:	9e11      	ldr	r6, [sp, #68]	@ 0x44
10001dda:	079a      	lsls	r2, r3, #30
10001ddc:	d425      	bmi.n	10001e2a <_ntoa_format+0x6e>
10001dde:	2e00      	cmp	r6, #0
10001de0:	d165      	bne.n	10001eae <_ntoa_format+0xf2>
10001de2:	42bc      	cmp	r4, r7
10001de4:	d221      	bcs.n	10001e2a <_ntoa_format+0x6e>
10001de6:	2201      	movs	r2, #1
10001de8:	401a      	ands	r2, r3
10001dea:	4692      	mov	sl, r2
10001dec:	2c20      	cmp	r4, #32
10001dee:	d100      	bne.n	10001df2 <_ntoa_format+0x36>
10001df0:	e0e9      	b.n	10001fc6 <_ntoa_format+0x20a>
10001df2:	9a0c      	ldr	r2, [sp, #48]	@ 0x30
10001df4:	1e55      	subs	r5, r2, #1
10001df6:	2230      	movs	r2, #48	@ 0x30
10001df8:	e002      	b.n	10001e00 <_ntoa_format+0x44>
10001dfa:	2c20      	cmp	r4, #32
10001dfc:	d100      	bne.n	10001e00 <_ntoa_format+0x44>
10001dfe:	e07b      	b.n	10001ef8 <_ntoa_format+0x13c>
10001e00:	3401      	adds	r4, #1
10001e02:	552a      	strb	r2, [r5, r4]
10001e04:	42a7      	cmp	r7, r4
10001e06:	d8f8      	bhi.n	10001dfa <_ntoa_format+0x3e>
10001e08:	4652      	mov	r2, sl
10001e0a:	2a00      	cmp	r2, #0
10001e0c:	d00d      	beq.n	10001e2a <_ntoa_format+0x6e>
10001e0e:	42b4      	cmp	r4, r6
10001e10:	d20b      	bcs.n	10001e2a <_ntoa_format+0x6e>
10001e12:	9a0c      	ldr	r2, [sp, #48]	@ 0x30
10001e14:	1e55      	subs	r5, r2, #1
10001e16:	2230      	movs	r2, #48	@ 0x30
10001e18:	2c20      	cmp	r4, #32
10001e1a:	d102      	bne.n	10001e22 <_ntoa_format+0x66>
10001e1c:	e071      	b.n	10001f02 <_ntoa_format+0x146>
10001e1e:	2c20      	cmp	r4, #32
10001e20:	d02d      	beq.n	10001e7e <_ntoa_format+0xc2>
10001e22:	3401      	adds	r4, #1
10001e24:	552a      	strb	r2, [r5, r4]
10001e26:	42b4      	cmp	r4, r6
10001e28:	d1f9      	bne.n	10001e1e <_ntoa_format+0x62>
10001e2a:	06da      	lsls	r2, r3, #27
10001e2c:	d53c      	bpl.n	10001ea8 <_ntoa_format+0xec>
10001e2e:	055a      	lsls	r2, r3, #21
10001e30:	d42e      	bmi.n	10001e90 <_ntoa_format+0xd4>
10001e32:	2c00      	cmp	r4, #0
10001e34:	d128      	bne.n	10001e88 <_ntoa_format+0xcc>
10001e36:	9a0f      	ldr	r2, [sp, #60]	@ 0x3c
10001e38:	2a10      	cmp	r2, #16
10001e3a:	d100      	bne.n	10001e3e <_ntoa_format+0x82>
10001e3c:	e0b6      	b.n	10001fac <_ntoa_format+0x1f0>
10001e3e:	2a02      	cmp	r2, #2
10001e40:	d100      	bne.n	10001e44 <_ntoa_format+0x88>
10001e42:	e0bc      	b.n	10001fbe <_ntoa_format+0x202>
10001e44:	2230      	movs	r2, #48	@ 0x30
10001e46:	9c0c      	ldr	r4, [sp, #48]	@ 0x30
10001e48:	7022      	strb	r2, [r4, #0]
10001e4a:	2401      	movs	r4, #1
10001e4c:	464a      	mov	r2, r9
10001e4e:	2a00      	cmp	r2, #0
10001e50:	d165      	bne.n	10001f1e <_ntoa_format+0x162>
10001e52:	075a      	lsls	r2, r3, #29
10001e54:	d400      	bmi.n	10001e58 <_ntoa_format+0x9c>
10001e56:	e099      	b.n	10001f8c <_ntoa_format+0x1d0>
10001e58:	222b      	movs	r2, #43	@ 0x2b
10001e5a:	9d0c      	ldr	r5, [sp, #48]	@ 0x30
10001e5c:	552a      	strb	r2, [r5, r4]
10001e5e:	3401      	adds	r4, #1
10001e60:	9303      	str	r3, [sp, #12]
10001e62:	9b0c      	ldr	r3, [sp, #48]	@ 0x30
10001e64:	4662      	mov	r2, ip
10001e66:	9300      	str	r3, [sp, #0]
10001e68:	9602      	str	r6, [sp, #8]
10001e6a:	4643      	mov	r3, r8
10001e6c:	9401      	str	r4, [sp, #4]
10001e6e:	f7ff ff4f 	bl	10001d10 <_out_rev>
10001e72:	b004      	add	sp, #16
10001e74:	bce0      	pop	{r5, r6, r7}
10001e76:	46ba      	mov	sl, r7
10001e78:	46b1      	mov	r9, r6
10001e7a:	46a8      	mov	r8, r5
10001e7c:	bdf0      	pop	{r4, r5, r6, r7, pc}
10001e7e:	2420      	movs	r4, #32
10001e80:	06da      	lsls	r2, r3, #27
10001e82:	d5ed      	bpl.n	10001e60 <_ntoa_format+0xa4>
10001e84:	055a      	lsls	r2, r3, #21
10001e86:	d403      	bmi.n	10001e90 <_ntoa_format+0xd4>
10001e88:	42a7      	cmp	r7, r4
10001e8a:	d066      	beq.n	10001f5a <_ntoa_format+0x19e>
10001e8c:	42b4      	cmp	r4, r6
10001e8e:	d064      	beq.n	10001f5a <_ntoa_format+0x19e>
10001e90:	9a0f      	ldr	r2, [sp, #60]	@ 0x3c
10001e92:	2a10      	cmp	r2, #16
10001e94:	d071      	beq.n	10001f7a <_ntoa_format+0x1be>
10001e96:	2a02      	cmp	r2, #2
10001e98:	d057      	beq.n	10001f4a <_ntoa_format+0x18e>
10001e9a:	2c20      	cmp	r4, #32
10001e9c:	d0e0      	beq.n	10001e60 <_ntoa_format+0xa4>
10001e9e:	0022      	movs	r2, r4
10001ea0:	3401      	adds	r4, #1
10001ea2:	2530      	movs	r5, #48	@ 0x30
10001ea4:	9f0c      	ldr	r7, [sp, #48]	@ 0x30
10001ea6:	54bd      	strb	r5, [r7, r2]
10001ea8:	2c20      	cmp	r4, #32
10001eaa:	d0d9      	beq.n	10001e60 <_ntoa_format+0xa4>
10001eac:	e7ce      	b.n	10001e4c <_ntoa_format+0x90>
10001eae:	2201      	movs	r2, #1
10001eb0:	0015      	movs	r5, r2
10001eb2:	401d      	ands	r5, r3
10001eb4:	46aa      	mov	sl, r5
10001eb6:	421a      	tst	r2, r3
10001eb8:	d036      	beq.n	10001f28 <_ntoa_format+0x16c>
10001eba:	464a      	mov	r2, r9
10001ebc:	2a00      	cmp	r2, #0
10001ebe:	d14a      	bne.n	10001f56 <_ntoa_format+0x19a>
10001ec0:	320c      	adds	r2, #12
10001ec2:	421a      	tst	r2, r3
10001ec4:	d147      	bne.n	10001f56 <_ntoa_format+0x19a>
10001ec6:	42bc      	cmp	r4, r7
10001ec8:	d2a1      	bcs.n	10001e0e <_ntoa_format+0x52>
10001eca:	2c20      	cmp	r4, #32
10001ecc:	d191      	bne.n	10001df2 <_ntoa_format+0x36>
10001ece:	2e20      	cmp	r6, #32
10001ed0:	d817      	bhi.n	10001f02 <_ntoa_format+0x146>
10001ed2:	2420      	movs	r4, #32
10001ed4:	06da      	lsls	r2, r3, #27
10001ed6:	d5c3      	bpl.n	10001e60 <_ntoa_format+0xa4>
10001ed8:	055a      	lsls	r2, r3, #21
10001eda:	d41b      	bmi.n	10001f14 <_ntoa_format+0x158>
10001edc:	2f20      	cmp	r7, #32
10001ede:	d001      	beq.n	10001ee4 <_ntoa_format+0x128>
10001ee0:	2e20      	cmp	r6, #32
10001ee2:	d1d5      	bne.n	10001e90 <_ntoa_format+0xd4>
10001ee4:	221f      	movs	r2, #31
10001ee6:	9d0f      	ldr	r5, [sp, #60]	@ 0x3c
10001ee8:	2d10      	cmp	r5, #16
10001eea:	d06f      	beq.n	10001fcc <_ntoa_format+0x210>
10001eec:	2d02      	cmp	r5, #2
10001eee:	d1d8      	bne.n	10001ea2 <_ntoa_format+0xe6>
10001ef0:	2562      	movs	r5, #98	@ 0x62
10001ef2:	9f0c      	ldr	r7, [sp, #48]	@ 0x30
10001ef4:	54bd      	strb	r5, [r7, r2]
10001ef6:	e7d0      	b.n	10001e9a <_ntoa_format+0xde>
10001ef8:	4652      	mov	r2, sl
10001efa:	2a00      	cmp	r2, #0
10001efc:	d079      	beq.n	10001ff2 <_ntoa_format+0x236>
10001efe:	2e20      	cmp	r6, #32
10001f00:	d9bd      	bls.n	10001e7e <_ntoa_format+0xc2>
10001f02:	2420      	movs	r4, #32
10001f04:	06da      	lsls	r2, r3, #27
10001f06:	d5ab      	bpl.n	10001e60 <_ntoa_format+0xa4>
10001f08:	055a      	lsls	r2, r3, #21
10001f0a:	d403      	bmi.n	10001f14 <_ntoa_format+0x158>
10001f0c:	2f20      	cmp	r7, #32
10001f0e:	d0e9      	beq.n	10001ee4 <_ntoa_format+0x128>
10001f10:	2e20      	cmp	r6, #32
10001f12:	d0e7      	beq.n	10001ee4 <_ntoa_format+0x128>
10001f14:	9a0f      	ldr	r2, [sp, #60]	@ 0x3c
10001f16:	2a10      	cmp	r2, #16
10001f18:	d1a2      	bne.n	10001e60 <_ntoa_format+0xa4>
10001f1a:	2420      	movs	r4, #32
10001f1c:	e7a0      	b.n	10001e60 <_ntoa_format+0xa4>
10001f1e:	222d      	movs	r2, #45	@ 0x2d
10001f20:	9d0c      	ldr	r5, [sp, #48]	@ 0x30
10001f22:	552a      	strb	r2, [r5, r4]
10001f24:	3401      	adds	r4, #1
10001f26:	e79b      	b.n	10001e60 <_ntoa_format+0xa4>
10001f28:	42bc      	cmp	r4, r7
10001f2a:	d300      	bcc.n	10001f2e <_ntoa_format+0x172>
10001f2c:	e77d      	b.n	10001e2a <_ntoa_format+0x6e>
10001f2e:	2c20      	cmp	r4, #32
10001f30:	d000      	beq.n	10001f34 <_ntoa_format+0x178>
10001f32:	e75e      	b.n	10001df2 <_ntoa_format+0x36>
10001f34:	06da      	lsls	r2, r3, #27
10001f36:	d5f0      	bpl.n	10001f1a <_ntoa_format+0x15e>
10001f38:	055a      	lsls	r2, r3, #21
10001f3a:	d4ee      	bmi.n	10001f1a <_ntoa_format+0x15e>
10001f3c:	2f20      	cmp	r7, #32
10001f3e:	d062      	beq.n	10002006 <_ntoa_format+0x24a>
10001f40:	2e20      	cmp	r6, #32
10001f42:	d1ea      	bne.n	10001f1a <_ntoa_format+0x15e>
10001f44:	0034      	movs	r4, r6
10001f46:	221f      	movs	r2, #31
10001f48:	e7cd      	b.n	10001ee6 <_ntoa_format+0x12a>
10001f4a:	2c20      	cmp	r4, #32
10001f4c:	d100      	bne.n	10001f50 <_ntoa_format+0x194>
10001f4e:	e787      	b.n	10001e60 <_ntoa_format+0xa4>
10001f50:	0022      	movs	r2, r4
10001f52:	3401      	adds	r4, #1
10001f54:	e7cc      	b.n	10001ef0 <_ntoa_format+0x134>
10001f56:	3e01      	subs	r6, #1
10001f58:	e7b5      	b.n	10001ec6 <_ntoa_format+0x10a>
10001f5a:	1e62      	subs	r2, r4, #1
10001f5c:	2c01      	cmp	r4, #1
10001f5e:	d1c2      	bne.n	10001ee6 <_ntoa_format+0x12a>
10001f60:	9a0f      	ldr	r2, [sp, #60]	@ 0x3c
10001f62:	2a10      	cmp	r2, #16
10001f64:	d000      	beq.n	10001f68 <_ntoa_format+0x1ac>
10001f66:	e76a      	b.n	10001e3e <_ntoa_format+0x82>
10001f68:	069a      	lsls	r2, r3, #26
10001f6a:	d53b      	bpl.n	10001fe4 <_ntoa_format+0x228>
10001f6c:	2258      	movs	r2, #88	@ 0x58
10001f6e:	9c0c      	ldr	r4, [sp, #48]	@ 0x30
10001f70:	7022      	strb	r2, [r4, #0]
10001f72:	3a28      	subs	r2, #40	@ 0x28
10001f74:	7062      	strb	r2, [r4, #1]
10001f76:	2402      	movs	r4, #2
10001f78:	e768      	b.n	10001e4c <_ntoa_format+0x90>
10001f7a:	069a      	lsls	r2, r3, #26
10001f7c:	d40e      	bmi.n	10001f9c <_ntoa_format+0x1e0>
10001f7e:	2c20      	cmp	r4, #32
10001f80:	d0cb      	beq.n	10001f1a <_ntoa_format+0x15e>
10001f82:	2278      	movs	r2, #120	@ 0x78
10001f84:	9d0c      	ldr	r5, [sp, #48]	@ 0x30
10001f86:	552a      	strb	r2, [r5, r4]
10001f88:	3401      	adds	r4, #1
10001f8a:	e786      	b.n	10001e9a <_ntoa_format+0xde>
10001f8c:	071a      	lsls	r2, r3, #28
10001f8e:	d400      	bmi.n	10001f92 <_ntoa_format+0x1d6>
10001f90:	e766      	b.n	10001e60 <_ntoa_format+0xa4>
10001f92:	2220      	movs	r2, #32
10001f94:	9d0c      	ldr	r5, [sp, #48]	@ 0x30
10001f96:	552a      	strb	r2, [r5, r4]
10001f98:	3401      	adds	r4, #1
10001f9a:	e761      	b.n	10001e60 <_ntoa_format+0xa4>
10001f9c:	2c20      	cmp	r4, #32
10001f9e:	d0bc      	beq.n	10001f1a <_ntoa_format+0x15e>
10001fa0:	2558      	movs	r5, #88	@ 0x58
10001fa2:	9a0c      	ldr	r2, [sp, #48]	@ 0x30
10001fa4:	1912      	adds	r2, r2, r4
10001fa6:	7015      	strb	r5, [r2, #0]
10001fa8:	3401      	adds	r4, #1
10001faa:	e776      	b.n	10001e9a <_ntoa_format+0xde>
10001fac:	069a      	lsls	r2, r3, #26
10001fae:	d508      	bpl.n	10001fc2 <_ntoa_format+0x206>
10001fb0:	2258      	movs	r2, #88	@ 0x58
10001fb2:	9c0c      	ldr	r4, [sp, #48]	@ 0x30
10001fb4:	7022      	strb	r2, [r4, #0]
10001fb6:	2230      	movs	r2, #48	@ 0x30
10001fb8:	7062      	strb	r2, [r4, #1]
10001fba:	2402      	movs	r4, #2
10001fbc:	e746      	b.n	10001e4c <_ntoa_format+0x90>
10001fbe:	3260      	adds	r2, #96	@ 0x60
10001fc0:	e7f7      	b.n	10001fb2 <_ntoa_format+0x1f6>
10001fc2:	2278      	movs	r2, #120	@ 0x78
10001fc4:	e7f5      	b.n	10001fb2 <_ntoa_format+0x1f6>
10001fc6:	2a00      	cmp	r2, #0
10001fc8:	d183      	bne.n	10001ed2 <_ntoa_format+0x116>
10001fca:	e7b3      	b.n	10001f34 <_ntoa_format+0x178>
10001fcc:	1ea2      	subs	r2, r4, #2
10001fce:	3c01      	subs	r4, #1
10001fd0:	069d      	lsls	r5, r3, #26
10001fd2:	d403      	bmi.n	10001fdc <_ntoa_format+0x220>
10001fd4:	2578      	movs	r5, #120	@ 0x78
10001fd6:	9f0c      	ldr	r7, [sp, #48]	@ 0x30
10001fd8:	54bd      	strb	r5, [r7, r2]
10001fda:	e760      	b.n	10001e9e <_ntoa_format+0xe2>
10001fdc:	2558      	movs	r5, #88	@ 0x58
10001fde:	9f0c      	ldr	r7, [sp, #48]	@ 0x30
10001fe0:	54bd      	strb	r5, [r7, r2]
10001fe2:	e75c      	b.n	10001e9e <_ntoa_format+0xe2>
10001fe4:	2278      	movs	r2, #120	@ 0x78
10001fe6:	9c0c      	ldr	r4, [sp, #48]	@ 0x30
10001fe8:	7022      	strb	r2, [r4, #0]
10001fea:	3a48      	subs	r2, #72	@ 0x48
10001fec:	7062      	strb	r2, [r4, #1]
10001fee:	2402      	movs	r4, #2
10001ff0:	e72c      	b.n	10001e4c <_ntoa_format+0x90>
10001ff2:	06da      	lsls	r2, r3, #27
10001ff4:	d400      	bmi.n	10001ff8 <_ntoa_format+0x23c>
10001ff6:	e733      	b.n	10001e60 <_ntoa_format+0xa4>
10001ff8:	055a      	lsls	r2, r3, #21
10001ffa:	d48b      	bmi.n	10001f14 <_ntoa_format+0x158>
10001ffc:	2f20      	cmp	r7, #32
10001ffe:	d000      	beq.n	10002002 <_ntoa_format+0x246>
10002000:	e744      	b.n	10001e8c <_ntoa_format+0xd0>
10002002:	221f      	movs	r2, #31
10002004:	e76f      	b.n	10001ee6 <_ntoa_format+0x12a>
10002006:	003c      	movs	r4, r7
10002008:	221f      	movs	r2, #31
1000200a:	e76c      	b.n	10001ee6 <_ntoa_format+0x12a>

1000200c <_out_char>:
1000200c:	b510      	push	{r4, lr}
1000200e:	2800      	cmp	r0, #0
10002010:	d100      	bne.n	10002014 <_out_char+0x8>
10002012:	bd10      	pop	{r4, pc}
10002014:	f002 f994 	bl	10004340 <__wrap_putchar>
10002018:	e7fb      	b.n	10002012 <_out_char+0x6>
1000201a:	46c0      	nop			@ (mov r8, r8)

1000201c <_out_fct>:
1000201c:	000b      	movs	r3, r1
1000201e:	b510      	push	{r4, lr}
10002020:	2800      	cmp	r0, #0
10002022:	d002      	beq.n	1000202a <_out_fct+0xe>
10002024:	6849      	ldr	r1, [r1, #4]
10002026:	681b      	ldr	r3, [r3, #0]
10002028:	4798      	blx	r3
1000202a:	bd10      	pop	{r4, pc}

1000202c <_etoa>:
1000202c:	b5f0      	push	{r4, r5, r6, r7, lr}
1000202e:	4657      	mov	r7, sl
10002030:	464e      	mov	r6, r9
10002032:	4645      	mov	r5, r8
10002034:	46de      	mov	lr, fp
10002036:	b5e0      	push	{r5, r6, r7, lr}
10002038:	b099      	sub	sp, #100	@ 0x64
1000203a:	4682      	mov	sl, r0
1000203c:	4689      	mov	r9, r1
1000203e:	4690      	mov	r8, r2
10002040:	9308      	str	r3, [sp, #32]
10002042:	9a22      	ldr	r2, [sp, #136]	@ 0x88
10002044:	9b23      	ldr	r3, [sp, #140]	@ 0x8c
10002046:	0010      	movs	r0, r2
10002048:	0019      	movs	r1, r3
1000204a:	f001 fd30 	bl	10003aae <__wrap___aeabi_dcmpun>
1000204e:	2800      	cmp	r0, #0
10002050:	d000      	beq.n	10002054 <_etoa+0x28>
10002052:	e0cd      	b.n	100021f0 <_etoa+0x1c4>
10002054:	9822      	ldr	r0, [sp, #136]	@ 0x88
10002056:	9923      	ldr	r1, [sp, #140]	@ 0x8c
10002058:	2201      	movs	r2, #1
1000205a:	4bd9      	ldr	r3, [pc, #868]	@ (100023c0 <_etoa+0x394>)
1000205c:	4252      	negs	r2, r2
1000205e:	f001 fd21 	bl	10003aa4 <__wrap___aeabi_dcmpgt>
10002062:	2800      	cmp	r0, #0
10002064:	d000      	beq.n	10002068 <_etoa+0x3c>
10002066:	e0c3      	b.n	100021f0 <_etoa+0x1c4>
10002068:	9822      	ldr	r0, [sp, #136]	@ 0x88
1000206a:	9923      	ldr	r1, [sp, #140]	@ 0x8c
1000206c:	2201      	movs	r2, #1
1000206e:	4bd5      	ldr	r3, [pc, #852]	@ (100023c4 <_etoa+0x398>)
10002070:	4252      	negs	r2, r2
10002072:	f001 fd09 	bl	10003a88 <__wrap___aeabi_dcmplt>
10002076:	2800      	cmp	r0, #0
10002078:	d000      	beq.n	1000207c <_etoa+0x50>
1000207a:	e0b9      	b.n	100021f0 <_etoa+0x1c4>
1000207c:	9822      	ldr	r0, [sp, #136]	@ 0x88
1000207e:	9923      	ldr	r1, [sp, #140]	@ 0x8c
10002080:	2200      	movs	r2, #0
10002082:	2300      	movs	r3, #0
10002084:	f001 fd00 	bl	10003a88 <__wrap___aeabi_dcmplt>
10002088:	2800      	cmp	r0, #0
1000208a:	d000      	beq.n	1000208e <_etoa+0x62>
1000208c:	e1f1      	b.n	10002472 <_etoa+0x446>
1000208e:	9e22      	ldr	r6, [sp, #136]	@ 0x88
10002090:	9f23      	ldr	r7, [sp, #140]	@ 0x8c
10002092:	2380      	movs	r3, #128	@ 0x80
10002094:	9a26      	ldr	r2, [sp, #152]	@ 0x98
10002096:	00db      	lsls	r3, r3, #3
10002098:	401a      	ands	r2, r3
1000209a:	920d      	str	r2, [sp, #52]	@ 0x34
1000209c:	9a26      	ldr	r2, [sp, #152]	@ 0x98
1000209e:	421a      	tst	r2, r3
100020a0:	d101      	bne.n	100020a6 <_etoa+0x7a>
100020a2:	2306      	movs	r3, #6
100020a4:	9324      	str	r3, [sp, #144]	@ 0x90
100020a6:	2380      	movs	r3, #128	@ 0x80
100020a8:	9a26      	ldr	r2, [sp, #152]	@ 0x98
100020aa:	011b      	lsls	r3, r3, #4
100020ac:	401a      	ands	r2, r3
100020ae:	003b      	movs	r3, r7
100020b0:	4693      	mov	fp, r2
100020b2:	9609      	str	r6, [sp, #36]	@ 0x24
100020b4:	4333      	orrs	r3, r6
100020b6:	d000      	beq.n	100020ba <_etoa+0x8e>
100020b8:	e0b3      	b.n	10002222 <_etoa+0x1f6>
100020ba:	2a00      	cmp	r2, #0
100020bc:	d000      	beq.n	100020c0 <_etoa+0x94>
100020be:	e1c2      	b.n	10002446 <_etoa+0x41a>
100020c0:	2300      	movs	r3, #0
100020c2:	2400      	movs	r4, #0
100020c4:	930a      	str	r3, [sp, #40]	@ 0x28
100020c6:	940b      	str	r4, [sp, #44]	@ 0x2c
100020c8:	2300      	movs	r3, #0
100020ca:	2504      	movs	r5, #4
100020cc:	9309      	str	r3, [sp, #36]	@ 0x24
100020ce:	9b25      	ldr	r3, [sp, #148]	@ 0x94
100020d0:	2400      	movs	r4, #0
100020d2:	42ab      	cmp	r3, r5
100020d4:	d900      	bls.n	100020d8 <_etoa+0xac>
100020d6:	1b5c      	subs	r4, r3, r5
100020d8:	2302      	movs	r3, #2
100020da:	9a26      	ldr	r2, [sp, #152]	@ 0x98
100020dc:	401a      	ands	r2, r3
100020de:	920c      	str	r2, [sp, #48]	@ 0x30
100020e0:	9a26      	ldr	r2, [sp, #152]	@ 0x98
100020e2:	4213      	tst	r3, r2
100020e4:	d003      	beq.n	100020ee <_etoa+0xc2>
100020e6:	426b      	negs	r3, r5
100020e8:	416b      	adcs	r3, r5
100020ea:	425b      	negs	r3, r3
100020ec:	401c      	ands	r4, r3
100020ee:	9b09      	ldr	r3, [sp, #36]	@ 0x24
100020f0:	2b00      	cmp	r3, #0
100020f2:	d007      	beq.n	10002104 <_etoa+0xd8>
100020f4:	9a0a      	ldr	r2, [sp, #40]	@ 0x28
100020f6:	9b0b      	ldr	r3, [sp, #44]	@ 0x2c
100020f8:	0030      	movs	r0, r6
100020fa:	0039      	movs	r1, r7
100020fc:	f001 fc63 	bl	100039c6 <__wrap___aeabi_ddiv>
10002100:	0006      	movs	r6, r0
10002102:	000f      	movs	r7, r1
10002104:	9822      	ldr	r0, [sp, #136]	@ 0x88
10002106:	9923      	ldr	r1, [sp, #140]	@ 0x8c
10002108:	2200      	movs	r2, #0
1000210a:	2300      	movs	r3, #0
1000210c:	f001 fcbc 	bl	10003a88 <__wrap___aeabi_dcmplt>
10002110:	2800      	cmp	r0, #0
10002112:	d003      	beq.n	1000211c <_etoa+0xf0>
10002114:	2180      	movs	r1, #128	@ 0x80
10002116:	0609      	lsls	r1, r1, #24
10002118:	187b      	adds	r3, r7, r1
1000211a:	001f      	movs	r7, r3
1000211c:	9a26      	ldr	r2, [sp, #152]	@ 0x98
1000211e:	4baa      	ldr	r3, [pc, #680]	@ (100023c8 <_etoa+0x39c>)
10002120:	9600      	str	r6, [sp, #0]
10002122:	9701      	str	r7, [sp, #4]
10002124:	4013      	ands	r3, r2
10002126:	9e08      	ldr	r6, [sp, #32]
10002128:	9304      	str	r3, [sp, #16]
1000212a:	9b24      	ldr	r3, [sp, #144]	@ 0x90
1000212c:	9403      	str	r4, [sp, #12]
1000212e:	9302      	str	r3, [sp, #8]
10002130:	4642      	mov	r2, r8
10002132:	0033      	movs	r3, r6
10002134:	4649      	mov	r1, r9
10002136:	4650      	mov	r0, sl
10002138:	f000 f9aa 	bl	10002490 <_ftoa>
1000213c:	0004      	movs	r4, r0
1000213e:	2d00      	cmp	r5, #0
10002140:	d067      	beq.n	10002212 <_etoa+0x1e6>
10002142:	2020      	movs	r0, #32
10002144:	9a26      	ldr	r2, [sp, #152]	@ 0x98
10002146:	4649      	mov	r1, r9
10002148:	4002      	ands	r2, r0
1000214a:	0013      	movs	r3, r2
1000214c:	425a      	negs	r2, r3
1000214e:	4153      	adcs	r3, r2
10002150:	425b      	negs	r3, r3
10002152:	1c62      	adds	r2, r4, #1
10002154:	4018      	ands	r0, r3
10002156:	920a      	str	r2, [sp, #40]	@ 0x28
10002158:	0033      	movs	r3, r6
1000215a:	0022      	movs	r2, r4
1000215c:	3045      	adds	r0, #69	@ 0x45
1000215e:	47d0      	blx	sl
10002160:	9a09      	ldr	r2, [sp, #36]	@ 0x24
10002162:	1e6f      	subs	r7, r5, #1
10002164:	17d3      	asrs	r3, r2, #31
10002166:	18d4      	adds	r4, r2, r3
10002168:	405c      	eors	r4, r3
1000216a:	0fd3      	lsrs	r3, r2, #31
1000216c:	469b      	mov	fp, r3
1000216e:	2500      	movs	r5, #0
10002170:	e001      	b.n	10002176 <_etoa+0x14a>
10002172:	2d20      	cmp	r5, #32
10002174:	d013      	beq.n	1000219e <_etoa+0x172>
10002176:	aa08      	add	r2, sp, #32
10002178:	4694      	mov	ip, r2
1000217a:	231f      	movs	r3, #31
1000217c:	0020      	movs	r0, r4
1000217e:	4463      	add	r3, ip
10002180:	210a      	movs	r1, #10
10002182:	3501      	adds	r5, #1
10002184:	195e      	adds	r6, r3, r5
10002186:	f001 f9d1 	bl	1000352c <__wrap___aeabi_uidiv>
1000218a:	3130      	adds	r1, #48	@ 0x30
1000218c:	7031      	strb	r1, [r6, #0]
1000218e:	0020      	movs	r0, r4
10002190:	210a      	movs	r1, #10
10002192:	f001 f9cb 	bl	1000352c <__wrap___aeabi_uidiv>
10002196:	0026      	movs	r6, r4
10002198:	0004      	movs	r4, r0
1000219a:	2e09      	cmp	r6, #9
1000219c:	d8e9      	bhi.n	10002172 <_etoa+0x146>
1000219e:	2305      	movs	r3, #5
100021a0:	9306      	str	r3, [sp, #24]
100021a2:	2300      	movs	r3, #0
100021a4:	9304      	str	r3, [sp, #16]
100021a6:	330a      	adds	r3, #10
100021a8:	9303      	str	r3, [sp, #12]
100021aa:	465b      	mov	r3, fp
100021ac:	9e08      	ldr	r6, [sp, #32]
100021ae:	9302      	str	r3, [sp, #8]
100021b0:	ab10      	add	r3, sp, #64	@ 0x40
100021b2:	9a0a      	ldr	r2, [sp, #40]	@ 0x28
100021b4:	9300      	str	r3, [sp, #0]
100021b6:	4649      	mov	r1, r9
100021b8:	0033      	movs	r3, r6
100021ba:	4650      	mov	r0, sl
100021bc:	9705      	str	r7, [sp, #20]
100021be:	9501      	str	r5, [sp, #4]
100021c0:	f7ff fdfc 	bl	10001dbc <_ntoa_format>
100021c4:	9a0c      	ldr	r2, [sp, #48]	@ 0x30
100021c6:	0004      	movs	r4, r0
100021c8:	2a00      	cmp	r2, #0
100021ca:	d022      	beq.n	10002212 <_etoa+0x1e6>
100021cc:	4642      	mov	r2, r8
100021ce:	1a85      	subs	r5, r0, r2
100021d0:	9a25      	ldr	r2, [sp, #148]	@ 0x94
100021d2:	42aa      	cmp	r2, r5
100021d4:	d91d      	bls.n	10002212 <_etoa+0x1e6>
100021d6:	46b0      	mov	r8, r6
100021d8:	4657      	mov	r7, sl
100021da:	0016      	movs	r6, r2
100021dc:	0022      	movs	r2, r4
100021de:	4643      	mov	r3, r8
100021e0:	4649      	mov	r1, r9
100021e2:	2020      	movs	r0, #32
100021e4:	3501      	adds	r5, #1
100021e6:	47b8      	blx	r7
100021e8:	3401      	adds	r4, #1
100021ea:	42ae      	cmp	r6, r5
100021ec:	d8f6      	bhi.n	100021dc <_etoa+0x1b0>
100021ee:	e010      	b.n	10002212 <_etoa+0x1e6>
100021f0:	9b26      	ldr	r3, [sp, #152]	@ 0x98
100021f2:	4642      	mov	r2, r8
100021f4:	9304      	str	r3, [sp, #16]
100021f6:	9b25      	ldr	r3, [sp, #148]	@ 0x94
100021f8:	4649      	mov	r1, r9
100021fa:	9303      	str	r3, [sp, #12]
100021fc:	9b24      	ldr	r3, [sp, #144]	@ 0x90
100021fe:	4650      	mov	r0, sl
10002200:	9302      	str	r3, [sp, #8]
10002202:	9b22      	ldr	r3, [sp, #136]	@ 0x88
10002204:	9c23      	ldr	r4, [sp, #140]	@ 0x8c
10002206:	9300      	str	r3, [sp, #0]
10002208:	9401      	str	r4, [sp, #4]
1000220a:	9b08      	ldr	r3, [sp, #32]
1000220c:	f000 f940 	bl	10002490 <_ftoa>
10002210:	0004      	movs	r4, r0
10002212:	0020      	movs	r0, r4
10002214:	b019      	add	sp, #100	@ 0x64
10002216:	bcf0      	pop	{r4, r5, r6, r7}
10002218:	46bb      	mov	fp, r7
1000221a:	46b2      	mov	sl, r6
1000221c:	46a9      	mov	r9, r5
1000221e:	46a0      	mov	r8, r4
10002220:	bdf0      	pop	{r4, r5, r6, r7, pc}
10002222:	4b6a      	ldr	r3, [pc, #424]	@ (100023cc <_etoa+0x3a0>)
10002224:	0078      	lsls	r0, r7, #1
10002226:	469c      	mov	ip, r3
10002228:	0d40      	lsrs	r0, r0, #21
1000222a:	4460      	add	r0, ip
1000222c:	f001 fc52 	bl	10003ad4 <__wrap___aeabi_i2d>
10002230:	4a67      	ldr	r2, [pc, #412]	@ (100023d0 <_etoa+0x3a4>)
10002232:	4b68      	ldr	r3, [pc, #416]	@ (100023d4 <_etoa+0x3a8>)
10002234:	f001 fbe5 	bl	10003a02 <__wrap___aeabi_dmul>
10002238:	4a67      	ldr	r2, [pc, #412]	@ (100023d8 <_etoa+0x3ac>)
1000223a:	4b68      	ldr	r3, [pc, #416]	@ (100023dc <_etoa+0x3b0>)
1000223c:	f001 fbba 	bl	100039b4 <__wrap___aeabi_dadd>
10002240:	4a67      	ldr	r2, [pc, #412]	@ (100023e0 <_etoa+0x3b4>)
10002242:	033b      	lsls	r3, r7, #12
10002244:	0b1b      	lsrs	r3, r3, #12
10002246:	431a      	orrs	r2, r3
10002248:	0004      	movs	r4, r0
1000224a:	000d      	movs	r5, r1
1000224c:	9809      	ldr	r0, [sp, #36]	@ 0x24
1000224e:	0011      	movs	r1, r2
10002250:	4b64      	ldr	r3, [pc, #400]	@ (100023e4 <_etoa+0x3b8>)
10002252:	2200      	movs	r2, #0
10002254:	f001 fba5 	bl	100039a2 <__wrap___aeabi_dsub>
10002258:	4a63      	ldr	r2, [pc, #396]	@ (100023e8 <_etoa+0x3bc>)
1000225a:	4b64      	ldr	r3, [pc, #400]	@ (100023ec <_etoa+0x3c0>)
1000225c:	f001 fbd1 	bl	10003a02 <__wrap___aeabi_dmul>
10002260:	0002      	movs	r2, r0
10002262:	000b      	movs	r3, r1
10002264:	0020      	movs	r0, r4
10002266:	0029      	movs	r1, r5
10002268:	f001 fba4 	bl	100039b4 <__wrap___aeabi_dadd>
1000226c:	f001 fc4a 	bl	10003b04 <__wrap___aeabi_d2iz>
10002270:	9009      	str	r0, [sp, #36]	@ 0x24
10002272:	f001 fc2f 	bl	10003ad4 <__wrap___aeabi_i2d>
10002276:	4a5e      	ldr	r2, [pc, #376]	@ (100023f0 <_etoa+0x3c4>)
10002278:	4b5e      	ldr	r3, [pc, #376]	@ (100023f4 <_etoa+0x3c8>)
1000227a:	0004      	movs	r4, r0
1000227c:	000d      	movs	r5, r1
1000227e:	f001 fbc0 	bl	10003a02 <__wrap___aeabi_dmul>
10002282:	2200      	movs	r2, #0
10002284:	4b5c      	ldr	r3, [pc, #368]	@ (100023f8 <_etoa+0x3cc>)
10002286:	f001 fb95 	bl	100039b4 <__wrap___aeabi_dadd>
1000228a:	f001 fc3b 	bl	10003b04 <__wrap___aeabi_d2iz>
1000228e:	4a5b      	ldr	r2, [pc, #364]	@ (100023fc <_etoa+0x3d0>)
10002290:	4b5b      	ldr	r3, [pc, #364]	@ (10002400 <_etoa+0x3d4>)
10002292:	0029      	movs	r1, r5
10002294:	900c      	str	r0, [sp, #48]	@ 0x30
10002296:	0020      	movs	r0, r4
10002298:	f001 fbb3 	bl	10003a02 <__wrap___aeabi_dmul>
1000229c:	0004      	movs	r4, r0
1000229e:	980c      	ldr	r0, [sp, #48]	@ 0x30
100022a0:	000d      	movs	r5, r1
100022a2:	f001 fc17 	bl	10003ad4 <__wrap___aeabi_i2d>
100022a6:	4a57      	ldr	r2, [pc, #348]	@ (10002404 <_etoa+0x3d8>)
100022a8:	4b57      	ldr	r3, [pc, #348]	@ (10002408 <_etoa+0x3dc>)
100022aa:	f001 fbaa 	bl	10003a02 <__wrap___aeabi_dmul>
100022ae:	0002      	movs	r2, r0
100022b0:	000b      	movs	r3, r1
100022b2:	0020      	movs	r0, r4
100022b4:	0029      	movs	r1, r5
100022b6:	f001 fb74 	bl	100039a2 <__wrap___aeabi_dsub>
100022ba:	0004      	movs	r4, r0
100022bc:	000d      	movs	r5, r1
100022be:	0002      	movs	r2, r0
100022c0:	000b      	movs	r3, r1
100022c2:	940a      	str	r4, [sp, #40]	@ 0x28
100022c4:	950b      	str	r5, [sp, #44]	@ 0x2c
100022c6:	f001 fb9c 	bl	10003a02 <__wrap___aeabi_dmul>
100022ca:	0004      	movs	r4, r0
100022cc:	000d      	movs	r5, r1
100022ce:	980a      	ldr	r0, [sp, #40]	@ 0x28
100022d0:	990b      	ldr	r1, [sp, #44]	@ 0x2c
100022d2:	0002      	movs	r2, r0
100022d4:	000b      	movs	r3, r1
100022d6:	f001 fb6d 	bl	100039b4 <__wrap___aeabi_dadd>
100022da:	2200      	movs	r2, #0
100022dc:	900e      	str	r0, [sp, #56]	@ 0x38
100022de:	910f      	str	r1, [sp, #60]	@ 0x3c
100022e0:	4b4a      	ldr	r3, [pc, #296]	@ (1000240c <_etoa+0x3e0>)
100022e2:	0020      	movs	r0, r4
100022e4:	0029      	movs	r1, r5
100022e6:	f001 fb6e 	bl	100039c6 <__wrap___aeabi_ddiv>
100022ea:	2200      	movs	r2, #0
100022ec:	4b48      	ldr	r3, [pc, #288]	@ (10002410 <_etoa+0x3e4>)
100022ee:	f001 fb61 	bl	100039b4 <__wrap___aeabi_dadd>
100022f2:	0002      	movs	r2, r0
100022f4:	000b      	movs	r3, r1
100022f6:	0020      	movs	r0, r4
100022f8:	0029      	movs	r1, r5
100022fa:	f001 fb64 	bl	100039c6 <__wrap___aeabi_ddiv>
100022fe:	2200      	movs	r2, #0
10002300:	4b44      	ldr	r3, [pc, #272]	@ (10002414 <_etoa+0x3e8>)
10002302:	f001 fb57 	bl	100039b4 <__wrap___aeabi_dadd>
10002306:	0002      	movs	r2, r0
10002308:	000b      	movs	r3, r1
1000230a:	0020      	movs	r0, r4
1000230c:	0029      	movs	r1, r5
1000230e:	f001 fb5a 	bl	100039c6 <__wrap___aeabi_ddiv>
10002312:	9a0a      	ldr	r2, [sp, #40]	@ 0x28
10002314:	9b0b      	ldr	r3, [sp, #44]	@ 0x2c
10002316:	000d      	movs	r5, r1
10002318:	2180      	movs	r1, #128	@ 0x80
1000231a:	0004      	movs	r4, r0
1000231c:	05c9      	lsls	r1, r1, #23
1000231e:	2000      	movs	r0, #0
10002320:	f001 fb3f 	bl	100039a2 <__wrap___aeabi_dsub>
10002324:	0002      	movs	r2, r0
10002326:	000b      	movs	r3, r1
10002328:	0020      	movs	r0, r4
1000232a:	0029      	movs	r1, r5
1000232c:	f001 fb42 	bl	100039b4 <__wrap___aeabi_dadd>
10002330:	0002      	movs	r2, r0
10002332:	000b      	movs	r3, r1
10002334:	980e      	ldr	r0, [sp, #56]	@ 0x38
10002336:	990f      	ldr	r1, [sp, #60]	@ 0x3c
10002338:	f001 fb45 	bl	100039c6 <__wrap___aeabi_ddiv>
1000233c:	2200      	movs	r2, #0
1000233e:	4b28      	ldr	r3, [pc, #160]	@ (100023e0 <_etoa+0x3b4>)
10002340:	f001 fb38 	bl	100039b4 <__wrap___aeabi_dadd>
10002344:	4b34      	ldr	r3, [pc, #208]	@ (10002418 <_etoa+0x3ec>)
10002346:	9c0c      	ldr	r4, [sp, #48]	@ 0x30
10002348:	469c      	mov	ip, r3
1000234a:	4464      	add	r4, ip
1000234c:	0523      	lsls	r3, r4, #20
1000234e:	2200      	movs	r2, #0
10002350:	f001 fb57 	bl	10003a02 <__wrap___aeabi_dmul>
10002354:	0004      	movs	r4, r0
10002356:	000d      	movs	r5, r1
10002358:	0002      	movs	r2, r0
1000235a:	000b      	movs	r3, r1
1000235c:	0030      	movs	r0, r6
1000235e:	0039      	movs	r1, r7
10002360:	940a      	str	r4, [sp, #40]	@ 0x28
10002362:	950b      	str	r5, [sp, #44]	@ 0x2c
10002364:	f001 fb90 	bl	10003a88 <__wrap___aeabi_dcmplt>
10002368:	2800      	cmp	r0, #0
1000236a:	d15d      	bne.n	10002428 <_etoa+0x3fc>
1000236c:	0023      	movs	r3, r4
1000236e:	002a      	movs	r2, r5
10002370:	25c6      	movs	r5, #198	@ 0xc6
10002372:	9909      	ldr	r1, [sp, #36]	@ 0x24
10002374:	3163      	adds	r1, #99	@ 0x63
10002376:	428d      	cmp	r5, r1
10002378:	41ad      	sbcs	r5, r5
1000237a:	4659      	mov	r1, fp
1000237c:	426d      	negs	r5, r5
1000237e:	3504      	adds	r5, #4
10002380:	2900      	cmp	r1, #0
10002382:	d100      	bne.n	10002386 <_etoa+0x35a>
10002384:	e6a3      	b.n	100020ce <_etoa+0xa2>
10002386:	4313      	orrs	r3, r2
10002388:	d063      	beq.n	10002452 <_etoa+0x426>
1000238a:	0030      	movs	r0, r6
1000238c:	0039      	movs	r1, r7
1000238e:	4a23      	ldr	r2, [pc, #140]	@ (1000241c <_etoa+0x3f0>)
10002390:	4b23      	ldr	r3, [pc, #140]	@ (10002420 <_etoa+0x3f4>)
10002392:	f001 fb7f 	bl	10003a94 <__wrap___aeabi_dcmpge>
10002396:	2800      	cmp	r0, #0
10002398:	d007      	beq.n	100023aa <_etoa+0x37e>
1000239a:	2200      	movs	r2, #0
1000239c:	0030      	movs	r0, r6
1000239e:	0039      	movs	r1, r7
100023a0:	4b20      	ldr	r3, [pc, #128]	@ (10002424 <_etoa+0x3f8>)
100023a2:	f001 fb71 	bl	10003a88 <__wrap___aeabi_dcmplt>
100023a6:	2800      	cmp	r0, #0
100023a8:	d153      	bne.n	10002452 <_etoa+0x426>
100023aa:	9b24      	ldr	r3, [sp, #144]	@ 0x90
100023ac:	2b00      	cmp	r3, #0
100023ae:	d100      	bne.n	100023b2 <_etoa+0x386>
100023b0:	e68d      	b.n	100020ce <_etoa+0xa2>
100023b2:	9b0d      	ldr	r3, [sp, #52]	@ 0x34
100023b4:	1e5a      	subs	r2, r3, #1
100023b6:	4193      	sbcs	r3, r2
100023b8:	9a24      	ldr	r2, [sp, #144]	@ 0x90
100023ba:	1ad3      	subs	r3, r2, r3
100023bc:	9324      	str	r3, [sp, #144]	@ 0x90
100023be:	e686      	b.n	100020ce <_etoa+0xa2>
100023c0:	7fefffff 	.word	0x7fefffff
100023c4:	ffefffff 	.word	0xffefffff
100023c8:	fffff7ff 	.word	0xfffff7ff
100023cc:	fffffc01 	.word	0xfffffc01
100023d0:	509f79fb 	.word	0x509f79fb
100023d4:	3fd34413 	.word	0x3fd34413
100023d8:	8b60c8b3 	.word	0x8b60c8b3
100023dc:	3fc68a28 	.word	0x3fc68a28
100023e0:	3ff00000 	.word	0x3ff00000
100023e4:	3ff80000 	.word	0x3ff80000
100023e8:	636f4361 	.word	0x636f4361
100023ec:	3fd287a7 	.word	0x3fd287a7
100023f0:	0979a371 	.word	0x0979a371
100023f4:	400a934f 	.word	0x400a934f
100023f8:	3fe00000 	.word	0x3fe00000
100023fc:	bbb55516 	.word	0xbbb55516
10002400:	40026bb1 	.word	0x40026bb1
10002404:	fefa39ef 	.word	0xfefa39ef
10002408:	3fe62e42 	.word	0x3fe62e42
1000240c:	402c0000 	.word	0x402c0000
10002410:	40240000 	.word	0x40240000
10002414:	40180000 	.word	0x40180000
10002418:	000003ff 	.word	0x000003ff
1000241c:	eb1c432d 	.word	0xeb1c432d
10002420:	3f1a36e2 	.word	0x3f1a36e2
10002424:	412e8480 	.word	0x412e8480
10002428:	9b09      	ldr	r3, [sp, #36]	@ 0x24
1000242a:	2200      	movs	r2, #0
1000242c:	3b01      	subs	r3, #1
1000242e:	9309      	str	r3, [sp, #36]	@ 0x24
10002430:	0020      	movs	r0, r4
10002432:	4b16      	ldr	r3, [pc, #88]	@ (1000248c <_etoa+0x460>)
10002434:	0029      	movs	r1, r5
10002436:	f001 fac6 	bl	100039c6 <__wrap___aeabi_ddiv>
1000243a:	000a      	movs	r2, r1
1000243c:	0001      	movs	r1, r0
1000243e:	0003      	movs	r3, r0
10002440:	910a      	str	r1, [sp, #40]	@ 0x28
10002442:	920b      	str	r2, [sp, #44]	@ 0x2c
10002444:	e794      	b.n	10002370 <_etoa+0x344>
10002446:	2300      	movs	r3, #0
10002448:	2400      	movs	r4, #0
1000244a:	930a      	str	r3, [sp, #40]	@ 0x28
1000244c:	940b      	str	r4, [sp, #44]	@ 0x2c
1000244e:	2300      	movs	r3, #0
10002450:	9309      	str	r3, [sp, #36]	@ 0x24
10002452:	9a24      	ldr	r2, [sp, #144]	@ 0x90
10002454:	9b09      	ldr	r3, [sp, #36]	@ 0x24
10002456:	429a      	cmp	r2, r3
10002458:	dd14      	ble.n	10002484 <_etoa+0x458>
1000245a:	1ad3      	subs	r3, r2, r3
1000245c:	3b01      	subs	r3, #1
1000245e:	9324      	str	r3, [sp, #144]	@ 0x90
10002460:	2380      	movs	r3, #128	@ 0x80
10002462:	9a26      	ldr	r2, [sp, #152]	@ 0x98
10002464:	00db      	lsls	r3, r3, #3
10002466:	431a      	orrs	r2, r3
10002468:	2300      	movs	r3, #0
1000246a:	2500      	movs	r5, #0
1000246c:	9226      	str	r2, [sp, #152]	@ 0x98
1000246e:	9309      	str	r3, [sp, #36]	@ 0x24
10002470:	e62d      	b.n	100020ce <_etoa+0xa2>
10002472:	2280      	movs	r2, #128	@ 0x80
10002474:	0612      	lsls	r2, r2, #24
10002476:	4694      	mov	ip, r2
10002478:	9b22      	ldr	r3, [sp, #136]	@ 0x88
1000247a:	001e      	movs	r6, r3
1000247c:	9b23      	ldr	r3, [sp, #140]	@ 0x8c
1000247e:	4463      	add	r3, ip
10002480:	001f      	movs	r7, r3
10002482:	e606      	b.n	10002092 <_etoa+0x66>
10002484:	2300      	movs	r3, #0
10002486:	9324      	str	r3, [sp, #144]	@ 0x90
10002488:	e7ea      	b.n	10002460 <_etoa+0x434>
1000248a:	46c0      	nop			@ (mov r8, r8)
1000248c:	40240000 	.word	0x40240000

10002490 <_ftoa>:
10002490:	b5f0      	push	{r4, r5, r6, r7, lr}
10002492:	4645      	mov	r5, r8
10002494:	46de      	mov	lr, fp
10002496:	464e      	mov	r6, r9
10002498:	4657      	mov	r7, sl
1000249a:	b5e0      	push	{r5, r6, r7, lr}
1000249c:	b095      	sub	sp, #84	@ 0x54
1000249e:	468b      	mov	fp, r1
100024a0:	4690      	mov	r8, r2
100024a2:	4699      	mov	r9, r3
100024a4:	9a1e      	ldr	r2, [sp, #120]	@ 0x78
100024a6:	9b1f      	ldr	r3, [sp, #124]	@ 0x7c
100024a8:	900a      	str	r0, [sp, #40]	@ 0x28
100024aa:	0019      	movs	r1, r3
100024ac:	0010      	movs	r0, r2
100024ae:	9d20      	ldr	r5, [sp, #128]	@ 0x80
100024b0:	f001 fafd 	bl	10003aae <__wrap___aeabi_dcmpun>
100024b4:	2800      	cmp	r0, #0
100024b6:	d000      	beq.n	100024ba <_ftoa+0x2a>
100024b8:	e1b0      	b.n	1000281c <_ftoa+0x38c>
100024ba:	981e      	ldr	r0, [sp, #120]	@ 0x78
100024bc:	991f      	ldr	r1, [sp, #124]	@ 0x7c
100024be:	2201      	movs	r2, #1
100024c0:	4bc7      	ldr	r3, [pc, #796]	@ (100027e0 <_ftoa+0x350>)
100024c2:	4252      	negs	r2, r2
100024c4:	f001 fae0 	bl	10003a88 <__wrap___aeabi_dcmplt>
100024c8:	2800      	cmp	r0, #0
100024ca:	d000      	beq.n	100024ce <_ftoa+0x3e>
100024cc:	e137      	b.n	1000273e <_ftoa+0x2ae>
100024ce:	981e      	ldr	r0, [sp, #120]	@ 0x78
100024d0:	991f      	ldr	r1, [sp, #124]	@ 0x7c
100024d2:	2201      	movs	r2, #1
100024d4:	4bc3      	ldr	r3, [pc, #780]	@ (100027e4 <_ftoa+0x354>)
100024d6:	4252      	negs	r2, r2
100024d8:	f001 fae4 	bl	10003aa4 <__wrap___aeabi_dcmpgt>
100024dc:	2800      	cmp	r0, #0
100024de:	d000      	beq.n	100024e2 <_ftoa+0x52>
100024e0:	e0a7      	b.n	10002632 <_ftoa+0x1a2>
100024e2:	981e      	ldr	r0, [sp, #120]	@ 0x78
100024e4:	991f      	ldr	r1, [sp, #124]	@ 0x7c
100024e6:	2200      	movs	r2, #0
100024e8:	4bbf      	ldr	r3, [pc, #764]	@ (100027e8 <_ftoa+0x358>)
100024ea:	f001 fadb 	bl	10003aa4 <__wrap___aeabi_dcmpgt>
100024ee:	2800      	cmp	r0, #0
100024f0:	d000      	beq.n	100024f4 <_ftoa+0x64>
100024f2:	e088      	b.n	10002606 <_ftoa+0x176>
100024f4:	981e      	ldr	r0, [sp, #120]	@ 0x78
100024f6:	991f      	ldr	r1, [sp, #124]	@ 0x7c
100024f8:	2200      	movs	r2, #0
100024fa:	4bbc      	ldr	r3, [pc, #752]	@ (100027ec <_ftoa+0x35c>)
100024fc:	f001 fac4 	bl	10003a88 <__wrap___aeabi_dcmplt>
10002500:	2800      	cmp	r0, #0
10002502:	d000      	beq.n	10002506 <_ftoa+0x76>
10002504:	e07f      	b.n	10002606 <_ftoa+0x176>
10002506:	981e      	ldr	r0, [sp, #120]	@ 0x78
10002508:	991f      	ldr	r1, [sp, #124]	@ 0x7c
1000250a:	2200      	movs	r2, #0
1000250c:	2300      	movs	r3, #0
1000250e:	f001 fabb 	bl	10003a88 <__wrap___aeabi_dcmplt>
10002512:	2800      	cmp	r0, #0
10002514:	d000      	beq.n	10002518 <_ftoa+0x88>
10002516:	e0fa      	b.n	1000270e <_ftoa+0x27e>
10002518:	2300      	movs	r3, #0
1000251a:	930b      	str	r3, [sp, #44]	@ 0x2c
1000251c:	2380      	movs	r3, #128	@ 0x80
1000251e:	9c22      	ldr	r4, [sp, #136]	@ 0x88
10002520:	9a22      	ldr	r2, [sp, #136]	@ 0x88
10002522:	00db      	lsls	r3, r3, #3
10002524:	401c      	ands	r4, r3
10002526:	421a      	tst	r2, r3
10002528:	d100      	bne.n	1000252c <_ftoa+0x9c>
1000252a:	e102      	b.n	10002732 <_ftoa+0x2a2>
1000252c:	2d09      	cmp	r5, #9
1000252e:	d800      	bhi.n	10002532 <_ftoa+0xa2>
10002530:	e17c      	b.n	1000282c <_ftoa+0x39c>
10002532:	a906      	add	r1, sp, #24
10002534:	468c      	mov	ip, r1
10002536:	002c      	movs	r4, r5
10002538:	2217      	movs	r2, #23
1000253a:	2300      	movs	r3, #0
1000253c:	2130      	movs	r1, #48	@ 0x30
1000253e:	3c09      	subs	r4, #9
10002540:	4462      	add	r2, ip
10002542:	3301      	adds	r3, #1
10002544:	54d1      	strb	r1, [r2, r3]
10002546:	1aef      	subs	r7, r5, r3
10002548:	2b20      	cmp	r3, #32
1000254a:	d100      	bne.n	1000254e <_ftoa+0xbe>
1000254c:	e132      	b.n	100027b4 <_ftoa+0x324>
1000254e:	42a3      	cmp	r3, r4
10002550:	d1f7      	bne.n	10002542 <_ftoa+0xb2>
10002552:	2200      	movs	r2, #0
10002554:	4ba4      	ldr	r3, [pc, #656]	@ (100027e8 <_ftoa+0x358>)
10002556:	9206      	str	r2, [sp, #24]
10002558:	9307      	str	r3, [sp, #28]
1000255a:	981e      	ldr	r0, [sp, #120]	@ 0x78
1000255c:	991f      	ldr	r1, [sp, #124]	@ 0x7c
1000255e:	f001 fad1 	bl	10003b04 <__wrap___aeabi_d2iz>
10002562:	0005      	movs	r5, r0
10002564:	f001 fab6 	bl	10003ad4 <__wrap___aeabi_i2d>
10002568:	0002      	movs	r2, r0
1000256a:	000b      	movs	r3, r1
1000256c:	981e      	ldr	r0, [sp, #120]	@ 0x78
1000256e:	991f      	ldr	r1, [sp, #124]	@ 0x7c
10002570:	f001 fa17 	bl	100039a2 <__wrap___aeabi_dsub>
10002574:	9a06      	ldr	r2, [sp, #24]
10002576:	9b07      	ldr	r3, [sp, #28]
10002578:	f001 fa43 	bl	10003a02 <__wrap___aeabi_dmul>
1000257c:	9008      	str	r0, [sp, #32]
1000257e:	9109      	str	r1, [sp, #36]	@ 0x24
10002580:	f001 fae4 	bl	10003b4c <__wrap___aeabi_d2uiz>
10002584:	0006      	movs	r6, r0
10002586:	f001 faa1 	bl	10003acc <__wrap___aeabi_ui2d>
1000258a:	0002      	movs	r2, r0
1000258c:	000b      	movs	r3, r1
1000258e:	9808      	ldr	r0, [sp, #32]
10002590:	9909      	ldr	r1, [sp, #36]	@ 0x24
10002592:	f001 fa06 	bl	100039a2 <__wrap___aeabi_dsub>
10002596:	2200      	movs	r2, #0
10002598:	4b95      	ldr	r3, [pc, #596]	@ (100027f0 <_ftoa+0x360>)
1000259a:	9008      	str	r0, [sp, #32]
1000259c:	9109      	str	r1, [sp, #36]	@ 0x24
1000259e:	f001 fa81 	bl	10003aa4 <__wrap___aeabi_dcmpgt>
100025a2:	2800      	cmp	r0, #0
100025a4:	d100      	bne.n	100025a8 <_ftoa+0x118>
100025a6:	e0d2      	b.n	1000274e <_ftoa+0x2be>
100025a8:	3601      	adds	r6, #1
100025aa:	0030      	movs	r0, r6
100025ac:	f001 fa8e 	bl	10003acc <__wrap___aeabi_ui2d>
100025b0:	9a06      	ldr	r2, [sp, #24]
100025b2:	9b07      	ldr	r3, [sp, #28]
100025b4:	f001 fa6e 	bl	10003a94 <__wrap___aeabi_dcmpge>
100025b8:	2800      	cmp	r0, #0
100025ba:	d001      	beq.n	100025c0 <_ftoa+0x130>
100025bc:	2600      	movs	r6, #0
100025be:	3501      	adds	r5, #1
100025c0:	46aa      	mov	sl, r5
100025c2:	2f00      	cmp	r7, #0
100025c4:	d000      	beq.n	100025c8 <_ftoa+0x138>
100025c6:	e098      	b.n	100026fa <_ftoa+0x26a>
100025c8:	0028      	movs	r0, r5
100025ca:	f001 fa83 	bl	10003ad4 <__wrap___aeabi_i2d>
100025ce:	0002      	movs	r2, r0
100025d0:	000b      	movs	r3, r1
100025d2:	981e      	ldr	r0, [sp, #120]	@ 0x78
100025d4:	991f      	ldr	r1, [sp, #124]	@ 0x7c
100025d6:	f001 f9e4 	bl	100039a2 <__wrap___aeabi_dsub>
100025da:	4b85      	ldr	r3, [pc, #532]	@ (100027f0 <_ftoa+0x360>)
100025dc:	2200      	movs	r2, #0
100025de:	0006      	movs	r6, r0
100025e0:	000f      	movs	r7, r1
100025e2:	f001 fa51 	bl	10003a88 <__wrap___aeabi_dcmplt>
100025e6:	ab0c      	add	r3, sp, #48	@ 0x30
100025e8:	469a      	mov	sl, r3
100025ea:	2800      	cmp	r0, #0
100025ec:	d145      	bne.n	1000267a <_ftoa+0x1ea>
100025ee:	2200      	movs	r2, #0
100025f0:	0030      	movs	r0, r6
100025f2:	0039      	movs	r1, r7
100025f4:	4b7e      	ldr	r3, [pc, #504]	@ (100027f0 <_ftoa+0x360>)
100025f6:	f001 fa55 	bl	10003aa4 <__wrap___aeabi_dcmpgt>
100025fa:	2800      	cmp	r0, #0
100025fc:	d13d      	bne.n	1000267a <_ftoa+0x1ea>
100025fe:	07eb      	lsls	r3, r5, #31
10002600:	d53b      	bpl.n	1000267a <_ftoa+0x1ea>
10002602:	3501      	adds	r5, #1
10002604:	e039      	b.n	1000267a <_ftoa+0x1ea>
10002606:	9b22      	ldr	r3, [sp, #136]	@ 0x88
10002608:	4642      	mov	r2, r8
1000260a:	9304      	str	r3, [sp, #16]
1000260c:	9b21      	ldr	r3, [sp, #132]	@ 0x84
1000260e:	4659      	mov	r1, fp
10002610:	9303      	str	r3, [sp, #12]
10002612:	980a      	ldr	r0, [sp, #40]	@ 0x28
10002614:	9b1e      	ldr	r3, [sp, #120]	@ 0x78
10002616:	9c1f      	ldr	r4, [sp, #124]	@ 0x7c
10002618:	9502      	str	r5, [sp, #8]
1000261a:	9300      	str	r3, [sp, #0]
1000261c:	9401      	str	r4, [sp, #4]
1000261e:	464b      	mov	r3, r9
10002620:	f7ff fd04 	bl	1000202c <_etoa>
10002624:	b015      	add	sp, #84	@ 0x54
10002626:	bcf0      	pop	{r4, r5, r6, r7}
10002628:	46bb      	mov	fp, r7
1000262a:	46b2      	mov	sl, r6
1000262c:	46a9      	mov	r9, r5
1000262e:	46a0      	mov	r8, r4
10002630:	bdf0      	pop	{r4, r5, r6, r7, pc}
10002632:	9b22      	ldr	r3, [sp, #136]	@ 0x88
10002634:	075b      	lsls	r3, r3, #29
10002636:	d467      	bmi.n	10002708 <_ftoa+0x278>
10002638:	2203      	movs	r2, #3
1000263a:	4b6e      	ldr	r3, [pc, #440]	@ (100027f4 <_ftoa+0x364>)
1000263c:	9922      	ldr	r1, [sp, #136]	@ 0x88
1000263e:	9201      	str	r2, [sp, #4]
10002640:	9103      	str	r1, [sp, #12]
10002642:	9921      	ldr	r1, [sp, #132]	@ 0x84
10002644:	9102      	str	r1, [sp, #8]
10002646:	9300      	str	r3, [sp, #0]
10002648:	4642      	mov	r2, r8
1000264a:	464b      	mov	r3, r9
1000264c:	4659      	mov	r1, fp
1000264e:	980a      	ldr	r0, [sp, #40]	@ 0x28
10002650:	f7ff fb5e 	bl	10001d10 <_out_rev>
10002654:	e7e6      	b.n	10002624 <_ftoa+0x194>
10002656:	aa06      	add	r2, sp, #24
10002658:	4694      	mov	ip, r2
1000265a:	2317      	movs	r3, #23
1000265c:	0028      	movs	r0, r5
1000265e:	4463      	add	r3, ip
10002660:	210a      	movs	r1, #10
10002662:	3401      	adds	r4, #1
10002664:	191e      	adds	r6, r3, r4
10002666:	f000 ff39 	bl	100034dc <__wrap___aeabi_idiv>
1000266a:	3130      	adds	r1, #48	@ 0x30
1000266c:	0028      	movs	r0, r5
1000266e:	7031      	strb	r1, [r6, #0]
10002670:	210a      	movs	r1, #10
10002672:	f000 ff33 	bl	100034dc <__wrap___aeabi_idiv>
10002676:	1e05      	subs	r5, r0, #0
10002678:	d076      	beq.n	10002768 <_ftoa+0x2d8>
1000267a:	2c20      	cmp	r4, #32
1000267c:	d1eb      	bne.n	10002656 <_ftoa+0x1c6>
1000267e:	2303      	movs	r3, #3
10002680:	9a22      	ldr	r2, [sp, #136]	@ 0x88
10002682:	4013      	ands	r3, r2
10002684:	2b01      	cmp	r3, #1
10002686:	d11d      	bne.n	100026c4 <_ftoa+0x234>
10002688:	9b21      	ldr	r3, [sp, #132]	@ 0x84
1000268a:	2b00      	cmp	r3, #0
1000268c:	d01a      	beq.n	100026c4 <_ftoa+0x234>
1000268e:	9b0b      	ldr	r3, [sp, #44]	@ 0x2c
10002690:	2b00      	cmp	r3, #0
10002692:	d000      	beq.n	10002696 <_ftoa+0x206>
10002694:	e0bb      	b.n	1000280e <_ftoa+0x37e>
10002696:	9a22      	ldr	r2, [sp, #136]	@ 0x88
10002698:	330c      	adds	r3, #12
1000269a:	4213      	tst	r3, r2
1000269c:	d000      	beq.n	100026a0 <_ftoa+0x210>
1000269e:	e0b6      	b.n	1000280e <_ftoa+0x37e>
100026a0:	9b21      	ldr	r3, [sp, #132]	@ 0x84
100026a2:	42a3      	cmp	r3, r4
100026a4:	d800      	bhi.n	100026a8 <_ftoa+0x218>
100026a6:	e087      	b.n	100027b8 <_ftoa+0x328>
100026a8:	ab06      	add	r3, sp, #24
100026aa:	469c      	mov	ip, r3
100026ac:	2217      	movs	r2, #23
100026ae:	2330      	movs	r3, #48	@ 0x30
100026b0:	4462      	add	r2, ip
100026b2:	e004      	b.n	100026be <_ftoa+0x22e>
100026b4:	9921      	ldr	r1, [sp, #132]	@ 0x84
100026b6:	3401      	adds	r4, #1
100026b8:	5513      	strb	r3, [r2, r4]
100026ba:	428c      	cmp	r4, r1
100026bc:	d059      	beq.n	10002772 <_ftoa+0x2e2>
100026be:	2c20      	cmp	r4, #32
100026c0:	d1f8      	bne.n	100026b4 <_ftoa+0x224>
100026c2:	2420      	movs	r4, #32
100026c4:	9b22      	ldr	r3, [sp, #136]	@ 0x88
100026c6:	9401      	str	r4, [sp, #4]
100026c8:	9303      	str	r3, [sp, #12]
100026ca:	9b21      	ldr	r3, [sp, #132]	@ 0x84
100026cc:	9302      	str	r3, [sp, #8]
100026ce:	4653      	mov	r3, sl
100026d0:	e7b9      	b.n	10002646 <_ftoa+0x1b6>
100026d2:	aa06      	add	r2, sp, #24
100026d4:	4694      	mov	ip, r2
100026d6:	2317      	movs	r3, #23
100026d8:	210a      	movs	r1, #10
100026da:	4463      	add	r3, ip
100026dc:	0030      	movs	r0, r6
100026de:	3401      	adds	r4, #1
100026e0:	191d      	adds	r5, r3, r4
100026e2:	f000 ff23 	bl	1000352c <__wrap___aeabi_uidiv>
100026e6:	3130      	adds	r1, #48	@ 0x30
100026e8:	7029      	strb	r1, [r5, #0]
100026ea:	0030      	movs	r0, r6
100026ec:	210a      	movs	r1, #10
100026ee:	3f01      	subs	r7, #1
100026f0:	f000 ff1c 	bl	1000352c <__wrap___aeabi_uidiv>
100026f4:	2e09      	cmp	r6, #9
100026f6:	d946      	bls.n	10002786 <_ftoa+0x2f6>
100026f8:	0006      	movs	r6, r0
100026fa:	2c20      	cmp	r4, #32
100026fc:	d1e9      	bne.n	100026d2 <_ftoa+0x242>
100026fe:	4655      	mov	r5, sl
10002700:	ab0c      	add	r3, sp, #48	@ 0x30
10002702:	2420      	movs	r4, #32
10002704:	469a      	mov	sl, r3
10002706:	e7b8      	b.n	1000267a <_ftoa+0x1ea>
10002708:	2204      	movs	r2, #4
1000270a:	4b3b      	ldr	r3, [pc, #236]	@ (100027f8 <_ftoa+0x368>)
1000270c:	e796      	b.n	1000263c <_ftoa+0x1ac>
1000270e:	9a1e      	ldr	r2, [sp, #120]	@ 0x78
10002710:	9b1f      	ldr	r3, [sp, #124]	@ 0x7c
10002712:	2000      	movs	r0, #0
10002714:	2100      	movs	r1, #0
10002716:	f001 f944 	bl	100039a2 <__wrap___aeabi_dsub>
1000271a:	2301      	movs	r3, #1
1000271c:	930b      	str	r3, [sp, #44]	@ 0x2c
1000271e:	2380      	movs	r3, #128	@ 0x80
10002720:	9c22      	ldr	r4, [sp, #136]	@ 0x88
10002722:	9a22      	ldr	r2, [sp, #136]	@ 0x88
10002724:	00db      	lsls	r3, r3, #3
10002726:	901e      	str	r0, [sp, #120]	@ 0x78
10002728:	911f      	str	r1, [sp, #124]	@ 0x7c
1000272a:	401c      	ands	r4, r3
1000272c:	421a      	tst	r2, r3
1000272e:	d000      	beq.n	10002732 <_ftoa+0x2a2>
10002730:	e6fc      	b.n	1000252c <_ftoa+0x9c>
10002732:	2200      	movs	r2, #0
10002734:	4b31      	ldr	r3, [pc, #196]	@ (100027fc <_ftoa+0x36c>)
10002736:	2706      	movs	r7, #6
10002738:	9206      	str	r2, [sp, #24]
1000273a:	9307      	str	r3, [sp, #28]
1000273c:	e70d      	b.n	1000255a <_ftoa+0xca>
1000273e:	9b22      	ldr	r3, [sp, #136]	@ 0x88
10002740:	9303      	str	r3, [sp, #12]
10002742:	9b21      	ldr	r3, [sp, #132]	@ 0x84
10002744:	9302      	str	r3, [sp, #8]
10002746:	2304      	movs	r3, #4
10002748:	9301      	str	r3, [sp, #4]
1000274a:	4b2d      	ldr	r3, [pc, #180]	@ (10002800 <_ftoa+0x370>)
1000274c:	e77b      	b.n	10002646 <_ftoa+0x1b6>
1000274e:	2200      	movs	r2, #0
10002750:	9808      	ldr	r0, [sp, #32]
10002752:	9909      	ldr	r1, [sp, #36]	@ 0x24
10002754:	4b26      	ldr	r3, [pc, #152]	@ (100027f0 <_ftoa+0x360>)
10002756:	f001 f997 	bl	10003a88 <__wrap___aeabi_dcmplt>
1000275a:	2800      	cmp	r0, #0
1000275c:	d000      	beq.n	10002760 <_ftoa+0x2d0>
1000275e:	e72f      	b.n	100025c0 <_ftoa+0x130>
10002760:	2e00      	cmp	r6, #0
10002762:	d14f      	bne.n	10002804 <_ftoa+0x374>
10002764:	3601      	adds	r6, #1
10002766:	e72b      	b.n	100025c0 <_ftoa+0x130>
10002768:	2303      	movs	r3, #3
1000276a:	9a22      	ldr	r2, [sp, #136]	@ 0x88
1000276c:	4013      	ands	r3, r2
1000276e:	2b01      	cmp	r3, #1
10002770:	d066      	beq.n	10002840 <_ftoa+0x3b0>
10002772:	2c20      	cmp	r4, #32
10002774:	d0a6      	beq.n	100026c4 <_ftoa+0x234>
10002776:	9b0b      	ldr	r3, [sp, #44]	@ 0x2c
10002778:	2b00      	cmp	r3, #0
1000277a:	d01f      	beq.n	100027bc <_ftoa+0x32c>
1000277c:	232d      	movs	r3, #45	@ 0x2d
1000277e:	4652      	mov	r2, sl
10002780:	5513      	strb	r3, [r2, r4]
10002782:	3401      	adds	r4, #1
10002784:	e79e      	b.n	100026c4 <_ftoa+0x234>
10002786:	4655      	mov	r5, sl
10002788:	2c20      	cmp	r4, #32
1000278a:	d0b9      	beq.n	10002700 <_ftoa+0x270>
1000278c:	2330      	movs	r3, #48	@ 0x30
1000278e:	193a      	adds	r2, r7, r4
10002790:	2f00      	cmp	r7, #0
10002792:	d008      	beq.n	100027a6 <_ftoa+0x316>
10002794:	2017      	movs	r0, #23
10002796:	a906      	add	r1, sp, #24
10002798:	3401      	adds	r4, #1
1000279a:	1809      	adds	r1, r1, r0
1000279c:	550b      	strb	r3, [r1, r4]
1000279e:	2c20      	cmp	r4, #32
100027a0:	d0ae      	beq.n	10002700 <_ftoa+0x270>
100027a2:	4294      	cmp	r4, r2
100027a4:	d1f6      	bne.n	10002794 <_ftoa+0x304>
100027a6:	ab0c      	add	r3, sp, #48	@ 0x30
100027a8:	469a      	mov	sl, r3
100027aa:	232e      	movs	r3, #46	@ 0x2e
100027ac:	4652      	mov	r2, sl
100027ae:	5513      	strb	r3, [r2, r4]
100027b0:	3401      	adds	r4, #1
100027b2:	e762      	b.n	1000267a <_ftoa+0x1ea>
100027b4:	2420      	movs	r4, #32
100027b6:	e6cc      	b.n	10002552 <_ftoa+0xc2>
100027b8:	2c20      	cmp	r4, #32
100027ba:	d083      	beq.n	100026c4 <_ftoa+0x234>
100027bc:	9b22      	ldr	r3, [sp, #136]	@ 0x88
100027be:	075b      	lsls	r3, r3, #29
100027c0:	d408      	bmi.n	100027d4 <_ftoa+0x344>
100027c2:	9b22      	ldr	r3, [sp, #136]	@ 0x88
100027c4:	071b      	lsls	r3, r3, #28
100027c6:	d400      	bmi.n	100027ca <_ftoa+0x33a>
100027c8:	e77c      	b.n	100026c4 <_ftoa+0x234>
100027ca:	2320      	movs	r3, #32
100027cc:	4652      	mov	r2, sl
100027ce:	5513      	strb	r3, [r2, r4]
100027d0:	3401      	adds	r4, #1
100027d2:	e777      	b.n	100026c4 <_ftoa+0x234>
100027d4:	232b      	movs	r3, #43	@ 0x2b
100027d6:	4652      	mov	r2, sl
100027d8:	5513      	strb	r3, [r2, r4]
100027da:	3401      	adds	r4, #1
100027dc:	e772      	b.n	100026c4 <_ftoa+0x234>
100027de:	46c0      	nop			@ (mov r8, r8)
100027e0:	ffefffff 	.word	0xffefffff
100027e4:	7fefffff 	.word	0x7fefffff
100027e8:	41cdcd65 	.word	0x41cdcd65
100027ec:	c1cdcd65 	.word	0xc1cdcd65
100027f0:	3fe00000 	.word	0x3fe00000
100027f4:	10006a38 	.word	0x10006a38
100027f8:	10006a30 	.word	0x10006a30
100027fc:	412e8480 	.word	0x412e8480
10002800:	10006a40 	.word	0x10006a40
10002804:	07f3      	lsls	r3, r6, #31
10002806:	d400      	bmi.n	1000280a <_ftoa+0x37a>
10002808:	e6da      	b.n	100025c0 <_ftoa+0x130>
1000280a:	3601      	adds	r6, #1
1000280c:	e6d8      	b.n	100025c0 <_ftoa+0x130>
1000280e:	9b21      	ldr	r3, [sp, #132]	@ 0x84
10002810:	3b01      	subs	r3, #1
10002812:	9321      	str	r3, [sp, #132]	@ 0x84
10002814:	42a3      	cmp	r3, r4
10002816:	d900      	bls.n	1000281a <_ftoa+0x38a>
10002818:	e746      	b.n	100026a8 <_ftoa+0x218>
1000281a:	e7aa      	b.n	10002772 <_ftoa+0x2e2>
1000281c:	9b22      	ldr	r3, [sp, #136]	@ 0x88
1000281e:	9303      	str	r3, [sp, #12]
10002820:	9b21      	ldr	r3, [sp, #132]	@ 0x84
10002822:	9302      	str	r3, [sp, #8]
10002824:	2303      	movs	r3, #3
10002826:	9301      	str	r3, [sp, #4]
10002828:	4b07      	ldr	r3, [pc, #28]	@ (10002848 <_ftoa+0x3b8>)
1000282a:	e70c      	b.n	10002646 <_ftoa+0x1b6>
1000282c:	4b07      	ldr	r3, [pc, #28]	@ (1000284c <_ftoa+0x3bc>)
1000282e:	00ea      	lsls	r2, r5, #3
10002830:	189b      	adds	r3, r3, r2
10002832:	685c      	ldr	r4, [r3, #4]
10002834:	681b      	ldr	r3, [r3, #0]
10002836:	002f      	movs	r7, r5
10002838:	9306      	str	r3, [sp, #24]
1000283a:	9407      	str	r4, [sp, #28]
1000283c:	2400      	movs	r4, #0
1000283e:	e68c      	b.n	1000255a <_ftoa+0xca>
10002840:	9b21      	ldr	r3, [sp, #132]	@ 0x84
10002842:	2b00      	cmp	r3, #0
10002844:	d095      	beq.n	10002772 <_ftoa+0x2e2>
10002846:	e722      	b.n	1000268e <_ftoa+0x1fe>
10002848:	10006a3c 	.word	0x10006a3c
1000284c:	10006cd0 	.word	0x10006cd0

10002850 <_vsnprintf>:
10002850:	b5f0      	push	{r4, r5, r6, r7, lr}
10002852:	4657      	mov	r7, sl
10002854:	46de      	mov	lr, fp
10002856:	464e      	mov	r6, r9
10002858:	4645      	mov	r5, r8
1000285a:	b5e0      	push	{r5, r6, r7, lr}
1000285c:	b0a5      	sub	sp, #148	@ 0x94
1000285e:	001f      	movs	r7, r3
10002860:	9b2e      	ldr	r3, [sp, #184]	@ 0xb8
10002862:	4691      	mov	r9, r2
10002864:	930d      	str	r3, [sp, #52]	@ 0x34
10002866:	4aca      	ldr	r2, [pc, #808]	@ (10002b90 <_vsnprintf+0x340>)
10002868:	4bca      	ldr	r3, [pc, #808]	@ (10002b94 <_vsnprintf+0x344>)
1000286a:	4682      	mov	sl, r0
1000286c:	468b      	mov	fp, r1
1000286e:	601a      	str	r2, [r3, #0]
10002870:	2900      	cmp	r1, #0
10002872:	d100      	bne.n	10002876 <_vsnprintf+0x26>
10002874:	e229      	b.n	10002cca <_vsnprintf+0x47a>
10002876:	2300      	movs	r3, #0
10002878:	7838      	ldrb	r0, [r7, #0]
1000287a:	4698      	mov	r8, r3
1000287c:	2800      	cmp	r0, #0
1000287e:	d100      	bne.n	10002882 <_vsnprintf+0x32>
10002880:	e22b      	b.n	10002cda <_vsnprintf+0x48a>
10002882:	4bc5      	ldr	r3, [pc, #788]	@ (10002b98 <_vsnprintf+0x348>)
10002884:	4644      	mov	r4, r8
10002886:	930c      	str	r3, [sp, #48]	@ 0x30
10002888:	4bc4      	ldr	r3, [pc, #784]	@ (10002b9c <_vsnprintf+0x34c>)
1000288a:	4655      	mov	r5, sl
1000288c:	464e      	mov	r6, r9
1000288e:	930e      	str	r3, [sp, #56]	@ 0x38
10002890:	e00a      	b.n	100028a8 <_vsnprintf+0x58>
10002892:	1c63      	adds	r3, r4, #1
10002894:	4698      	mov	r8, r3
10002896:	0022      	movs	r2, r4
10002898:	0033      	movs	r3, r6
1000289a:	4659      	mov	r1, fp
1000289c:	47a8      	blx	r5
1000289e:	4644      	mov	r4, r8
100028a0:	7838      	ldrb	r0, [r7, #0]
100028a2:	2800      	cmp	r0, #0
100028a4:	d100      	bne.n	100028a8 <_vsnprintf+0x58>
100028a6:	e087      	b.n	100029b8 <_vsnprintf+0x168>
100028a8:	3701      	adds	r7, #1
100028aa:	2825      	cmp	r0, #37	@ 0x25
100028ac:	d1f1      	bne.n	10002892 <_vsnprintf+0x42>
100028ae:	2308      	movs	r3, #8
100028b0:	469a      	mov	sl, r3
100028b2:	3b04      	subs	r3, #4
100028b4:	4699      	mov	r9, r3
100028b6:	3b02      	subs	r3, #2
100028b8:	4698      	mov	r8, r3
100028ba:	3b01      	subs	r3, #1
100028bc:	2200      	movs	r2, #0
100028be:	469c      	mov	ip, r3
100028c0:	940b      	str	r4, [sp, #44]	@ 0x2c
100028c2:	7838      	ldrb	r0, [r7, #0]
100028c4:	1c79      	adds	r1, r7, #1
100028c6:	0003      	movs	r3, r0
100028c8:	3b20      	subs	r3, #32
100028ca:	b2db      	uxtb	r3, r3
100028cc:	2b10      	cmp	r3, #16
100028ce:	d803      	bhi.n	100028d8 <_vsnprintf+0x88>
100028d0:	9c0c      	ldr	r4, [sp, #48]	@ 0x30
100028d2:	009b      	lsls	r3, r3, #2
100028d4:	58e3      	ldr	r3, [r4, r3]
100028d6:	469f      	mov	pc, r3
100028d8:	0003      	movs	r3, r0
100028da:	3b30      	subs	r3, #48	@ 0x30
100028dc:	9c0b      	ldr	r4, [sp, #44]	@ 0x2c
100028de:	920b      	str	r2, [sp, #44]	@ 0x2c
100028e0:	2b09      	cmp	r3, #9
100028e2:	d93a      	bls.n	1000295a <_vsnprintf+0x10a>
100028e4:	2300      	movs	r3, #0
100028e6:	4698      	mov	r8, r3
100028e8:	282a      	cmp	r0, #42	@ 0x2a
100028ea:	d100      	bne.n	100028ee <_vsnprintf+0x9e>
100028ec:	e0dd      	b.n	10002aaa <_vsnprintf+0x25a>
100028ee:	2300      	movs	r3, #0
100028f0:	469a      	mov	sl, r3
100028f2:	282e      	cmp	r0, #46	@ 0x2e
100028f4:	d04b      	beq.n	1000298e <_vsnprintf+0x13e>
100028f6:	0003      	movs	r3, r0
100028f8:	3b68      	subs	r3, #104	@ 0x68
100028fa:	b2db      	uxtb	r3, r3
100028fc:	2b12      	cmp	r3, #18
100028fe:	d81e      	bhi.n	1000293e <_vsnprintf+0xee>
10002900:	9a0e      	ldr	r2, [sp, #56]	@ 0x38
10002902:	009b      	lsls	r3, r3, #2
10002904:	58d3      	ldr	r3, [r2, r3]
10002906:	469f      	mov	pc, r3
10002908:	4663      	mov	r3, ip
1000290a:	000f      	movs	r7, r1
1000290c:	431a      	orrs	r2, r3
1000290e:	e7d8      	b.n	100028c2 <_vsnprintf+0x72>
10002910:	4643      	mov	r3, r8
10002912:	000f      	movs	r7, r1
10002914:	431a      	orrs	r2, r3
10002916:	e7d4      	b.n	100028c2 <_vsnprintf+0x72>
10002918:	464b      	mov	r3, r9
1000291a:	000f      	movs	r7, r1
1000291c:	431a      	orrs	r2, r3
1000291e:	e7d0      	b.n	100028c2 <_vsnprintf+0x72>
10002920:	2310      	movs	r3, #16
10002922:	000f      	movs	r7, r1
10002924:	431a      	orrs	r2, r3
10002926:	e7cc      	b.n	100028c2 <_vsnprintf+0x72>
10002928:	4653      	mov	r3, sl
1000292a:	000f      	movs	r7, r1
1000292c:	431a      	orrs	r2, r3
1000292e:	e7c8      	b.n	100028c2 <_vsnprintf+0x72>
10002930:	2380      	movs	r3, #128	@ 0x80
10002932:	005b      	lsls	r3, r3, #1
10002934:	9a0b      	ldr	r2, [sp, #44]	@ 0x2c
10002936:	7878      	ldrb	r0, [r7, #1]
10002938:	431a      	orrs	r2, r3
1000293a:	920b      	str	r2, [sp, #44]	@ 0x2c
1000293c:	3101      	adds	r1, #1
1000293e:	000f      	movs	r7, r1
10002940:	2867      	cmp	r0, #103	@ 0x67
10002942:	d84f      	bhi.n	100029e4 <_vsnprintf+0x194>
10002944:	2824      	cmp	r0, #36	@ 0x24
10002946:	d9a4      	bls.n	10002892 <_vsnprintf+0x42>
10002948:	0003      	movs	r3, r0
1000294a:	3b25      	subs	r3, #37	@ 0x25
1000294c:	b2db      	uxtb	r3, r3
1000294e:	2b42      	cmp	r3, #66	@ 0x42
10002950:	d89f      	bhi.n	10002892 <_vsnprintf+0x42>
10002952:	4993      	ldr	r1, [pc, #588]	@ (10002ba0 <_vsnprintf+0x350>)
10002954:	009b      	lsls	r3, r3, #2
10002956:	58cb      	ldr	r3, [r1, r3]
10002958:	469f      	mov	pc, r3
1000295a:	2300      	movs	r3, #0
1000295c:	4698      	mov	r8, r3
1000295e:	9b0b      	ldr	r3, [sp, #44]	@ 0x2c
10002960:	4647      	mov	r7, r8
10002962:	469c      	mov	ip, r3
10002964:	e000      	b.n	10002968 <_vsnprintf+0x118>
10002966:	3101      	adds	r1, #1
10002968:	00bb      	lsls	r3, r7, #2
1000296a:	19db      	adds	r3, r3, r7
1000296c:	005b      	lsls	r3, r3, #1
1000296e:	181f      	adds	r7, r3, r0
10002970:	7808      	ldrb	r0, [r1, #0]
10002972:	3f30      	subs	r7, #48	@ 0x30
10002974:	0003      	movs	r3, r0
10002976:	3b30      	subs	r3, #48	@ 0x30
10002978:	2b09      	cmp	r3, #9
1000297a:	d9f4      	bls.n	10002966 <_vsnprintf+0x116>
1000297c:	4663      	mov	r3, ip
1000297e:	930b      	str	r3, [sp, #44]	@ 0x2c
10002980:	2300      	movs	r3, #0
10002982:	46b8      	mov	r8, r7
10002984:	469a      	mov	sl, r3
10002986:	000f      	movs	r7, r1
10002988:	3101      	adds	r1, #1
1000298a:	282e      	cmp	r0, #46	@ 0x2e
1000298c:	d1b3      	bne.n	100028f6 <_vsnprintf+0xa6>
1000298e:	2080      	movs	r0, #128	@ 0x80
10002990:	9a0b      	ldr	r2, [sp, #44]	@ 0x2c
10002992:	00c0      	lsls	r0, r0, #3
10002994:	4302      	orrs	r2, r0
10002996:	920b      	str	r2, [sp, #44]	@ 0x2c
10002998:	2230      	movs	r2, #48	@ 0x30
1000299a:	4252      	negs	r2, r2
1000299c:	4694      	mov	ip, r2
1000299e:	7878      	ldrb	r0, [r7, #1]
100029a0:	000b      	movs	r3, r1
100029a2:	4484      	add	ip, r0
100029a4:	4662      	mov	r2, ip
100029a6:	2a09      	cmp	r2, #9
100029a8:	d800      	bhi.n	100029ac <_vsnprintf+0x15c>
100029aa:	e1aa      	b.n	10002d02 <_vsnprintf+0x4b2>
100029ac:	282a      	cmp	r0, #42	@ 0x2a
100029ae:	d100      	bne.n	100029b2 <_vsnprintf+0x162>
100029b0:	e1b9      	b.n	10002d26 <_vsnprintf+0x4d6>
100029b2:	000f      	movs	r7, r1
100029b4:	3101      	adds	r1, #1
100029b6:	e79e      	b.n	100028f6 <_vsnprintf+0xa6>
100029b8:	46a0      	mov	r8, r4
100029ba:	46aa      	mov	sl, r5
100029bc:	46b1      	mov	r9, r6
100029be:	45c8      	cmp	r8, r9
100029c0:	d303      	bcc.n	100029ca <_vsnprintf+0x17a>
100029c2:	2301      	movs	r3, #1
100029c4:	425b      	negs	r3, r3
100029c6:	444b      	add	r3, r9
100029c8:	4698      	mov	r8, r3
100029ca:	464b      	mov	r3, r9
100029cc:	4642      	mov	r2, r8
100029ce:	4659      	mov	r1, fp
100029d0:	2000      	movs	r0, #0
100029d2:	47d0      	blx	sl
100029d4:	0020      	movs	r0, r4
100029d6:	b025      	add	sp, #148	@ 0x94
100029d8:	bcf0      	pop	{r4, r5, r6, r7}
100029da:	46bb      	mov	fp, r7
100029dc:	46b2      	mov	sl, r6
100029de:	46a9      	mov	r9, r5
100029e0:	46a0      	mov	r8, r4
100029e2:	bdf0      	pop	{r4, r5, r6, r7, pc}
100029e4:	0001      	movs	r1, r0
100029e6:	3969      	subs	r1, #105	@ 0x69
100029e8:	b2c9      	uxtb	r1, r1
100029ea:	290f      	cmp	r1, #15
100029ec:	d900      	bls.n	100029f0 <_vsnprintf+0x1a0>
100029ee:	e750      	b.n	10002892 <_vsnprintf+0x42>
100029f0:	2301      	movs	r3, #1
100029f2:	408b      	lsls	r3, r1
100029f4:	469c      	mov	ip, r3
100029f6:	4b6b      	ldr	r3, [pc, #428]	@ (10002ba4 <_vsnprintf+0x354>)
100029f8:	4699      	mov	r9, r3
100029fa:	4663      	mov	r3, ip
100029fc:	464a      	mov	r2, r9
100029fe:	4013      	ands	r3, r2
10002a00:	930f      	str	r3, [sp, #60]	@ 0x3c
10002a02:	4662      	mov	r2, ip
10002a04:	464b      	mov	r3, r9
10002a06:	421a      	tst	r2, r3
10002a08:	d000      	beq.n	10002a0c <_vsnprintf+0x1bc>
10002a0a:	e168      	b.n	10002cde <_vsnprintf+0x48e>
10002a0c:	290a      	cmp	r1, #10
10002a0e:	d056      	beq.n	10002abe <_vsnprintf+0x26e>
10002a10:	2907      	cmp	r1, #7
10002a12:	d000      	beq.n	10002a16 <_vsnprintf+0x1c6>
10002a14:	e73d      	b.n	10002892 <_vsnprintf+0x42>
10002a16:	9b0d      	ldr	r3, [sp, #52]	@ 0x34
10002a18:	cb02      	ldmia	r3!, {r1}
10002a1a:	4698      	mov	r8, r3
10002a1c:	2900      	cmp	r1, #0
10002a1e:	d000      	beq.n	10002a22 <_vsnprintf+0x1d2>
10002a20:	e192      	b.n	10002d48 <_vsnprintf+0x4f8>
10002a22:	9b0b      	ldr	r3, [sp, #44]	@ 0x2c
10002a24:	2110      	movs	r1, #16
10002a26:	001a      	movs	r2, r3
10002a28:	438a      	bics	r2, r1
10002a2a:	0010      	movs	r0, r2
10002a2c:	3111      	adds	r1, #17
10002a2e:	4308      	orrs	r0, r1
10002a30:	4681      	mov	r9, r0
10002a32:	2080      	movs	r0, #128	@ 0x80
10002a34:	001a      	movs	r2, r3
10002a36:	00c0      	lsls	r0, r0, #3
10002a38:	4002      	ands	r2, r0
10002a3a:	0011      	movs	r1, r2
10002a3c:	4203      	tst	r3, r0
10002a3e:	d11c      	bne.n	10002a7a <_vsnprintf+0x22a>
10002a40:	ab14      	add	r3, sp, #80	@ 0x50
10002a42:	469c      	mov	ip, r3
10002a44:	221f      	movs	r2, #31
10002a46:	230f      	movs	r3, #15
10002a48:	4462      	add	r2, ip
10002a4a:	950d      	str	r5, [sp, #52]	@ 0x34
10002a4c:	469c      	mov	ip, r3
10002a4e:	0015      	movs	r5, r2
10002a50:	9b0f      	ldr	r3, [sp, #60]	@ 0x3c
10002a52:	940b      	str	r4, [sp, #44]	@ 0x2c
10002a54:	e002      	b.n	10002a5c <_vsnprintf+0x20c>
10002a56:	2b20      	cmp	r3, #32
10002a58:	d00c      	beq.n	10002a74 <_vsnprintf+0x224>
10002a5a:	0011      	movs	r1, r2
10002a5c:	4664      	mov	r4, ip
10002a5e:	400c      	ands	r4, r1
10002a60:	0020      	movs	r0, r4
10002a62:	3037      	adds	r0, #55	@ 0x37
10002a64:	2c09      	cmp	r4, #9
10002a66:	d800      	bhi.n	10002a6a <_vsnprintf+0x21a>
10002a68:	3807      	subs	r0, #7
10002a6a:	3301      	adds	r3, #1
10002a6c:	54e8      	strb	r0, [r5, r3]
10002a6e:	090a      	lsrs	r2, r1, #4
10002a70:	290f      	cmp	r1, #15
10002a72:	d8f0      	bhi.n	10002a56 <_vsnprintf+0x206>
10002a74:	9c0b      	ldr	r4, [sp, #44]	@ 0x2c
10002a76:	9d0d      	ldr	r5, [sp, #52]	@ 0x34
10002a78:	930f      	str	r3, [sp, #60]	@ 0x3c
10002a7a:	464b      	mov	r3, r9
10002a7c:	2208      	movs	r2, #8
10002a7e:	9306      	str	r3, [sp, #24]
10002a80:	4653      	mov	r3, sl
10002a82:	9205      	str	r2, [sp, #20]
10002a84:	3208      	adds	r2, #8
10002a86:	9203      	str	r2, [sp, #12]
10002a88:	2200      	movs	r2, #0
10002a8a:	9304      	str	r3, [sp, #16]
10002a8c:	9b0f      	ldr	r3, [sp, #60]	@ 0x3c
10002a8e:	9202      	str	r2, [sp, #8]
10002a90:	9301      	str	r3, [sp, #4]
10002a92:	ab1c      	add	r3, sp, #112	@ 0x70
10002a94:	0022      	movs	r2, r4
10002a96:	9300      	str	r3, [sp, #0]
10002a98:	4659      	mov	r1, fp
10002a9a:	0033      	movs	r3, r6
10002a9c:	0028      	movs	r0, r5
10002a9e:	f7ff f98d 	bl	10001dbc <_ntoa_format>
10002aa2:	4643      	mov	r3, r8
10002aa4:	0004      	movs	r4, r0
10002aa6:	930d      	str	r3, [sp, #52]	@ 0x34
10002aa8:	e6fa      	b.n	100028a0 <_vsnprintf+0x50>
10002aaa:	9b0d      	ldr	r3, [sp, #52]	@ 0x34
10002aac:	cb04      	ldmia	r3!, {r2}
10002aae:	4690      	mov	r8, r2
10002ab0:	2a00      	cmp	r2, #0
10002ab2:	db79      	blt.n	10002ba8 <_vsnprintf+0x358>
10002ab4:	7878      	ldrb	r0, [r7, #1]
10002ab6:	930d      	str	r3, [sp, #52]	@ 0x34
10002ab8:	000f      	movs	r7, r1
10002aba:	3101      	adds	r1, #1
10002abc:	e717      	b.n	100028ee <_vsnprintf+0x9e>
10002abe:	9b0d      	ldr	r3, [sp, #52]	@ 0x34
10002ac0:	cb02      	ldmia	r3!, {r1}
10002ac2:	9314      	str	r3, [sp, #80]	@ 0x50
10002ac4:	780b      	ldrb	r3, [r1, #0]
10002ac6:	469c      	mov	ip, r3
10002ac8:	0018      	movs	r0, r3
10002aca:	4653      	mov	r3, sl
10002acc:	2b00      	cmp	r3, #0
10002ace:	d100      	bne.n	10002ad2 <_vsnprintf+0x282>
10002ad0:	e134      	b.n	10002d3c <_vsnprintf+0x4ec>
10002ad2:	2800      	cmp	r0, #0
10002ad4:	d015      	beq.n	10002b02 <_vsnprintf+0x2b2>
10002ad6:	4653      	mov	r3, sl
10002ad8:	3b01      	subs	r3, #1
10002ada:	3301      	adds	r3, #1
10002adc:	4699      	mov	r9, r3
10002ade:	940d      	str	r4, [sp, #52]	@ 0x34
10002ae0:	9c0b      	ldr	r4, [sp, #44]	@ 0x2c
10002ae2:	4489      	add	r9, r1
10002ae4:	464a      	mov	r2, r9
10002ae6:	000b      	movs	r3, r1
10002ae8:	46a1      	mov	r9, r4
10002aea:	e001      	b.n	10002af0 <_vsnprintf+0x2a0>
10002aec:	4293      	cmp	r3, r2
10002aee:	d003      	beq.n	10002af8 <_vsnprintf+0x2a8>
10002af0:	785c      	ldrb	r4, [r3, #1]
10002af2:	3301      	adds	r3, #1
10002af4:	2c00      	cmp	r4, #0
10002af6:	d1f9      	bne.n	10002aec <_vsnprintf+0x29c>
10002af8:	464a      	mov	r2, r9
10002afa:	1a5b      	subs	r3, r3, r1
10002afc:	9c0d      	ldr	r4, [sp, #52]	@ 0x34
10002afe:	920b      	str	r2, [sp, #44]	@ 0x2c
10002b00:	930f      	str	r3, [sp, #60]	@ 0x3c
10002b02:	2380      	movs	r3, #128	@ 0x80
10002b04:	00db      	lsls	r3, r3, #3
10002b06:	4699      	mov	r9, r3
10002b08:	9a0b      	ldr	r2, [sp, #44]	@ 0x2c
10002b0a:	4013      	ands	r3, r2
10002b0c:	930d      	str	r3, [sp, #52]	@ 0x34
10002b0e:	464b      	mov	r3, r9
10002b10:	421a      	tst	r2, r3
10002b12:	d004      	beq.n	10002b1e <_vsnprintf+0x2ce>
10002b14:	9b0f      	ldr	r3, [sp, #60]	@ 0x3c
10002b16:	4553      	cmp	r3, sl
10002b18:	d901      	bls.n	10002b1e <_vsnprintf+0x2ce>
10002b1a:	4653      	mov	r3, sl
10002b1c:	930f      	str	r3, [sp, #60]	@ 0x3c
10002b1e:	2302      	movs	r3, #2
10002b20:	4699      	mov	r9, r3
10002b22:	9a0b      	ldr	r2, [sp, #44]	@ 0x2c
10002b24:	4013      	ands	r3, r2
10002b26:	930b      	str	r3, [sp, #44]	@ 0x2c
10002b28:	464b      	mov	r3, r9
10002b2a:	4213      	tst	r3, r2
10002b2c:	d100      	bne.n	10002b30 <_vsnprintf+0x2e0>
10002b2e:	e1f5      	b.n	10002f1c <_vsnprintf+0x6cc>
10002b30:	4663      	mov	r3, ip
10002b32:	2b00      	cmp	r3, #0
10002b34:	d100      	bne.n	10002b38 <_vsnprintf+0x2e8>
10002b36:	e1d6      	b.n	10002ee6 <_vsnprintf+0x696>
10002b38:	9b0d      	ldr	r3, [sp, #52]	@ 0x34
10002b3a:	2b00      	cmp	r3, #0
10002b3c:	d100      	bne.n	10002b40 <_vsnprintf+0x2f0>
10002b3e:	e182      	b.n	10002e46 <_vsnprintf+0x5f6>
10002b40:	1b0b      	subs	r3, r1, r4
10002b42:	46d1      	mov	r9, sl
10002b44:	0031      	movs	r1, r6
10002b46:	469a      	mov	sl, r3
10002b48:	003b      	movs	r3, r7
10002b4a:	44a1      	add	r9, r4
10002b4c:	002e      	movs	r6, r5
10002b4e:	465f      	mov	r7, fp
10002b50:	464d      	mov	r5, r9
10002b52:	0022      	movs	r2, r4
10002b54:	469b      	mov	fp, r3
10002b56:	4689      	mov	r9, r1
10002b58:	e009      	b.n	10002b6e <_vsnprintf+0x31e>
10002b5a:	464b      	mov	r3, r9
10002b5c:	0039      	movs	r1, r7
10002b5e:	1c54      	adds	r4, r2, #1
10002b60:	47b0      	blx	r6
10002b62:	4653      	mov	r3, sl
10002b64:	5d18      	ldrb	r0, [r3, r4]
10002b66:	2800      	cmp	r0, #0
10002b68:	d100      	bne.n	10002b6c <_vsnprintf+0x31c>
10002b6a:	e192      	b.n	10002e92 <_vsnprintf+0x642>
10002b6c:	0022      	movs	r2, r4
10002b6e:	4295      	cmp	r5, r2
10002b70:	d1f3      	bne.n	10002b5a <_vsnprintf+0x30a>
10002b72:	464b      	mov	r3, r9
10002b74:	465a      	mov	r2, fp
10002b76:	46a9      	mov	r9, r5
10002b78:	46bb      	mov	fp, r7
10002b7a:	0035      	movs	r5, r6
10002b7c:	0017      	movs	r7, r2
10002b7e:	001e      	movs	r6, r3
10002b80:	464c      	mov	r4, r9
10002b82:	9b0b      	ldr	r3, [sp, #44]	@ 0x2c
10002b84:	2b00      	cmp	r3, #0
10002b86:	d000      	beq.n	10002b8a <_vsnprintf+0x33a>
10002b88:	e1ad      	b.n	10002ee6 <_vsnprintf+0x696>
10002b8a:	9b14      	ldr	r3, [sp, #80]	@ 0x50
10002b8c:	930d      	str	r3, [sp, #52]	@ 0x34
10002b8e:	e687      	b.n	100028a0 <_vsnprintf+0x50>
10002b90:	10002851 	.word	0x10002851
10002b94:	20001be4 	.word	0x20001be4
10002b98:	10006b30 	.word	0x10006b30
10002b9c:	10006b74 	.word	0x10006b74
10002ba0:	10006bc0 	.word	0x10006bc0
10002ba4:	00009041 	.word	0x00009041
10002ba8:	9a0b      	ldr	r2, [sp, #44]	@ 0x2c
10002baa:	3828      	subs	r0, #40	@ 0x28
10002bac:	4302      	orrs	r2, r0
10002bae:	920b      	str	r2, [sp, #44]	@ 0x2c
10002bb0:	4642      	mov	r2, r8
10002bb2:	4252      	negs	r2, r2
10002bb4:	7878      	ldrb	r0, [r7, #1]
10002bb6:	4690      	mov	r8, r2
10002bb8:	000f      	movs	r7, r1
10002bba:	930d      	str	r3, [sp, #52]	@ 0x34
10002bbc:	3101      	adds	r1, #1
10002bbe:	e696      	b.n	100028ee <_vsnprintf+0x9e>
10002bc0:	7878      	ldrb	r0, [r7, #1]
10002bc2:	286c      	cmp	r0, #108	@ 0x6c
10002bc4:	d100      	bne.n	10002bc8 <_vsnprintf+0x378>
10002bc6:	e15d      	b.n	10002e84 <_vsnprintf+0x634>
10002bc8:	2380      	movs	r3, #128	@ 0x80
10002bca:	9a0b      	ldr	r2, [sp, #44]	@ 0x2c
10002bcc:	005b      	lsls	r3, r3, #1
10002bce:	431a      	orrs	r2, r3
10002bd0:	920b      	str	r2, [sp, #44]	@ 0x2c
10002bd2:	3101      	adds	r1, #1
10002bd4:	e6b3      	b.n	1000293e <_vsnprintf+0xee>
10002bd6:	2380      	movs	r3, #128	@ 0x80
10002bd8:	009b      	lsls	r3, r3, #2
10002bda:	e6ab      	b.n	10002934 <_vsnprintf+0xe4>
10002bdc:	7878      	ldrb	r0, [r7, #1]
10002bde:	2868      	cmp	r0, #104	@ 0x68
10002be0:	d100      	bne.n	10002be4 <_vsnprintf+0x394>
10002be2:	e148      	b.n	10002e76 <_vsnprintf+0x626>
10002be4:	2380      	movs	r3, #128	@ 0x80
10002be6:	9a0b      	ldr	r2, [sp, #44]	@ 0x2c
10002be8:	3101      	adds	r1, #1
10002bea:	431a      	orrs	r2, r3
10002bec:	920b      	str	r2, [sp, #44]	@ 0x2c
10002bee:	e6a6      	b.n	1000293e <_vsnprintf+0xee>
10002bf0:	2867      	cmp	r0, #103	@ 0x67
10002bf2:	d100      	bne.n	10002bf6 <_vsnprintf+0x3a6>
10002bf4:	e0b2      	b.n	10002d5c <_vsnprintf+0x50c>
10002bf6:	2847      	cmp	r0, #71	@ 0x47
10002bf8:	d100      	bne.n	10002bfc <_vsnprintf+0x3ac>
10002bfa:	e11a      	b.n	10002e32 <_vsnprintf+0x5e2>
10002bfc:	2845      	cmp	r0, #69	@ 0x45
10002bfe:	d100      	bne.n	10002c02 <_vsnprintf+0x3b2>
10002c00:	e11c      	b.n	10002e3c <_vsnprintf+0x5ec>
10002c02:	9a0b      	ldr	r2, [sp, #44]	@ 0x2c
10002c04:	2107      	movs	r1, #7
10002c06:	9204      	str	r2, [sp, #16]
10002c08:	4642      	mov	r2, r8
10002c0a:	9b0d      	ldr	r3, [sp, #52]	@ 0x34
10002c0c:	9203      	str	r2, [sp, #12]
10002c0e:	3307      	adds	r3, #7
10002c10:	4652      	mov	r2, sl
10002c12:	438b      	bics	r3, r1
10002c14:	0019      	movs	r1, r3
10002c16:	9202      	str	r2, [sp, #8]
10002c18:	c90c      	ldmia	r1!, {r2, r3}
10002c1a:	0028      	movs	r0, r5
10002c1c:	9200      	str	r2, [sp, #0]
10002c1e:	9301      	str	r3, [sp, #4]
10002c20:	910d      	str	r1, [sp, #52]	@ 0x34
10002c22:	0022      	movs	r2, r4
10002c24:	0033      	movs	r3, r6
10002c26:	4659      	mov	r1, fp
10002c28:	f7ff fa00 	bl	1000202c <_etoa>
10002c2c:	0004      	movs	r4, r0
10002c2e:	e637      	b.n	100028a0 <_vsnprintf+0x50>
10002c30:	2846      	cmp	r0, #70	@ 0x46
10002c32:	d100      	bne.n	10002c36 <_vsnprintf+0x3e6>
10002c34:	e08d      	b.n	10002d52 <_vsnprintf+0x502>
10002c36:	9a0b      	ldr	r2, [sp, #44]	@ 0x2c
10002c38:	2107      	movs	r1, #7
10002c3a:	9204      	str	r2, [sp, #16]
10002c3c:	4642      	mov	r2, r8
10002c3e:	9b0d      	ldr	r3, [sp, #52]	@ 0x34
10002c40:	9203      	str	r2, [sp, #12]
10002c42:	3307      	adds	r3, #7
10002c44:	4652      	mov	r2, sl
10002c46:	438b      	bics	r3, r1
10002c48:	0019      	movs	r1, r3
10002c4a:	9202      	str	r2, [sp, #8]
10002c4c:	c90c      	ldmia	r1!, {r2, r3}
10002c4e:	0028      	movs	r0, r5
10002c50:	9200      	str	r2, [sp, #0]
10002c52:	9301      	str	r3, [sp, #4]
10002c54:	910d      	str	r1, [sp, #52]	@ 0x34
10002c56:	0022      	movs	r2, r4
10002c58:	0033      	movs	r3, r6
10002c5a:	4659      	mov	r1, fp
10002c5c:	f7ff fc18 	bl	10002490 <_ftoa>
10002c60:	0004      	movs	r4, r0
10002c62:	e61d      	b.n	100028a0 <_vsnprintf+0x50>
10002c64:	1c63      	adds	r3, r4, #1
10002c66:	4698      	mov	r8, r3
10002c68:	0022      	movs	r2, r4
10002c6a:	0033      	movs	r3, r6
10002c6c:	4659      	mov	r1, fp
10002c6e:	2025      	movs	r0, #37	@ 0x25
10002c70:	47a8      	blx	r5
10002c72:	4644      	mov	r4, r8
10002c74:	e614      	b.n	100028a0 <_vsnprintf+0x50>
10002c76:	9b0d      	ldr	r3, [sp, #52]	@ 0x34
10002c78:	3304      	adds	r3, #4
10002c7a:	930f      	str	r3, [sp, #60]	@ 0x3c
10002c7c:	1c63      	adds	r3, r4, #1
10002c7e:	4699      	mov	r9, r3
10002c80:	9b0b      	ldr	r3, [sp, #44]	@ 0x2c
10002c82:	079a      	lsls	r2, r3, #30
10002c84:	d400      	bmi.n	10002c88 <_vsnprintf+0x438>
10002c86:	e10a      	b.n	10002e9e <_vsnprintf+0x64e>
10002c88:	9b0d      	ldr	r3, [sp, #52]	@ 0x34
10002c8a:	0022      	movs	r2, r4
10002c8c:	7818      	ldrb	r0, [r3, #0]
10002c8e:	4659      	mov	r1, fp
10002c90:	0033      	movs	r3, r6
10002c92:	47a8      	blx	r5
10002c94:	4643      	mov	r3, r8
10002c96:	4444      	add	r4, r8
10002c98:	2b01      	cmp	r3, #1
10002c9a:	d800      	bhi.n	10002c9e <_vsnprintf+0x44e>
10002c9c:	e16f      	b.n	10002f7e <_vsnprintf+0x72e>
10002c9e:	46b0      	mov	r8, r6
10002ca0:	002e      	movs	r6, r5
10002ca2:	0025      	movs	r5, r4
10002ca4:	464c      	mov	r4, r9
10002ca6:	46b9      	mov	r9, r7
10002ca8:	465f      	mov	r7, fp
10002caa:	0022      	movs	r2, r4
10002cac:	4643      	mov	r3, r8
10002cae:	3401      	adds	r4, #1
10002cb0:	0039      	movs	r1, r7
10002cb2:	2020      	movs	r0, #32
10002cb4:	47b0      	blx	r6
10002cb6:	42ac      	cmp	r4, r5
10002cb8:	d1f7      	bne.n	10002caa <_vsnprintf+0x45a>
10002cba:	002c      	movs	r4, r5
10002cbc:	46bb      	mov	fp, r7
10002cbe:	0035      	movs	r5, r6
10002cc0:	464f      	mov	r7, r9
10002cc2:	4646      	mov	r6, r8
10002cc4:	9b0f      	ldr	r3, [sp, #60]	@ 0x3c
10002cc6:	930d      	str	r3, [sp, #52]	@ 0x34
10002cc8:	e5ea      	b.n	100028a0 <_vsnprintf+0x50>
10002cca:	4bd6      	ldr	r3, [pc, #856]	@ (10003024 <_vsnprintf+0x7d4>)
10002ccc:	7838      	ldrb	r0, [r7, #0]
10002cce:	469a      	mov	sl, r3
10002cd0:	2300      	movs	r3, #0
10002cd2:	4698      	mov	r8, r3
10002cd4:	2800      	cmp	r0, #0
10002cd6:	d000      	beq.n	10002cda <_vsnprintf+0x48a>
10002cd8:	e5d3      	b.n	10002882 <_vsnprintf+0x32>
10002cda:	2400      	movs	r4, #0
10002cdc:	e66f      	b.n	100029be <_vsnprintf+0x16e>
10002cde:	286f      	cmp	r0, #111	@ 0x6f
10002ce0:	d042      	beq.n	10002d68 <_vsnprintf+0x518>
10002ce2:	d800      	bhi.n	10002ce6 <_vsnprintf+0x496>
10002ce4:	e1fd      	b.n	100030e2 <_vsnprintf+0x892>
10002ce6:	2310      	movs	r3, #16
10002ce8:	2878      	cmp	r0, #120	@ 0x78
10002cea:	d100      	bne.n	10002cee <_vsnprintf+0x49e>
10002cec:	e09b      	b.n	10002e26 <_vsnprintf+0x5d6>
10002cee:	9a0b      	ldr	r2, [sp, #44]	@ 0x2c
10002cf0:	439a      	bics	r2, r3
10002cf2:	920b      	str	r2, [sp, #44]	@ 0x2c
10002cf4:	230a      	movs	r3, #10
10002cf6:	469c      	mov	ip, r3
10002cf8:	2300      	movs	r3, #0
10002cfa:	9314      	str	r3, [sp, #80]	@ 0x50
10002cfc:	330a      	adds	r3, #10
10002cfe:	930f      	str	r3, [sp, #60]	@ 0x3c
10002d00:	e038      	b.n	10002d74 <_vsnprintf+0x524>
10002d02:	4657      	mov	r7, sl
10002d04:	9a0b      	ldr	r2, [sp, #44]	@ 0x2c
10002d06:	00b9      	lsls	r1, r7, #2
10002d08:	19c9      	adds	r1, r1, r7
10002d0a:	0049      	lsls	r1, r1, #1
10002d0c:	3301      	adds	r3, #1
10002d0e:	180f      	adds	r7, r1, r0
10002d10:	7818      	ldrb	r0, [r3, #0]
10002d12:	3f30      	subs	r7, #48	@ 0x30
10002d14:	0001      	movs	r1, r0
10002d16:	3930      	subs	r1, #48	@ 0x30
10002d18:	2909      	cmp	r1, #9
10002d1a:	d9f4      	bls.n	10002d06 <_vsnprintf+0x4b6>
10002d1c:	46ba      	mov	sl, r7
10002d1e:	920b      	str	r2, [sp, #44]	@ 0x2c
10002d20:	001f      	movs	r7, r3
10002d22:	1c59      	adds	r1, r3, #1
10002d24:	e5e7      	b.n	100028f6 <_vsnprintf+0xa6>
10002d26:	9b0d      	ldr	r3, [sp, #52]	@ 0x34
10002d28:	78b8      	ldrb	r0, [r7, #2]
10002d2a:	cb04      	ldmia	r3!, {r2}
10002d2c:	3702      	adds	r7, #2
10002d2e:	43d1      	mvns	r1, r2
10002d30:	17c9      	asrs	r1, r1, #31
10002d32:	400a      	ands	r2, r1
10002d34:	4692      	mov	sl, r2
10002d36:	930d      	str	r3, [sp, #52]	@ 0x34
10002d38:	1c79      	adds	r1, r7, #1
10002d3a:	e5dc      	b.n	100028f6 <_vsnprintf+0xa6>
10002d3c:	2800      	cmp	r0, #0
10002d3e:	d100      	bne.n	10002d42 <_vsnprintf+0x4f2>
10002d40:	e6df      	b.n	10002b02 <_vsnprintf+0x2b2>
10002d42:	2302      	movs	r3, #2
10002d44:	425b      	negs	r3, r3
10002d46:	e6c8      	b.n	10002ada <_vsnprintf+0x28a>
10002d48:	2021      	movs	r0, #33	@ 0x21
10002d4a:	9a0b      	ldr	r2, [sp, #44]	@ 0x2c
10002d4c:	4302      	orrs	r2, r0
10002d4e:	4691      	mov	r9, r2
10002d50:	e676      	b.n	10002a40 <_vsnprintf+0x1f0>
10002d52:	2320      	movs	r3, #32
10002d54:	9a0b      	ldr	r2, [sp, #44]	@ 0x2c
10002d56:	431a      	orrs	r2, r3
10002d58:	920b      	str	r2, [sp, #44]	@ 0x2c
10002d5a:	e76c      	b.n	10002c36 <_vsnprintf+0x3e6>
10002d5c:	2380      	movs	r3, #128	@ 0x80
10002d5e:	9a0b      	ldr	r2, [sp, #44]	@ 0x2c
10002d60:	011b      	lsls	r3, r3, #4
10002d62:	431a      	orrs	r2, r3
10002d64:	920b      	str	r2, [sp, #44]	@ 0x2c
10002d66:	e74c      	b.n	10002c02 <_vsnprintf+0x3b2>
10002d68:	2308      	movs	r3, #8
10002d6a:	469c      	mov	ip, r3
10002d6c:	2300      	movs	r3, #0
10002d6e:	9314      	str	r3, [sp, #80]	@ 0x50
10002d70:	3308      	adds	r3, #8
10002d72:	930f      	str	r3, [sp, #60]	@ 0x3c
10002d74:	980b      	ldr	r0, [sp, #44]	@ 0x2c
10002d76:	2380      	movs	r3, #128	@ 0x80
10002d78:	0002      	movs	r2, r0
10002d7a:	00db      	lsls	r3, r3, #3
10002d7c:	401a      	ands	r2, r3
10002d7e:	0011      	movs	r1, r2
10002d80:	0002      	movs	r2, r0
10002d82:	4218      	tst	r0, r3
10002d84:	d000      	beq.n	10002d88 <_vsnprintf+0x538>
10002d86:	e080      	b.n	10002e8a <_vsnprintf+0x63a>
10002d88:	230c      	movs	r3, #12
10002d8a:	439a      	bics	r2, r3
10002d8c:	0010      	movs	r0, r2
10002d8e:	2380      	movs	r3, #128	@ 0x80
10002d90:	0002      	movs	r2, r0
10002d92:	009b      	lsls	r3, r3, #2
10002d94:	401a      	ands	r2, r3
10002d96:	920b      	str	r2, [sp, #44]	@ 0x2c
10002d98:	4218      	tst	r0, r3
10002d9a:	d000      	beq.n	10002d9e <_vsnprintf+0x54e>
10002d9c:	e0f1      	b.n	10002f82 <_vsnprintf+0x732>
10002d9e:	2380      	movs	r3, #128	@ 0x80
10002da0:	0002      	movs	r2, r0
10002da2:	005b      	lsls	r3, r3, #1
10002da4:	401a      	ands	r2, r3
10002da6:	4691      	mov	r9, r2
10002da8:	9a0d      	ldr	r2, [sp, #52]	@ 0x34
10002daa:	3204      	adds	r2, #4
10002dac:	9214      	str	r2, [sp, #80]	@ 0x50
10002dae:	4218      	tst	r0, r3
10002db0:	d000      	beq.n	10002db4 <_vsnprintf+0x564>
10002db2:	e2c3      	b.n	1000333c <_vsnprintf+0xaec>
10002db4:	0643      	lsls	r3, r0, #25
10002db6:	d500      	bpl.n	10002dba <_vsnprintf+0x56a>
10002db8:	e0d7      	b.n	10002f6a <_vsnprintf+0x71a>
10002dba:	0603      	lsls	r3, r0, #24
10002dbc:	d400      	bmi.n	10002dc0 <_vsnprintf+0x570>
10002dbe:	e321      	b.n	10003404 <_vsnprintf+0xbb4>
10002dc0:	9b0d      	ldr	r3, [sp, #52]	@ 0x34
10002dc2:	881b      	ldrh	r3, [r3, #0]
10002dc4:	9309      	str	r3, [sp, #36]	@ 0x24
10002dc6:	2b00      	cmp	r3, #0
10002dc8:	d000      	beq.n	10002dcc <_vsnprintf+0x57c>
10002dca:	e12d      	b.n	10003028 <_vsnprintf+0x7d8>
10002dcc:	3310      	adds	r3, #16
10002dce:	4398      	bics	r0, r3
10002dd0:	2900      	cmp	r1, #0
10002dd2:	d100      	bne.n	10002dd6 <_vsnprintf+0x586>
10002dd4:	e128      	b.n	10003028 <_vsnprintf+0x7d8>
10002dd6:	2300      	movs	r3, #0
10002dd8:	4699      	mov	r9, r3
10002dda:	4643      	mov	r3, r8
10002ddc:	9305      	str	r3, [sp, #20]
10002dde:	4653      	mov	r3, sl
10002de0:	9304      	str	r3, [sp, #16]
10002de2:	9b0f      	ldr	r3, [sp, #60]	@ 0x3c
10002de4:	9006      	str	r0, [sp, #24]
10002de6:	9303      	str	r3, [sp, #12]
10002de8:	2300      	movs	r3, #0
10002dea:	9302      	str	r3, [sp, #8]
10002dec:	464b      	mov	r3, r9
10002dee:	9301      	str	r3, [sp, #4]
10002df0:	ab1c      	add	r3, sp, #112	@ 0x70
10002df2:	0022      	movs	r2, r4
10002df4:	9300      	str	r3, [sp, #0]
10002df6:	4659      	mov	r1, fp
10002df8:	0033      	movs	r3, r6
10002dfa:	0028      	movs	r0, r5
10002dfc:	f7fe ffde 	bl	10001dbc <_ntoa_format>
10002e00:	0004      	movs	r4, r0
10002e02:	e6c2      	b.n	10002b8a <_vsnprintf+0x33a>
10002e04:	2858      	cmp	r0, #88	@ 0x58
10002e06:	d009      	beq.n	10002e1c <_vsnprintf+0x5cc>
10002e08:	2862      	cmp	r0, #98	@ 0x62
10002e0a:	d000      	beq.n	10002e0e <_vsnprintf+0x5be>
10002e0c:	e2e3      	b.n	100033d6 <_vsnprintf+0xb86>
10002e0e:	2302      	movs	r3, #2
10002e10:	469c      	mov	ip, r3
10002e12:	2300      	movs	r3, #0
10002e14:	9314      	str	r3, [sp, #80]	@ 0x50
10002e16:	3302      	adds	r3, #2
10002e18:	930f      	str	r3, [sp, #60]	@ 0x3c
10002e1a:	e7ab      	b.n	10002d74 <_vsnprintf+0x524>
10002e1c:	2320      	movs	r3, #32
10002e1e:	9a0b      	ldr	r2, [sp, #44]	@ 0x2c
10002e20:	431a      	orrs	r2, r3
10002e22:	920b      	str	r2, [sp, #44]	@ 0x2c
10002e24:	3b10      	subs	r3, #16
10002e26:	469c      	mov	ip, r3
10002e28:	2300      	movs	r3, #0
10002e2a:	9314      	str	r3, [sp, #80]	@ 0x50
10002e2c:	3310      	adds	r3, #16
10002e2e:	930f      	str	r3, [sp, #60]	@ 0x3c
10002e30:	e7a0      	b.n	10002d74 <_vsnprintf+0x524>
10002e32:	2380      	movs	r3, #128	@ 0x80
10002e34:	9a0b      	ldr	r2, [sp, #44]	@ 0x2c
10002e36:	011b      	lsls	r3, r3, #4
10002e38:	431a      	orrs	r2, r3
10002e3a:	920b      	str	r2, [sp, #44]	@ 0x2c
10002e3c:	2320      	movs	r3, #32
10002e3e:	9a0b      	ldr	r2, [sp, #44]	@ 0x2c
10002e40:	431a      	orrs	r2, r3
10002e42:	920b      	str	r2, [sp, #44]	@ 0x2c
10002e44:	e6dd      	b.n	10002c02 <_vsnprintf+0x3b2>
10002e46:	1b0b      	subs	r3, r1, r4
10002e48:	469a      	mov	sl, r3
10002e4a:	9b0f      	ldr	r3, [sp, #60]	@ 0x3c
10002e4c:	4699      	mov	r9, r3
10002e4e:	003b      	movs	r3, r7
10002e50:	0037      	movs	r7, r6
10002e52:	465e      	mov	r6, fp
10002e54:	469b      	mov	fp, r3
10002e56:	0022      	movs	r2, r4
10002e58:	003b      	movs	r3, r7
10002e5a:	0031      	movs	r1, r6
10002e5c:	47a8      	blx	r5
10002e5e:	4653      	mov	r3, sl
10002e60:	3401      	adds	r4, #1
10002e62:	5d18      	ldrb	r0, [r3, r4]
10002e64:	2800      	cmp	r0, #0
10002e66:	d1f6      	bne.n	10002e56 <_vsnprintf+0x606>
10002e68:	464b      	mov	r3, r9
10002e6a:	930f      	str	r3, [sp, #60]	@ 0x3c
10002e6c:	465b      	mov	r3, fp
10002e6e:	46b3      	mov	fp, r6
10002e70:	003e      	movs	r6, r7
10002e72:	001f      	movs	r7, r3
10002e74:	e685      	b.n	10002b82 <_vsnprintf+0x332>
10002e76:	23c0      	movs	r3, #192	@ 0xc0
10002e78:	9a0b      	ldr	r2, [sp, #44]	@ 0x2c
10002e7a:	78b8      	ldrb	r0, [r7, #2]
10002e7c:	431a      	orrs	r2, r3
10002e7e:	920b      	str	r2, [sp, #44]	@ 0x2c
10002e80:	1cf9      	adds	r1, r7, #3
10002e82:	e55c      	b.n	1000293e <_vsnprintf+0xee>
10002e84:	23c0      	movs	r3, #192	@ 0xc0
10002e86:	009b      	lsls	r3, r3, #2
10002e88:	e7f6      	b.n	10002e78 <_vsnprintf+0x628>
10002e8a:	230d      	movs	r3, #13
10002e8c:	439a      	bics	r2, r3
10002e8e:	0010      	movs	r0, r2
10002e90:	e77d      	b.n	10002d8e <_vsnprintf+0x53e>
10002e92:	465b      	mov	r3, fp
10002e94:	0035      	movs	r5, r6
10002e96:	46bb      	mov	fp, r7
10002e98:	464e      	mov	r6, r9
10002e9a:	001f      	movs	r7, r3
10002e9c:	e671      	b.n	10002b82 <_vsnprintf+0x332>
10002e9e:	4643      	mov	r3, r8
10002ea0:	2b01      	cmp	r3, #1
10002ea2:	d966      	bls.n	10002f72 <_vsnprintf+0x722>
10002ea4:	1e63      	subs	r3, r4, #1
10002ea6:	4443      	add	r3, r8
10002ea8:	0032      	movs	r2, r6
10002eaa:	002e      	movs	r6, r5
10002eac:	001d      	movs	r5, r3
10002eae:	003b      	movs	r3, r7
10002eb0:	46a2      	mov	sl, r4
10002eb2:	465f      	mov	r7, fp
10002eb4:	4691      	mov	r9, r2
10002eb6:	469b      	mov	fp, r3
10002eb8:	0022      	movs	r2, r4
10002eba:	464b      	mov	r3, r9
10002ebc:	3401      	adds	r4, #1
10002ebe:	0039      	movs	r1, r7
10002ec0:	2020      	movs	r0, #32
10002ec2:	47b0      	blx	r6
10002ec4:	42ac      	cmp	r4, r5
10002ec6:	d1f7      	bne.n	10002eb8 <_vsnprintf+0x668>
10002ec8:	465b      	mov	r3, fp
10002eca:	0035      	movs	r5, r6
10002ecc:	46bb      	mov	fp, r7
10002ece:	464e      	mov	r6, r9
10002ed0:	46a1      	mov	r9, r4
10002ed2:	4654      	mov	r4, sl
10002ed4:	001f      	movs	r7, r3
10002ed6:	9b0d      	ldr	r3, [sp, #52]	@ 0x34
10002ed8:	464a      	mov	r2, r9
10002eda:	7818      	ldrb	r0, [r3, #0]
10002edc:	4659      	mov	r1, fp
10002ede:	0033      	movs	r3, r6
10002ee0:	4444      	add	r4, r8
10002ee2:	47a8      	blx	r5
10002ee4:	e6ee      	b.n	10002cc4 <_vsnprintf+0x474>
10002ee6:	9b0f      	ldr	r3, [sp, #60]	@ 0x3c
10002ee8:	46a1      	mov	r9, r4
10002eea:	4598      	cmp	r8, r3
10002eec:	d800      	bhi.n	10002ef0 <_vsnprintf+0x6a0>
10002eee:	e64c      	b.n	10002b8a <_vsnprintf+0x33a>
10002ef0:	4444      	add	r4, r8
10002ef2:	1ae4      	subs	r4, r4, r3
10002ef4:	46b0      	mov	r8, r6
10002ef6:	002e      	movs	r6, r5
10002ef8:	0025      	movs	r5, r4
10002efa:	464c      	mov	r4, r9
10002efc:	46b9      	mov	r9, r7
10002efe:	465f      	mov	r7, fp
10002f00:	0022      	movs	r2, r4
10002f02:	4643      	mov	r3, r8
10002f04:	3401      	adds	r4, #1
10002f06:	0039      	movs	r1, r7
10002f08:	2020      	movs	r0, #32
10002f0a:	47b0      	blx	r6
10002f0c:	42ac      	cmp	r4, r5
10002f0e:	d1f7      	bne.n	10002f00 <_vsnprintf+0x6b0>
10002f10:	002c      	movs	r4, r5
10002f12:	46bb      	mov	fp, r7
10002f14:	0035      	movs	r5, r6
10002f16:	464f      	mov	r7, r9
10002f18:	4646      	mov	r6, r8
10002f1a:	e636      	b.n	10002b8a <_vsnprintf+0x33a>
10002f1c:	980f      	ldr	r0, [sp, #60]	@ 0x3c
10002f1e:	4580      	cmp	r8, r0
10002f20:	d800      	bhi.n	10002f24 <_vsnprintf+0x6d4>
10002f22:	e273      	b.n	1000340c <_vsnprintf+0xbbc>
10002f24:	4643      	mov	r3, r8
10002f26:	18e2      	adds	r2, r4, r3
10002f28:	1a13      	subs	r3, r2, r0
10002f2a:	0032      	movs	r2, r6
10002f2c:	002e      	movs	r6, r5
10002f2e:	001d      	movs	r5, r3
10002f30:	003b      	movs	r3, r7
10002f32:	4691      	mov	r9, r2
10002f34:	465f      	mov	r7, fp
10002f36:	469b      	mov	fp, r3
10002f38:	910f      	str	r1, [sp, #60]	@ 0x3c
10002f3a:	0022      	movs	r2, r4
10002f3c:	464b      	mov	r3, r9
10002f3e:	3401      	adds	r4, #1
10002f40:	0039      	movs	r1, r7
10002f42:	2020      	movs	r0, #32
10002f44:	47b0      	blx	r6
10002f46:	42ac      	cmp	r4, r5
10002f48:	d1f7      	bne.n	10002f3a <_vsnprintf+0x6ea>
10002f4a:	465b      	mov	r3, fp
10002f4c:	46bb      	mov	fp, r7
10002f4e:	001f      	movs	r7, r3
10002f50:	4643      	mov	r3, r8
10002f52:	990f      	ldr	r1, [sp, #60]	@ 0x3c
10002f54:	3301      	adds	r3, #1
10002f56:	930f      	str	r3, [sp, #60]	@ 0x3c
10002f58:	780b      	ldrb	r3, [r1, #0]
10002f5a:	0035      	movs	r5, r6
10002f5c:	469c      	mov	ip, r3
10002f5e:	464e      	mov	r6, r9
10002f60:	4660      	mov	r0, ip
10002f62:	2800      	cmp	r0, #0
10002f64:	d000      	beq.n	10002f68 <_vsnprintf+0x718>
10002f66:	e5e7      	b.n	10002b38 <_vsnprintf+0x2e8>
10002f68:	e60f      	b.n	10002b8a <_vsnprintf+0x33a>
10002f6a:	9b0d      	ldr	r3, [sp, #52]	@ 0x34
10002f6c:	781b      	ldrb	r3, [r3, #0]
10002f6e:	9309      	str	r3, [sp, #36]	@ 0x24
10002f70:	e729      	b.n	10002dc6 <_vsnprintf+0x576>
10002f72:	9b0d      	ldr	r3, [sp, #52]	@ 0x34
10002f74:	0022      	movs	r2, r4
10002f76:	7818      	ldrb	r0, [r3, #0]
10002f78:	4659      	mov	r1, fp
10002f7a:	0033      	movs	r3, r6
10002f7c:	47a8      	blx	r5
10002f7e:	464c      	mov	r4, r9
10002f80:	e6a0      	b.n	10002cc4 <_vsnprintf+0x474>
10002f82:	9a0d      	ldr	r2, [sp, #52]	@ 0x34
10002f84:	3bfa      	subs	r3, #250	@ 0xfa
10002f86:	3bff      	subs	r3, #255	@ 0xff
10002f88:	3207      	adds	r2, #7
10002f8a:	439a      	bics	r2, r3
10002f8c:	3301      	adds	r3, #1
10002f8e:	4699      	mov	r9, r3
10002f90:	4491      	add	r9, r2
10002f92:	464b      	mov	r3, r9
10002f94:	930d      	str	r3, [sp, #52]	@ 0x34
10002f96:	6813      	ldr	r3, [r2, #0]
10002f98:	6852      	ldr	r2, [r2, #4]
10002f9a:	9215      	str	r2, [sp, #84]	@ 0x54
10002f9c:	431a      	orrs	r2, r3
10002f9e:	d106      	bne.n	10002fae <_vsnprintf+0x75e>
10002fa0:	3210      	adds	r2, #16
10002fa2:	4390      	bics	r0, r2
10002fa4:	2200      	movs	r2, #0
10002fa6:	9209      	str	r2, [sp, #36]	@ 0x24
10002fa8:	2900      	cmp	r1, #0
10002faa:	d000      	beq.n	10002fae <_vsnprintf+0x75e>
10002fac:	e083      	b.n	100030b6 <_vsnprintf+0x866>
10002fae:	2261      	movs	r2, #97	@ 0x61
10002fb0:	0681      	lsls	r1, r0, #26
10002fb2:	d500      	bpl.n	10002fb6 <_vsnprintf+0x766>
10002fb4:	2241      	movs	r2, #65	@ 0x41
10002fb6:	b2d2      	uxtb	r2, r2
10002fb8:	920a      	str	r2, [sp, #40]	@ 0x28
10002fba:	aa14      	add	r2, sp, #80	@ 0x50
10002fbc:	4691      	mov	r9, r2
10002fbe:	9a0a      	ldr	r2, [sp, #40]	@ 0x28
10002fc0:	2100      	movs	r1, #0
10002fc2:	3a0a      	subs	r2, #10
10002fc4:	920b      	str	r2, [sp, #44]	@ 0x2c
10002fc6:	4642      	mov	r2, r8
10002fc8:	9217      	str	r2, [sp, #92]	@ 0x5c
10002fca:	4652      	mov	r2, sl
10002fcc:	9218      	str	r2, [sp, #96]	@ 0x60
10002fce:	465a      	mov	r2, fp
10002fd0:	46b2      	mov	sl, r6
10002fd2:	9109      	str	r1, [sp, #36]	@ 0x24
10002fd4:	001e      	movs	r6, r3
10002fd6:	311f      	adds	r1, #31
10002fd8:	9b14      	ldr	r3, [sp, #80]	@ 0x50
10002fda:	4449      	add	r1, r9
10002fdc:	46bb      	mov	fp, r7
10002fde:	9416      	str	r4, [sp, #88]	@ 0x58
10002fe0:	951a      	str	r5, [sp, #104]	@ 0x68
10002fe2:	2400      	movs	r4, #0
10002fe4:	4667      	mov	r7, ip
10002fe6:	4698      	mov	r8, r3
10002fe8:	4689      	mov	r9, r1
10002fea:	9d15      	ldr	r5, [sp, #84]	@ 0x54
10002fec:	9019      	str	r0, [sp, #100]	@ 0x64
10002fee:	921b      	str	r2, [sp, #108]	@ 0x6c
10002ff0:	e00a      	b.n	10003008 <_vsnprintf+0x7b8>
10002ff2:	3230      	adds	r2, #48	@ 0x30
10002ff4:	b2d2      	uxtb	r2, r2
10002ff6:	464b      	mov	r3, r9
10002ff8:	3401      	adds	r4, #1
10002ffa:	551a      	strb	r2, [r3, r4]
10002ffc:	45a8      	cmp	r8, r5
10002ffe:	d04c      	beq.n	1000309a <_vsnprintf+0x84a>
10003000:	2c20      	cmp	r4, #32
10003002:	d04c      	beq.n	1000309e <_vsnprintf+0x84e>
10003004:	0006      	movs	r6, r0
10003006:	000d      	movs	r5, r1
10003008:	003a      	movs	r2, r7
1000300a:	2300      	movs	r3, #0
1000300c:	0030      	movs	r0, r6
1000300e:	0029      	movs	r1, r5
10003010:	f000 faca 	bl	100035a8 <__wrap___aeabi_uldivmod>
10003014:	b2d2      	uxtb	r2, r2
10003016:	2a09      	cmp	r2, #9
10003018:	d9eb      	bls.n	10002ff2 <_vsnprintf+0x7a2>
1000301a:	9b0b      	ldr	r3, [sp, #44]	@ 0x2c
1000301c:	469c      	mov	ip, r3
1000301e:	4462      	add	r2, ip
10003020:	b2d2      	uxtb	r2, r2
10003022:	e7e8      	b.n	10002ff6 <_vsnprintf+0x7a6>
10003024:	10001d0d 	.word	0x10001d0d
10003028:	2361      	movs	r3, #97	@ 0x61
1000302a:	0682      	lsls	r2, r0, #26
1000302c:	d500      	bpl.n	10003030 <_vsnprintf+0x7e0>
1000302e:	2341      	movs	r3, #65	@ 0x41
10003030:	b2db      	uxtb	r3, r3
10003032:	3b0a      	subs	r3, #10
10003034:	930b      	str	r3, [sp, #44]	@ 0x2c
10003036:	4643      	mov	r3, r8
10003038:	a914      	add	r1, sp, #80	@ 0x50
1000303a:	221f      	movs	r2, #31
1000303c:	468c      	mov	ip, r1
1000303e:	9315      	str	r3, [sp, #84]	@ 0x54
10003040:	4653      	mov	r3, sl
10003042:	4462      	add	r2, ip
10003044:	46b2      	mov	sl, r6
10003046:	940d      	str	r4, [sp, #52]	@ 0x34
10003048:	9717      	str	r7, [sp, #92]	@ 0x5c
1000304a:	464c      	mov	r4, r9
1000304c:	4680      	mov	r8, r0
1000304e:	46a9      	mov	r9, r5
10003050:	0017      	movs	r7, r2
10003052:	9d09      	ldr	r5, [sp, #36]	@ 0x24
10003054:	9e0f      	ldr	r6, [sp, #60]	@ 0x3c
10003056:	9316      	str	r3, [sp, #88]	@ 0x58
10003058:	e008      	b.n	1000306c <_vsnprintf+0x81c>
1000305a:	3330      	adds	r3, #48	@ 0x30
1000305c:	b2db      	uxtb	r3, r3
1000305e:	3401      	adds	r4, #1
10003060:	553b      	strb	r3, [r7, r4]
10003062:	42b5      	cmp	r5, r6
10003064:	d30e      	bcc.n	10003084 <_vsnprintf+0x834>
10003066:	2c20      	cmp	r4, #32
10003068:	d00c      	beq.n	10003084 <_vsnprintf+0x834>
1000306a:	0005      	movs	r5, r0
1000306c:	0031      	movs	r1, r6
1000306e:	0028      	movs	r0, r5
10003070:	f000 fa5c 	bl	1000352c <__wrap___aeabi_uidiv>
10003074:	b2cb      	uxtb	r3, r1
10003076:	2909      	cmp	r1, #9
10003078:	d9ef      	bls.n	1000305a <_vsnprintf+0x80a>
1000307a:	9a0b      	ldr	r2, [sp, #44]	@ 0x2c
1000307c:	4694      	mov	ip, r2
1000307e:	4463      	add	r3, ip
10003080:	b2db      	uxtb	r3, r3
10003082:	e7ec      	b.n	1000305e <_vsnprintf+0x80e>
10003084:	9b15      	ldr	r3, [sp, #84]	@ 0x54
10003086:	4640      	mov	r0, r8
10003088:	4698      	mov	r8, r3
1000308a:	9b16      	ldr	r3, [sp, #88]	@ 0x58
1000308c:	464d      	mov	r5, r9
1000308e:	4656      	mov	r6, sl
10003090:	46a1      	mov	r9, r4
10003092:	469a      	mov	sl, r3
10003094:	9c0d      	ldr	r4, [sp, #52]	@ 0x34
10003096:	9f17      	ldr	r7, [sp, #92]	@ 0x5c
10003098:	e69f      	b.n	10002dda <_vsnprintf+0x58a>
1000309a:	42b7      	cmp	r7, r6
1000309c:	d9b0      	bls.n	10003000 <_vsnprintf+0x7b0>
1000309e:	9b17      	ldr	r3, [sp, #92]	@ 0x5c
100030a0:	4656      	mov	r6, sl
100030a2:	4698      	mov	r8, r3
100030a4:	9b18      	ldr	r3, [sp, #96]	@ 0x60
100030a6:	465f      	mov	r7, fp
100030a8:	469a      	mov	sl, r3
100030aa:	9b1b      	ldr	r3, [sp, #108]	@ 0x6c
100030ac:	9409      	str	r4, [sp, #36]	@ 0x24
100030ae:	469b      	mov	fp, r3
100030b0:	9c16      	ldr	r4, [sp, #88]	@ 0x58
100030b2:	9819      	ldr	r0, [sp, #100]	@ 0x64
100030b4:	9d1a      	ldr	r5, [sp, #104]	@ 0x68
100030b6:	4643      	mov	r3, r8
100030b8:	9305      	str	r3, [sp, #20]
100030ba:	4653      	mov	r3, sl
100030bc:	9304      	str	r3, [sp, #16]
100030be:	9b0f      	ldr	r3, [sp, #60]	@ 0x3c
100030c0:	9006      	str	r0, [sp, #24]
100030c2:	9303      	str	r3, [sp, #12]
100030c4:	2300      	movs	r3, #0
100030c6:	9302      	str	r3, [sp, #8]
100030c8:	9b09      	ldr	r3, [sp, #36]	@ 0x24
100030ca:	9301      	str	r3, [sp, #4]
100030cc:	ab1c      	add	r3, sp, #112	@ 0x70
100030ce:	0022      	movs	r2, r4
100030d0:	9300      	str	r3, [sp, #0]
100030d2:	4659      	mov	r1, fp
100030d4:	0033      	movs	r3, r6
100030d6:	0028      	movs	r0, r5
100030d8:	f7fe fe70 	bl	10001dbc <_ntoa_format>
100030dc:	0004      	movs	r4, r0
100030de:	f7ff fbdf 	bl	100028a0 <_vsnprintf+0x50>
100030e2:	2310      	movs	r3, #16
100030e4:	9a0b      	ldr	r2, [sp, #44]	@ 0x2c
100030e6:	439a      	bics	r2, r3
100030e8:	920f      	str	r2, [sp, #60]	@ 0x3c
100030ea:	2869      	cmp	r0, #105	@ 0x69
100030ec:	d000      	beq.n	100030f0 <_vsnprintf+0x8a0>
100030ee:	e191      	b.n	10003414 <_vsnprintf+0xbc4>
100030f0:	990b      	ldr	r1, [sp, #44]	@ 0x2c
100030f2:	2380      	movs	r3, #128	@ 0x80
100030f4:	000a      	movs	r2, r1
100030f6:	00db      	lsls	r3, r3, #3
100030f8:	401a      	ands	r2, r3
100030fa:	0010      	movs	r0, r2
100030fc:	000a      	movs	r2, r1
100030fe:	4219      	tst	r1, r3
10003100:	d003      	beq.n	1000310a <_vsnprintf+0x8ba>
10003102:	2111      	movs	r1, #17
10003104:	0018      	movs	r0, r3
10003106:	438a      	bics	r2, r1
10003108:	920f      	str	r2, [sp, #60]	@ 0x3c
1000310a:	9a0f      	ldr	r2, [sp, #60]	@ 0x3c
1000310c:	2380      	movs	r3, #128	@ 0x80
1000310e:	0011      	movs	r1, r2
10003110:	009b      	lsls	r3, r3, #2
10003112:	4019      	ands	r1, r3
10003114:	468c      	mov	ip, r1
10003116:	421a      	tst	r2, r3
10003118:	d15b      	bne.n	100031d2 <_vsnprintf+0x982>
1000311a:	2380      	movs	r3, #128	@ 0x80
1000311c:	0011      	movs	r1, r2
1000311e:	005b      	lsls	r3, r3, #1
10003120:	4019      	ands	r1, r3
10003122:	4689      	mov	r9, r1
10003124:	990d      	ldr	r1, [sp, #52]	@ 0x34
10003126:	3104      	adds	r1, #4
10003128:	910b      	str	r1, [sp, #44]	@ 0x2c
1000312a:	421a      	tst	r2, r3
1000312c:	d000      	beq.n	10003130 <_vsnprintf+0x8e0>
1000312e:	e0b2      	b.n	10003296 <_vsnprintf+0xa46>
10003130:	0013      	movs	r3, r2
10003132:	065b      	lsls	r3, r3, #25
10003134:	d400      	bmi.n	10003138 <_vsnprintf+0x8e8>
10003136:	e0ed      	b.n	10003314 <_vsnprintf+0xac4>
10003138:	9b0d      	ldr	r3, [sp, #52]	@ 0x34
1000313a:	781b      	ldrb	r3, [r3, #0]
1000313c:	001a      	movs	r2, r3
1000313e:	0fd9      	lsrs	r1, r3, #31
10003140:	910d      	str	r1, [sp, #52]	@ 0x34
10003142:	2b00      	cmp	r3, #0
10003144:	d100      	bne.n	10003148 <_vsnprintf+0x8f8>
10003146:	e0a3      	b.n	10003290 <_vsnprintf+0xa40>
10003148:	0010      	movs	r0, r2
1000314a:	aa14      	add	r2, sp, #80	@ 0x50
1000314c:	4694      	mov	ip, r2
1000314e:	4642      	mov	r2, r8
10003150:	231f      	movs	r3, #31
10003152:	9215      	str	r2, [sp, #84]	@ 0x54
10003154:	4652      	mov	r2, sl
10003156:	4463      	add	r3, ip
10003158:	46a8      	mov	r8, r5
1000315a:	46ba      	mov	sl, r7
1000315c:	464d      	mov	r5, r9
1000315e:	9414      	str	r4, [sp, #80]	@ 0x50
10003160:	46b1      	mov	r9, r6
10003162:	0004      	movs	r4, r0
10003164:	001f      	movs	r7, r3
10003166:	9216      	str	r2, [sp, #88]	@ 0x58
10003168:	e001      	b.n	1000316e <_vsnprintf+0x91e>
1000316a:	2d20      	cmp	r5, #32
1000316c:	d00f      	beq.n	1000318e <_vsnprintf+0x93e>
1000316e:	0020      	movs	r0, r4
10003170:	210a      	movs	r1, #10
10003172:	f000 f9db 	bl	1000352c <__wrap___aeabi_uidiv>
10003176:	3501      	adds	r5, #1
10003178:	197e      	adds	r6, r7, r5
1000317a:	3130      	adds	r1, #48	@ 0x30
1000317c:	7031      	strb	r1, [r6, #0]
1000317e:	0020      	movs	r0, r4
10003180:	210a      	movs	r1, #10
10003182:	f000 f9d3 	bl	1000352c <__wrap___aeabi_uidiv>
10003186:	0026      	movs	r6, r4
10003188:	0004      	movs	r4, r0
1000318a:	2e09      	cmp	r6, #9
1000318c:	d8ed      	bhi.n	1000316a <_vsnprintf+0x91a>
1000318e:	9b15      	ldr	r3, [sp, #84]	@ 0x54
10003190:	464e      	mov	r6, r9
10003192:	46a9      	mov	r9, r5
10003194:	4645      	mov	r5, r8
10003196:	4698      	mov	r8, r3
10003198:	9b16      	ldr	r3, [sp, #88]	@ 0x58
1000319a:	4657      	mov	r7, sl
1000319c:	469a      	mov	sl, r3
1000319e:	9c14      	ldr	r4, [sp, #80]	@ 0x50
100031a0:	9b0f      	ldr	r3, [sp, #60]	@ 0x3c
100031a2:	9306      	str	r3, [sp, #24]
100031a4:	4643      	mov	r3, r8
100031a6:	9305      	str	r3, [sp, #20]
100031a8:	4653      	mov	r3, sl
100031aa:	9304      	str	r3, [sp, #16]
100031ac:	230a      	movs	r3, #10
100031ae:	9303      	str	r3, [sp, #12]
100031b0:	9b0d      	ldr	r3, [sp, #52]	@ 0x34
100031b2:	9302      	str	r3, [sp, #8]
100031b4:	464b      	mov	r3, r9
100031b6:	9301      	str	r3, [sp, #4]
100031b8:	ab1c      	add	r3, sp, #112	@ 0x70
100031ba:	0022      	movs	r2, r4
100031bc:	9300      	str	r3, [sp, #0]
100031be:	4659      	mov	r1, fp
100031c0:	0033      	movs	r3, r6
100031c2:	0028      	movs	r0, r5
100031c4:	f7fe fdfa 	bl	10001dbc <_ntoa_format>
100031c8:	9b0b      	ldr	r3, [sp, #44]	@ 0x2c
100031ca:	0004      	movs	r4, r0
100031cc:	930d      	str	r3, [sp, #52]	@ 0x34
100031ce:	f7ff fb67 	bl	100028a0 <_vsnprintf+0x50>
100031d2:	2207      	movs	r2, #7
100031d4:	9b0d      	ldr	r3, [sp, #52]	@ 0x34
100031d6:	3307      	adds	r3, #7
100031d8:	4393      	bics	r3, r2
100031da:	3201      	adds	r2, #1
100031dc:	4694      	mov	ip, r2
100031de:	449c      	add	ip, r3
100031e0:	4662      	mov	r2, ip
100031e2:	920d      	str	r2, [sp, #52]	@ 0x34
100031e4:	cb0c      	ldmia	r3, {r2, r3}
100031e6:	0fd9      	lsrs	r1, r3, #31
100031e8:	910b      	str	r1, [sp, #44]	@ 0x2c
100031ea:	0011      	movs	r1, r2
100031ec:	4319      	orrs	r1, r3
100031ee:	d100      	bne.n	100031f2 <_vsnprintf+0x9a2>
100031f0:	e09b      	b.n	1000332a <_vsnprintf+0xada>
100031f2:	17d9      	asrs	r1, r3, #31
100031f4:	9113      	str	r1, [sp, #76]	@ 0x4c
100031f6:	9112      	str	r1, [sp, #72]	@ 0x48
100031f8:	4051      	eors	r1, r2
100031fa:	9110      	str	r1, [sp, #64]	@ 0x40
100031fc:	9913      	ldr	r1, [sp, #76]	@ 0x4c
100031fe:	4059      	eors	r1, r3
10003200:	9111      	str	r1, [sp, #68]	@ 0x44
10003202:	9810      	ldr	r0, [sp, #64]	@ 0x40
10003204:	9911      	ldr	r1, [sp, #68]	@ 0x44
10003206:	9a12      	ldr	r2, [sp, #72]	@ 0x48
10003208:	9b13      	ldr	r3, [sp, #76]	@ 0x4c
1000320a:	1a80      	subs	r0, r0, r2
1000320c:	4199      	sbcs	r1, r3
1000320e:	9010      	str	r0, [sp, #64]	@ 0x40
10003210:	9111      	str	r1, [sp, #68]	@ 0x44
10003212:	aa14      	add	r2, sp, #80	@ 0x50
10003214:	4694      	mov	ip, r2
10003216:	4642      	mov	r2, r8
10003218:	2300      	movs	r3, #0
1000321a:	9215      	str	r2, [sp, #84]	@ 0x54
1000321c:	4652      	mov	r2, sl
1000321e:	4699      	mov	r9, r3
10003220:	9216      	str	r2, [sp, #88]	@ 0x58
10003222:	0032      	movs	r2, r6
10003224:	331f      	adds	r3, #31
10003226:	4463      	add	r3, ip
10003228:	46a8      	mov	r8, r5
1000322a:	464e      	mov	r6, r9
1000322c:	46ba      	mov	sl, r7
1000322e:	9414      	str	r4, [sp, #80]	@ 0x50
10003230:	001f      	movs	r7, r3
10003232:	9c10      	ldr	r4, [sp, #64]	@ 0x40
10003234:	9d11      	ldr	r5, [sp, #68]	@ 0x44
10003236:	4691      	mov	r9, r2
10003238:	e001      	b.n	1000323e <_vsnprintf+0x9ee>
1000323a:	2e20      	cmp	r6, #32
1000323c:	d010      	beq.n	10003260 <_vsnprintf+0xa10>
1000323e:	0020      	movs	r0, r4
10003240:	0029      	movs	r1, r5
10003242:	220a      	movs	r2, #10
10003244:	2300      	movs	r3, #0
10003246:	f000 f9af 	bl	100035a8 <__wrap___aeabi_uldivmod>
1000324a:	3601      	adds	r6, #1
1000324c:	3230      	adds	r2, #48	@ 0x30
1000324e:	002b      	movs	r3, r5
10003250:	55ba      	strb	r2, [r7, r6]
10003252:	000d      	movs	r5, r1
10003254:	0022      	movs	r2, r4
10003256:	0004      	movs	r4, r0
10003258:	2b00      	cmp	r3, #0
1000325a:	d1ee      	bne.n	1000323a <_vsnprintf+0x9ea>
1000325c:	2a09      	cmp	r2, #9
1000325e:	d8ec      	bhi.n	1000323a <_vsnprintf+0x9ea>
10003260:	9b15      	ldr	r3, [sp, #84]	@ 0x54
10003262:	9410      	str	r4, [sp, #64]	@ 0x40
10003264:	9511      	str	r5, [sp, #68]	@ 0x44
10003266:	4645      	mov	r5, r8
10003268:	4698      	mov	r8, r3
1000326a:	464b      	mov	r3, r9
1000326c:	9a16      	ldr	r2, [sp, #88]	@ 0x58
1000326e:	46b1      	mov	r9, r6
10003270:	4657      	mov	r7, sl
10003272:	001e      	movs	r6, r3
10003274:	4692      	mov	sl, r2
10003276:	9c14      	ldr	r4, [sp, #80]	@ 0x50
10003278:	9b0f      	ldr	r3, [sp, #60]	@ 0x3c
1000327a:	9306      	str	r3, [sp, #24]
1000327c:	4643      	mov	r3, r8
1000327e:	9305      	str	r3, [sp, #20]
10003280:	4653      	mov	r3, sl
10003282:	9304      	str	r3, [sp, #16]
10003284:	230a      	movs	r3, #10
10003286:	9303      	str	r3, [sp, #12]
10003288:	9b0b      	ldr	r3, [sp, #44]	@ 0x2c
1000328a:	9302      	str	r3, [sp, #8]
1000328c:	464b      	mov	r3, r9
1000328e:	e71c      	b.n	100030ca <_vsnprintf+0x87a>
10003290:	2800      	cmp	r0, #0
10003292:	d185      	bne.n	100031a0 <_vsnprintf+0x950>
10003294:	e759      	b.n	1000314a <_vsnprintf+0x8fa>
10003296:	9b0d      	ldr	r3, [sp, #52]	@ 0x34
10003298:	681b      	ldr	r3, [r3, #0]
1000329a:	0fda      	lsrs	r2, r3, #31
1000329c:	0011      	movs	r1, r2
1000329e:	2b00      	cmp	r3, #0
100032a0:	d100      	bne.n	100032a4 <_vsnprintf+0xa54>
100032a2:	e0a6      	b.n	100033f2 <_vsnprintf+0xba2>
100032a4:	17da      	asrs	r2, r3, #31
100032a6:	1898      	adds	r0, r3, r2
100032a8:	4050      	eors	r0, r2
100032aa:	aa14      	add	r2, sp, #80	@ 0x50
100032ac:	4691      	mov	r9, r2
100032ae:	231f      	movs	r3, #31
100032b0:	4642      	mov	r2, r8
100032b2:	444b      	add	r3, r9
100032b4:	46a8      	mov	r8, r5
100032b6:	940d      	str	r4, [sp, #52]	@ 0x34
100032b8:	9716      	str	r7, [sp, #88]	@ 0x58
100032ba:	0004      	movs	r4, r0
100032bc:	4665      	mov	r5, ip
100032be:	46b1      	mov	r9, r6
100032c0:	001f      	movs	r7, r3
100032c2:	9114      	str	r1, [sp, #80]	@ 0x50
100032c4:	9215      	str	r2, [sp, #84]	@ 0x54
100032c6:	e001      	b.n	100032cc <_vsnprintf+0xa7c>
100032c8:	2d20      	cmp	r5, #32
100032ca:	d00f      	beq.n	100032ec <_vsnprintf+0xa9c>
100032cc:	0020      	movs	r0, r4
100032ce:	210a      	movs	r1, #10
100032d0:	f000 f92c 	bl	1000352c <__wrap___aeabi_uidiv>
100032d4:	3501      	adds	r5, #1
100032d6:	197e      	adds	r6, r7, r5
100032d8:	3130      	adds	r1, #48	@ 0x30
100032da:	7031      	strb	r1, [r6, #0]
100032dc:	0020      	movs	r0, r4
100032de:	210a      	movs	r1, #10
100032e0:	f000 f924 	bl	1000352c <__wrap___aeabi_uidiv>
100032e4:	0026      	movs	r6, r4
100032e6:	0004      	movs	r4, r0
100032e8:	2e09      	cmp	r6, #9
100032ea:	d8ed      	bhi.n	100032c8 <_vsnprintf+0xa78>
100032ec:	9b15      	ldr	r3, [sp, #84]	@ 0x54
100032ee:	46ac      	mov	ip, r5
100032f0:	4645      	mov	r5, r8
100032f2:	4698      	mov	r8, r3
100032f4:	9b14      	ldr	r3, [sp, #80]	@ 0x50
100032f6:	464e      	mov	r6, r9
100032f8:	0019      	movs	r1, r3
100032fa:	9c0d      	ldr	r4, [sp, #52]	@ 0x34
100032fc:	9f16      	ldr	r7, [sp, #88]	@ 0x58
100032fe:	9b0f      	ldr	r3, [sp, #60]	@ 0x3c
10003300:	9102      	str	r1, [sp, #8]
10003302:	9306      	str	r3, [sp, #24]
10003304:	4643      	mov	r3, r8
10003306:	9305      	str	r3, [sp, #20]
10003308:	4653      	mov	r3, sl
1000330a:	9304      	str	r3, [sp, #16]
1000330c:	230a      	movs	r3, #10
1000330e:	9303      	str	r3, [sp, #12]
10003310:	4663      	mov	r3, ip
10003312:	e750      	b.n	100031b6 <_vsnprintf+0x966>
10003314:	0013      	movs	r3, r2
10003316:	061b      	lsls	r3, r3, #24
10003318:	d56e      	bpl.n	100033f8 <_vsnprintf+0xba8>
1000331a:	9b0d      	ldr	r3, [sp, #52]	@ 0x34
1000331c:	2200      	movs	r2, #0
1000331e:	5e9b      	ldrsh	r3, [r3, r2]
10003320:	17d9      	asrs	r1, r3, #31
10003322:	185a      	adds	r2, r3, r1
10003324:	404a      	eors	r2, r1
10003326:	b292      	uxth	r2, r2
10003328:	e709      	b.n	1000313e <_vsnprintf+0x8ee>
1000332a:	2300      	movs	r3, #0
1000332c:	4699      	mov	r9, r3
1000332e:	2800      	cmp	r0, #0
10003330:	d1a2      	bne.n	10003278 <_vsnprintf+0xa28>
10003332:	2200      	movs	r2, #0
10003334:	2300      	movs	r3, #0
10003336:	9210      	str	r2, [sp, #64]	@ 0x40
10003338:	9311      	str	r3, [sp, #68]	@ 0x44
1000333a:	e76a      	b.n	10003212 <_vsnprintf+0x9c2>
1000333c:	9b0d      	ldr	r3, [sp, #52]	@ 0x34
1000333e:	681b      	ldr	r3, [r3, #0]
10003340:	4699      	mov	r9, r3
10003342:	2b00      	cmp	r3, #0
10003344:	d103      	bne.n	1000334e <_vsnprintf+0xafe>
10003346:	3310      	adds	r3, #16
10003348:	4398      	bics	r0, r3
1000334a:	2900      	cmp	r1, #0
1000334c:	d138      	bne.n	100033c0 <_vsnprintf+0xb70>
1000334e:	2361      	movs	r3, #97	@ 0x61
10003350:	0682      	lsls	r2, r0, #26
10003352:	d500      	bpl.n	10003356 <_vsnprintf+0xb06>
10003354:	2341      	movs	r3, #65	@ 0x41
10003356:	b2db      	uxtb	r3, r3
10003358:	3b0a      	subs	r3, #10
1000335a:	930d      	str	r3, [sp, #52]	@ 0x34
1000335c:	4643      	mov	r3, r8
1000335e:	9316      	str	r3, [sp, #88]	@ 0x58
10003360:	4653      	mov	r3, sl
10003362:	a914      	add	r1, sp, #80	@ 0x50
10003364:	221f      	movs	r2, #31
10003366:	468c      	mov	ip, r1
10003368:	9317      	str	r3, [sp, #92]	@ 0x5c
1000336a:	002b      	movs	r3, r5
1000336c:	4462      	add	r2, ip
1000336e:	464d      	mov	r5, r9
10003370:	46b2      	mov	sl, r6
10003372:	9415      	str	r4, [sp, #84]	@ 0x54
10003374:	9718      	str	r7, [sp, #96]	@ 0x60
10003376:	4680      	mov	r8, r0
10003378:	0017      	movs	r7, r2
1000337a:	4699      	mov	r9, r3
1000337c:	9c0b      	ldr	r4, [sp, #44]	@ 0x2c
1000337e:	9e0f      	ldr	r6, [sp, #60]	@ 0x3c
10003380:	e008      	b.n	10003394 <_vsnprintf+0xb44>
10003382:	3330      	adds	r3, #48	@ 0x30
10003384:	b2db      	uxtb	r3, r3
10003386:	3401      	adds	r4, #1
10003388:	553b      	strb	r3, [r7, r4]
1000338a:	42b5      	cmp	r5, r6
1000338c:	d30e      	bcc.n	100033ac <_vsnprintf+0xb5c>
1000338e:	2c20      	cmp	r4, #32
10003390:	d00c      	beq.n	100033ac <_vsnprintf+0xb5c>
10003392:	0005      	movs	r5, r0
10003394:	0031      	movs	r1, r6
10003396:	0028      	movs	r0, r5
10003398:	f000 f8c8 	bl	1000352c <__wrap___aeabi_uidiv>
1000339c:	b2cb      	uxtb	r3, r1
1000339e:	2909      	cmp	r1, #9
100033a0:	d9ef      	bls.n	10003382 <_vsnprintf+0xb32>
100033a2:	9a0d      	ldr	r2, [sp, #52]	@ 0x34
100033a4:	4694      	mov	ip, r2
100033a6:	4463      	add	r3, ip
100033a8:	b2db      	uxtb	r3, r3
100033aa:	e7ec      	b.n	10003386 <_vsnprintf+0xb36>
100033ac:	9b16      	ldr	r3, [sp, #88]	@ 0x58
100033ae:	4640      	mov	r0, r8
100033b0:	4698      	mov	r8, r3
100033b2:	9b17      	ldr	r3, [sp, #92]	@ 0x5c
100033b4:	4656      	mov	r6, sl
100033b6:	464d      	mov	r5, r9
100033b8:	469a      	mov	sl, r3
100033ba:	940b      	str	r4, [sp, #44]	@ 0x2c
100033bc:	9f18      	ldr	r7, [sp, #96]	@ 0x60
100033be:	9c15      	ldr	r4, [sp, #84]	@ 0x54
100033c0:	4643      	mov	r3, r8
100033c2:	9305      	str	r3, [sp, #20]
100033c4:	4653      	mov	r3, sl
100033c6:	9304      	str	r3, [sp, #16]
100033c8:	9b0f      	ldr	r3, [sp, #60]	@ 0x3c
100033ca:	9006      	str	r0, [sp, #24]
100033cc:	9303      	str	r3, [sp, #12]
100033ce:	2300      	movs	r3, #0
100033d0:	9302      	str	r3, [sp, #8]
100033d2:	9b0b      	ldr	r3, [sp, #44]	@ 0x2c
100033d4:	e50b      	b.n	10002dee <_vsnprintf+0x59e>
100033d6:	990b      	ldr	r1, [sp, #44]	@ 0x2c
100033d8:	2380      	movs	r3, #128	@ 0x80
100033da:	000a      	movs	r2, r1
100033dc:	00db      	lsls	r3, r3, #3
100033de:	401a      	ands	r2, r3
100033e0:	0010      	movs	r0, r2
100033e2:	000a      	movs	r2, r1
100033e4:	4219      	tst	r1, r3
100033e6:	d000      	beq.n	100033ea <_vsnprintf+0xb9a>
100033e8:	e68b      	b.n	10003102 <_vsnprintf+0x8b2>
100033ea:	2310      	movs	r3, #16
100033ec:	439a      	bics	r2, r3
100033ee:	920f      	str	r2, [sp, #60]	@ 0x3c
100033f0:	e68b      	b.n	1000310a <_vsnprintf+0x8ba>
100033f2:	2800      	cmp	r0, #0
100033f4:	d183      	bne.n	100032fe <_vsnprintf+0xaae>
100033f6:	e758      	b.n	100032aa <_vsnprintf+0xa5a>
100033f8:	9b0d      	ldr	r3, [sp, #52]	@ 0x34
100033fa:	681b      	ldr	r3, [r3, #0]
100033fc:	17d9      	asrs	r1, r3, #31
100033fe:	185a      	adds	r2, r3, r1
10003400:	404a      	eors	r2, r1
10003402:	e69c      	b.n	1000313e <_vsnprintf+0x8ee>
10003404:	9b0d      	ldr	r3, [sp, #52]	@ 0x34
10003406:	681b      	ldr	r3, [r3, #0]
10003408:	9309      	str	r3, [sp, #36]	@ 0x24
1000340a:	e4dc      	b.n	10002dc6 <_vsnprintf+0x576>
1000340c:	0003      	movs	r3, r0
1000340e:	3301      	adds	r3, #1
10003410:	930f      	str	r3, [sp, #60]	@ 0x3c
10003412:	e5a5      	b.n	10002f60 <_vsnprintf+0x710>
10003414:	920b      	str	r2, [sp, #44]	@ 0x2c
10003416:	e46d      	b.n	10002cf4 <_vsnprintf+0x4a4>

10003418 <vfctprintf>:
10003418:	b500      	push	{lr}
1000341a:	b085      	sub	sp, #20
1000341c:	9103      	str	r1, [sp, #12]
1000341e:	2101      	movs	r1, #1
10003420:	9002      	str	r0, [sp, #8]
10003422:	9300      	str	r3, [sp, #0]
10003424:	4803      	ldr	r0, [pc, #12]	@ (10003434 <vfctprintf+0x1c>)
10003426:	0013      	movs	r3, r2
10003428:	424a      	negs	r2, r1
1000342a:	a902      	add	r1, sp, #8
1000342c:	f7ff fa10 	bl	10002850 <_vsnprintf>
10003430:	b005      	add	sp, #20
10003432:	bd00      	pop	{pc}
10003434:	1000201d 	.word	0x1000201d

10003438 <weak_raw_vprintf>:
10003438:	b510      	push	{r4, lr}
1000343a:	4a09      	ldr	r2, [pc, #36]	@ (10003460 <weak_raw_vprintf+0x28>)
1000343c:	0003      	movs	r3, r0
1000343e:	6814      	ldr	r4, [r2, #0]
10003440:	b084      	sub	sp, #16
10003442:	2c00      	cmp	r4, #0
10003444:	d008      	beq.n	10003458 <weak_raw_vprintf+0x20>
10003446:	2201      	movs	r2, #1
10003448:	9100      	str	r1, [sp, #0]
1000344a:	4806      	ldr	r0, [pc, #24]	@ (10003464 <weak_raw_vprintf+0x2c>)
1000344c:	4252      	negs	r2, r2
1000344e:	a903      	add	r1, sp, #12
10003450:	47a0      	blx	r4
10003452:	2001      	movs	r0, #1
10003454:	b004      	add	sp, #16
10003456:	bd10      	pop	{r4, pc}
10003458:	f000 ffbe 	bl	100043d8 <__wrap_puts>
1000345c:	2000      	movs	r0, #0
1000345e:	e7f9      	b.n	10003454 <weak_raw_vprintf+0x1c>
10003460:	20001be4 	.word	0x20001be4
10003464:	1000200d 	.word	0x1000200d

10003468 <__aeabi_bits_init>:
10003468:	4801      	ldr	r0, [pc, #4]	@ (10003470 <__aeabi_bits_init+0x8>)
1000346a:	2104      	movs	r1, #4
1000346c:	4b01      	ldr	r3, [pc, #4]	@ (10003474 <__aeabi_bits_init+0xc>)
1000346e:	4718      	bx	r3
10003470:	20000e60 	.word	0x20000e60
10003474:	10003499 	.word	0x10003499

10003478 <rom_func_lookup>:
10003478:	2314      	movs	r3, #20
1000347a:	b510      	push	{r4, lr}
1000347c:	0001      	movs	r1, r0
1000347e:	8818      	ldrh	r0, [r3, #0]
10003480:	3304      	adds	r3, #4
10003482:	881b      	ldrh	r3, [r3, #0]
10003484:	4798      	blx	r3
10003486:	bd10      	pop	{r4, pc}

10003488 <rom_data_lookup>:
10003488:	2316      	movs	r3, #22
1000348a:	b510      	push	{r4, lr}
1000348c:	0001      	movs	r1, r0
1000348e:	8818      	ldrh	r0, [r3, #0]
10003490:	3302      	adds	r3, #2
10003492:	881b      	ldrh	r3, [r3, #0]
10003494:	4798      	blx	r3
10003496:	bd10      	pop	{r4, pc}

10003498 <rom_funcs_lookup>:
10003498:	b5f8      	push	{r3, r4, r5, r6, r7, lr}
1000349a:	4647      	mov	r7, r8
1000349c:	46ce      	mov	lr, r9
1000349e:	b580      	push	{r7, lr}
100034a0:	1e0f      	subs	r7, r1, #0
100034a2:	d019      	beq.n	100034d8 <rom_funcs_lookup+0x40>
100034a4:	2314      	movs	r3, #20
100034a6:	4699      	mov	r9, r3
100034a8:	3304      	adds	r3, #4
100034aa:	0004      	movs	r4, r0
100034ac:	2500      	movs	r5, #0
100034ae:	2601      	movs	r6, #1
100034b0:	4698      	mov	r8, r3
100034b2:	464b      	mov	r3, r9
100034b4:	8818      	ldrh	r0, [r3, #0]
100034b6:	4643      	mov	r3, r8
100034b8:	6821      	ldr	r1, [r4, #0]
100034ba:	881b      	ldrh	r3, [r3, #0]
100034bc:	4798      	blx	r3
100034be:	c401      	stmia	r4!, {r0}
100034c0:	1e43      	subs	r3, r0, #1
100034c2:	4198      	sbcs	r0, r3
100034c4:	3501      	adds	r5, #1
100034c6:	4240      	negs	r0, r0
100034c8:	4006      	ands	r6, r0
100034ca:	42af      	cmp	r7, r5
100034cc:	d1f1      	bne.n	100034b2 <rom_funcs_lookup+0x1a>
100034ce:	0030      	movs	r0, r6
100034d0:	bcc0      	pop	{r6, r7}
100034d2:	46b9      	mov	r9, r7
100034d4:	46b0      	mov	r8, r6
100034d6:	bdf8      	pop	{r3, r4, r5, r6, r7, pc}
100034d8:	2601      	movs	r6, #1
100034da:	e7f8      	b.n	100034ce <rom_funcs_lookup+0x36>

100034dc <__wrap___aeabi_idiv>:
100034dc:	4a12      	ldr	r2, [pc, #72]	@ (10003528 <divmod_s32s32_savestate+0x18>)
100034de:	6f93      	ldr	r3, [r2, #120]	@ 0x78
100034e0:	089b      	lsrs	r3, r3, #2
100034e2:	d215      	bcs.n	10003510 <divmod_s32s32_savestate>

100034e4 <divmod_s32s32_unsafe>:
100034e4:	6690      	str	r0, [r2, #104]	@ 0x68
100034e6:	66d1      	str	r1, [r2, #108]	@ 0x6c
100034e8:	2900      	cmp	r1, #0
100034ea:	d005      	beq.n	100034f8 <divmod_s32s32_unsafe+0x14>
100034ec:	e7ff      	b.n	100034ee <divmod_s32s32_unsafe+0xa>
100034ee:	e7ff      	b.n	100034f0 <divmod_s32s32_unsafe+0xc>
100034f0:	e7ff      	b.n	100034f2 <divmod_s32s32_unsafe+0xe>
100034f2:	6f51      	ldr	r1, [r2, #116]	@ 0x74
100034f4:	6f10      	ldr	r0, [r2, #112]	@ 0x70
100034f6:	4770      	bx	lr
100034f8:	b504      	push	{r2, lr}
100034fa:	2180      	movs	r1, #128	@ 0x80
100034fc:	0609      	lsls	r1, r1, #24
100034fe:	17c2      	asrs	r2, r0, #31
10003500:	4051      	eors	r1, r2
10003502:	2800      	cmp	r0, #0
10003504:	d000      	beq.n	10003508 <divmod_s32s32_unsafe+0x24>
10003506:	43c8      	mvns	r0, r1
10003508:	f003 fa12 	bl	10006930 <____aeabi_idiv0_veneer>
1000350c:	2100      	movs	r1, #0
1000350e:	bd04      	pop	{r2, pc}

10003510 <divmod_s32s32_savestate>:
10003510:	b5f0      	push	{r4, r5, r6, r7, lr}
10003512:	6e14      	ldr	r4, [r2, #96]	@ 0x60
10003514:	6e55      	ldr	r5, [r2, #100]	@ 0x64
10003516:	6f57      	ldr	r7, [r2, #116]	@ 0x74
10003518:	6f16      	ldr	r6, [r2, #112]	@ 0x70
1000351a:	f7ff ffe3 	bl	100034e4 <divmod_s32s32_unsafe>
1000351e:	6614      	str	r4, [r2, #96]	@ 0x60
10003520:	6655      	str	r5, [r2, #100]	@ 0x64
10003522:	6757      	str	r7, [r2, #116]	@ 0x74
10003524:	6716      	str	r6, [r2, #112]	@ 0x70
10003526:	bdf0      	pop	{r4, r5, r6, r7, pc}
10003528:	d0000000 	.word	0xd0000000

1000352c <__wrap___aeabi_uidiv>:
1000352c:	4a11      	ldr	r2, [pc, #68]	@ (10003574 <divmod_u32u32_savestate+0x18>)
1000352e:	6f93      	ldr	r3, [r2, #120]	@ 0x78
10003530:	089b      	lsrs	r3, r3, #2
10003532:	d213      	bcs.n	1000355c <divmod_u32u32_savestate>

10003534 <divmod_u32u32_unsafe>:
10003534:	6610      	str	r0, [r2, #96]	@ 0x60
10003536:	6651      	str	r1, [r2, #100]	@ 0x64
10003538:	2900      	cmp	r1, #0
1000353a:	d005      	beq.n	10003548 <divmod_u32u32_unsafe+0x14>
1000353c:	e7ff      	b.n	1000353e <divmod_u32u32_unsafe+0xa>
1000353e:	e7ff      	b.n	10003540 <divmod_u32u32_unsafe+0xc>
10003540:	e7ff      	b.n	10003542 <divmod_u32u32_unsafe+0xe>
10003542:	6f51      	ldr	r1, [r2, #116]	@ 0x74
10003544:	6f10      	ldr	r0, [r2, #112]	@ 0x70
10003546:	4770      	bx	lr
10003548:	b504      	push	{r2, lr}
1000354a:	2800      	cmp	r0, #0
1000354c:	d001      	beq.n	10003552 <divmod_u32u32_unsafe+0x1e>
1000354e:	2000      	movs	r0, #0
10003550:	43c0      	mvns	r0, r0
10003552:	f003 f9ed 	bl	10006930 <____aeabi_idiv0_veneer>
10003556:	2100      	movs	r1, #0
10003558:	bd04      	pop	{r2, pc}
1000355a:	46c0      	nop			@ (mov r8, r8)

1000355c <divmod_u32u32_savestate>:
1000355c:	b5f0      	push	{r4, r5, r6, r7, lr}
1000355e:	6e14      	ldr	r4, [r2, #96]	@ 0x60
10003560:	6e55      	ldr	r5, [r2, #100]	@ 0x64
10003562:	6f57      	ldr	r7, [r2, #116]	@ 0x74
10003564:	6f16      	ldr	r6, [r2, #112]	@ 0x70
10003566:	f7ff ffe5 	bl	10003534 <divmod_u32u32_unsafe>
1000356a:	6614      	str	r4, [r2, #96]	@ 0x60
1000356c:	6655      	str	r5, [r2, #100]	@ 0x64
1000356e:	6757      	str	r7, [r2, #116]	@ 0x74
10003570:	6716      	str	r6, [r2, #112]	@ 0x70
10003572:	bdf0      	pop	{r4, r5, r6, r7, pc}
10003574:	d0000000 	.word	0xd0000000

10003578 <__wrap___aeabi_ldivmod>:
10003578:	4694      	mov	ip, r2
1000357a:	4a4a      	ldr	r2, [pc, #296]	@ (100036a4 <udiv0+0x1a>)
1000357c:	6f92      	ldr	r2, [r2, #120]	@ 0x78
1000357e:	0892      	lsrs	r2, r2, #2
10003580:	4662      	mov	r2, ip
10003582:	d201      	bcs.n	10003588 <divmod_s64s64_savestate>
10003584:	e028      	b.n	100035d8 <divmod_s64s64_unsafe>
10003586:	46c0      	nop			@ (mov r8, r8)

10003588 <divmod_s64s64_savestate>:
10003588:	b5f0      	push	{r4, r5, r6, r7, lr}
1000358a:	4e46      	ldr	r6, [pc, #280]	@ (100036a4 <udiv0+0x1a>)
1000358c:	6e34      	ldr	r4, [r6, #96]	@ 0x60
1000358e:	6e75      	ldr	r5, [r6, #100]	@ 0x64
10003590:	6f77      	ldr	r7, [r6, #116]	@ 0x74
10003592:	6f36      	ldr	r6, [r6, #112]	@ 0x70
10003594:	f000 f820 	bl	100035d8 <divmod_s64s64_unsafe>
10003598:	4694      	mov	ip, r2
1000359a:	4a42      	ldr	r2, [pc, #264]	@ (100036a4 <udiv0+0x1a>)
1000359c:	6614      	str	r4, [r2, #96]	@ 0x60
1000359e:	6655      	str	r5, [r2, #100]	@ 0x64
100035a0:	6757      	str	r7, [r2, #116]	@ 0x74
100035a2:	6716      	str	r6, [r2, #112]	@ 0x70
100035a4:	4662      	mov	r2, ip
100035a6:	bdf0      	pop	{r4, r5, r6, r7, pc}

100035a8 <__wrap___aeabi_uldivmod>:
100035a8:	4694      	mov	ip, r2
100035aa:	4a3e      	ldr	r2, [pc, #248]	@ (100036a4 <udiv0+0x1a>)
100035ac:	6f92      	ldr	r2, [r2, #120]	@ 0x78
100035ae:	0892      	lsrs	r2, r2, #2
100035b0:	4662      	mov	r2, ip
100035b2:	d201      	bcs.n	100035b8 <divmod_u64u64_savestate>
100035b4:	e054      	b.n	10003660 <divmod_u64u64_unsafe>
100035b6:	46c0      	nop			@ (mov r8, r8)

100035b8 <divmod_u64u64_savestate>:
100035b8:	b5f0      	push	{r4, r5, r6, r7, lr}
100035ba:	4e3a      	ldr	r6, [pc, #232]	@ (100036a4 <udiv0+0x1a>)
100035bc:	6e34      	ldr	r4, [r6, #96]	@ 0x60
100035be:	6e75      	ldr	r5, [r6, #100]	@ 0x64
100035c0:	6f77      	ldr	r7, [r6, #116]	@ 0x74
100035c2:	6f36      	ldr	r6, [r6, #112]	@ 0x70
100035c4:	f000 f84c 	bl	10003660 <divmod_u64u64_unsafe>
100035c8:	4694      	mov	ip, r2
100035ca:	4a36      	ldr	r2, [pc, #216]	@ (100036a4 <udiv0+0x1a>)
100035cc:	6614      	str	r4, [r2, #96]	@ 0x60
100035ce:	6655      	str	r5, [r2, #100]	@ 0x64
100035d0:	6757      	str	r7, [r2, #116]	@ 0x74
100035d2:	6716      	str	r6, [r2, #112]	@ 0x70
100035d4:	4662      	mov	r2, ip
100035d6:	bdf0      	pop	{r4, r5, r6, r7, pc}

100035d8 <divmod_s64s64_unsafe>:
100035d8:	2b00      	cmp	r3, #0
100035da:	db24      	blt.n	10003626 <l42_1+0x26>
100035dc:	d011      	beq.n	10003602 <l42_1+0x2>
100035de:	2900      	cmp	r1, #0
100035e0:	da3e      	bge.n	10003660 <divmod_u64u64_unsafe>
100035e2:	b500      	push	{lr}
100035e4:	43c9      	mvns	r1, r1
100035e6:	4240      	negs	r0, r0
100035e8:	d100      	bne.n	100035ec <l40_1>
100035ea:	3101      	adds	r1, #1

100035ec <l40_1>:
100035ec:	f000 f838 	bl	10003660 <divmod_u64u64_unsafe>
100035f0:	43c9      	mvns	r1, r1
100035f2:	4240      	negs	r0, r0
100035f4:	d100      	bne.n	100035f8 <l41_1>
100035f6:	3101      	adds	r1, #1

100035f8 <l41_1>:
100035f8:	43db      	mvns	r3, r3
100035fa:	4252      	negs	r2, r2
100035fc:	d100      	bne.n	10003600 <l42_1>
100035fe:	3301      	adds	r3, #1

10003600 <l42_1>:
10003600:	bd00      	pop	{pc}
10003602:	2a00      	cmp	r2, #0
10003604:	d1eb      	bne.n	100035de <divmod_s64s64_unsafe+0x6>
10003606:	2800      	cmp	r0, #0
10003608:	d101      	bne.n	1000360e <l42_1+0xe>
1000360a:	2900      	cmp	r1, #0
1000360c:	d005      	beq.n	1000361a <l42_1+0x1a>
1000360e:	2000      	movs	r0, #0
10003610:	0fc9      	lsrs	r1, r1, #31
10003612:	07c9      	lsls	r1, r1, #31
10003614:	d101      	bne.n	1000361a <l42_1+0x1a>
10003616:	43c0      	mvns	r0, r0
10003618:	0841      	lsrs	r1, r0, #1
1000361a:	b500      	push	{lr}
1000361c:	f003 f978 	bl	10006910 <____aeabi_ldiv0_veneer>
10003620:	2200      	movs	r2, #0
10003622:	2300      	movs	r3, #0
10003624:	bd00      	pop	{pc}
10003626:	b500      	push	{lr}
10003628:	2900      	cmp	r1, #0
1000362a:	db0a      	blt.n	10003642 <l44_1+0x2>
1000362c:	43db      	mvns	r3, r3
1000362e:	4252      	negs	r2, r2
10003630:	d100      	bne.n	10003634 <l43_1>
10003632:	3301      	adds	r3, #1

10003634 <l43_1>:
10003634:	f000 f814 	bl	10003660 <divmod_u64u64_unsafe>
10003638:	43c9      	mvns	r1, r1
1000363a:	4240      	negs	r0, r0
1000363c:	d100      	bne.n	10003640 <l44_1>
1000363e:	3101      	adds	r1, #1

10003640 <l44_1>:
10003640:	bd00      	pop	{pc}
10003642:	43c9      	mvns	r1, r1
10003644:	4240      	negs	r0, r0
10003646:	d100      	bne.n	1000364a <l45_1>
10003648:	3101      	adds	r1, #1

1000364a <l45_1>:
1000364a:	43db      	mvns	r3, r3
1000364c:	4252      	negs	r2, r2
1000364e:	d100      	bne.n	10003652 <l46_1>
10003650:	3301      	adds	r3, #1

10003652 <l46_1>:
10003652:	f000 f805 	bl	10003660 <divmod_u64u64_unsafe>
10003656:	43db      	mvns	r3, r3
10003658:	4252      	negs	r2, r2
1000365a:	d100      	bne.n	1000365e <l47_1>
1000365c:	3301      	adds	r3, #1

1000365e <l47_1>:
1000365e:	bd00      	pop	{pc}

10003660 <divmod_u64u64_unsafe>:
10003660:	2900      	cmp	r1, #0
10003662:	d123      	bne.n	100036ac <y64>
10003664:	2b00      	cmp	r3, #0
10003666:	d118      	bne.n	1000369a <udiv0+0x10>
10003668:	2a00      	cmp	r2, #0
1000366a:	d00c      	beq.n	10003686 <divmod_u64u64_unsafe+0x26>
1000366c:	46bc      	mov	ip, r7
1000366e:	4f0d      	ldr	r7, [pc, #52]	@ (100036a4 <udiv0+0x1a>)
10003670:	6638      	str	r0, [r7, #96]	@ 0x60
10003672:	667a      	str	r2, [r7, #100]	@ 0x64
10003674:	2100      	movs	r1, #0
10003676:	2300      	movs	r3, #0
10003678:	e7ff      	b.n	1000367a <divmod_u64u64_unsafe+0x1a>
1000367a:	e7ff      	b.n	1000367c <divmod_u64u64_unsafe+0x1c>
1000367c:	e7ff      	b.n	1000367e <divmod_u64u64_unsafe+0x1e>
1000367e:	6f7a      	ldr	r2, [r7, #116]	@ 0x74
10003680:	6f38      	ldr	r0, [r7, #112]	@ 0x70
10003682:	4667      	mov	r7, ip
10003684:	4770      	bx	lr
10003686:	2800      	cmp	r0, #0
10003688:	d001      	beq.n	1000368e <udiv0+0x4>

1000368a <udiv0>:
1000368a:	4807      	ldr	r0, [pc, #28]	@ (100036a8 <udiv0+0x1e>)
1000368c:	0001      	movs	r1, r0
1000368e:	b500      	push	{lr}
10003690:	f003 f93e 	bl	10006910 <____aeabi_ldiv0_veneer>
10003694:	2200      	movs	r2, #0
10003696:	2300      	movs	r3, #0
10003698:	bd00      	pop	{pc}
1000369a:	0002      	movs	r2, r0
1000369c:	000b      	movs	r3, r1
1000369e:	2000      	movs	r0, #0
100036a0:	2100      	movs	r1, #0
100036a2:	4770      	bx	lr
100036a4:	d0000000 	.word	0xd0000000
100036a8:	ffffffff 	.word	0xffffffff

100036ac <y64>:
100036ac:	2b00      	cmp	r3, #0
100036ae:	d000      	beq.n	100036b2 <y64+0x6>
100036b0:	e0bf      	b.n	10003832 <y64_x48>
100036b2:	0c13      	lsrs	r3, r2, #16
100036b4:	d128      	bne.n	10003708 <y64_x32>
100036b6:	2a00      	cmp	r2, #0
100036b8:	d0e7      	beq.n	1000368a <udiv0>
100036ba:	b480      	push	{r7}
100036bc:	4f11      	ldr	r7, [pc, #68]	@ (10003704 <y64+0x58>)
100036be:	6639      	str	r1, [r7, #96]	@ 0x60
100036c0:	667a      	str	r2, [r7, #100]	@ 0x64
100036c2:	e7ff      	b.n	100036c4 <y64+0x18>
100036c4:	e7ff      	b.n	100036c6 <y64+0x1a>
100036c6:	b430      	push	{r4, r5}
100036c8:	0c04      	lsrs	r4, r0, #16
100036ca:	6f7b      	ldr	r3, [r7, #116]	@ 0x74
100036cc:	6f39      	ldr	r1, [r7, #112]	@ 0x70
100036ce:	041b      	lsls	r3, r3, #16
100036d0:	4323      	orrs	r3, r4
100036d2:	663b      	str	r3, [r7, #96]	@ 0x60
100036d4:	667a      	str	r2, [r7, #100]	@ 0x64
100036d6:	e7ff      	b.n	100036d8 <y64+0x2c>
100036d8:	e7ff      	b.n	100036da <y64+0x2e>
100036da:	e7ff      	b.n	100036dc <y64+0x30>
100036dc:	46c0      	nop			@ (mov r8, r8)
100036de:	b284      	uxth	r4, r0
100036e0:	6f7b      	ldr	r3, [r7, #116]	@ 0x74
100036e2:	6f3d      	ldr	r5, [r7, #112]	@ 0x70
100036e4:	041b      	lsls	r3, r3, #16
100036e6:	4323      	orrs	r3, r4
100036e8:	663b      	str	r3, [r7, #96]	@ 0x60
100036ea:	667a      	str	r2, [r7, #100]	@ 0x64
100036ec:	e7ff      	b.n	100036ee <y64+0x42>
100036ee:	e7ff      	b.n	100036f0 <y64+0x44>
100036f0:	46c0      	nop			@ (mov r8, r8)
100036f2:	2300      	movs	r3, #0
100036f4:	042c      	lsls	r4, r5, #16
100036f6:	0c2d      	lsrs	r5, r5, #16
100036f8:	6f7a      	ldr	r2, [r7, #116]	@ 0x74
100036fa:	6f38      	ldr	r0, [r7, #112]	@ 0x70
100036fc:	1900      	adds	r0, r0, r4
100036fe:	4169      	adcs	r1, r5
10003700:	bcb0      	pop	{r4, r5, r7}
10003702:	4770      	bx	lr
10003704:	d0000000 	.word	0xd0000000

10003708 <y64_x32>:
10003708:	b5f0      	push	{r4, r5, r6, r7, lr}
1000370a:	4694      	mov	ip, r2
1000370c:	2500      	movs	r5, #0
1000370e:	0e14      	lsrs	r4, r2, #24
10003710:	d101      	bne.n	10003716 <y64_x32+0xe>
10003712:	0212      	lsls	r2, r2, #8
10003714:	3508      	adds	r5, #8
10003716:	0f14      	lsrs	r4, r2, #28
10003718:	d101      	bne.n	1000371e <y64_x32+0x16>
1000371a:	0112      	lsls	r2, r2, #4
1000371c:	3504      	adds	r5, #4
1000371e:	0f94      	lsrs	r4, r2, #30
10003720:	d101      	bne.n	10003726 <y64_x32+0x1e>
10003722:	0092      	lsls	r2, r2, #2
10003724:	3502      	adds	r5, #2
10003726:	0fd4      	lsrs	r4, r2, #31
10003728:	d101      	bne.n	1000372e <y64_x32+0x26>
1000372a:	0052      	lsls	r2, r2, #1
1000372c:	3501      	adds	r5, #1
1000372e:	0bd4      	lsrs	r4, r2, #15
10003730:	3401      	adds	r4, #1
10003732:	4f25      	ldr	r7, [pc, #148]	@ (100037c8 <y64_x32+0xc0>)
10003734:	667c      	str	r4, [r7, #100]	@ 0x64
10003736:	4c25      	ldr	r4, [pc, #148]	@ (100037cc <y64_x32+0xc4>)
10003738:	663c      	str	r4, [r7, #96]	@ 0x60
1000373a:	0c0e      	lsrs	r6, r1, #16
1000373c:	b293      	uxth	r3, r2
1000373e:	e7ff      	b.n	10003740 <y64_x32+0x38>
10003740:	e7ff      	b.n	10003742 <y64_x32+0x3a>
10003742:	e7ff      	b.n	10003744 <y64_x32+0x3c>
10003744:	6f3c      	ldr	r4, [r7, #112]	@ 0x70
10003746:	4366      	muls	r6, r4
10003748:	0c36      	lsrs	r6, r6, #16
1000374a:	0377      	lsls	r7, r6, #13
1000374c:	46be      	mov	lr, r7
1000374e:	4373      	muls	r3, r6
10003750:	0bdf      	lsrs	r7, r3, #15
10003752:	045b      	lsls	r3, r3, #17
10003754:	1ac0      	subs	r0, r0, r3
10003756:	41b9      	sbcs	r1, r7
10003758:	0c13      	lsrs	r3, r2, #16
1000375a:	4373      	muls	r3, r6
1000375c:	18db      	adds	r3, r3, r3
1000375e:	1ac9      	subs	r1, r1, r3
10003760:	08ce      	lsrs	r6, r1, #3
10003762:	4366      	muls	r6, r4
10003764:	0c36      	lsrs	r6, r6, #16
10003766:	44b6      	add	lr, r6
10003768:	b293      	uxth	r3, r2
1000376a:	4373      	muls	r3, r6
1000376c:	0f1f      	lsrs	r7, r3, #28
1000376e:	011b      	lsls	r3, r3, #4
10003770:	1ac0      	subs	r0, r0, r3
10003772:	41b9      	sbcs	r1, r7
10003774:	0c13      	lsrs	r3, r2, #16
10003776:	4373      	muls	r3, r6
10003778:	0b1f      	lsrs	r7, r3, #12
1000377a:	051b      	lsls	r3, r3, #20
1000377c:	1ac0      	subs	r0, r0, r3
1000377e:	41b9      	sbcs	r1, r7
10003780:	0d86      	lsrs	r6, r0, #22
10003782:	028f      	lsls	r7, r1, #10
10003784:	433e      	orrs	r6, r7
10003786:	4366      	muls	r6, r4
10003788:	0c36      	lsrs	r6, r6, #16
1000378a:	2d09      	cmp	r5, #9
1000378c:	db24      	blt.n	100037d8 <last0>
1000378e:	0a52      	lsrs	r2, r2, #9
10003790:	4372      	muls	r2, r6
10003792:	1a80      	subs	r0, r0, r2
10003794:	0377      	lsls	r7, r6, #13
10003796:	0a46      	lsrs	r6, r0, #9
10003798:	4366      	muls	r6, r4
1000379a:	0c36      	lsrs	r6, r6, #16
1000379c:	2316      	movs	r3, #22
1000379e:	1b5b      	subs	r3, r3, r5
100037a0:	40de      	lsrs	r6, r3
100037a2:	40df      	lsrs	r7, r3
100037a4:	19bf      	adds	r7, r7, r6
100037a6:	4664      	mov	r4, ip
100037a8:	4366      	muls	r6, r4
100037aa:	1b82      	subs	r2, r0, r6
100037ac:	4670      	mov	r0, lr
100037ae:	3504      	adds	r5, #4
100037b0:	3306      	adds	r3, #6
100037b2:	0001      	movs	r1, r0
100037b4:	40d9      	lsrs	r1, r3
100037b6:	40a8      	lsls	r0, r5
100037b8:	19c0      	adds	r0, r0, r7
100037ba:	d300      	bcc.n	100037be <y64_x32+0xb6>
100037bc:	3101      	adds	r1, #1
100037be:	42a2      	cmp	r2, r4
100037c0:	d206      	bcs.n	100037d0 <y64_x32+0xc8>
100037c2:	2300      	movs	r3, #0
100037c4:	bdf0      	pop	{r4, r5, r6, r7, pc}
100037c6:	0000      	.short	0x0000
100037c8:	d0000000 	.word	0xd0000000
100037cc:	ffffffff 	.word	0xffffffff
100037d0:	1b12      	subs	r2, r2, r4
100037d2:	3001      	adds	r0, #1
100037d4:	d3f3      	bcc.n	100037be <y64_x32+0xb6>
100037d6:	e7f1      	b.n	100037bc <y64_x32+0xb4>

100037d8 <last0>:
100037d8:	2709      	movs	r7, #9
100037da:	1b7f      	subs	r7, r7, r5
100037dc:	40fe      	lsrs	r6, r7
100037de:	4664      	mov	r4, ip
100037e0:	b2a2      	uxth	r2, r4
100037e2:	4372      	muls	r2, r6
100037e4:	1a80      	subs	r0, r0, r2
100037e6:	d200      	bcs.n	100037ea <last0+0x12>
100037e8:	3901      	subs	r1, #1
100037ea:	0c22      	lsrs	r2, r4, #16
100037ec:	4372      	muls	r2, r6
100037ee:	0c13      	lsrs	r3, r2, #16
100037f0:	0412      	lsls	r2, r2, #16
100037f2:	1a82      	subs	r2, r0, r2
100037f4:	4199      	sbcs	r1, r3
100037f6:	000b      	movs	r3, r1
100037f8:	4670      	mov	r0, lr
100037fa:	3504      	adds	r5, #4
100037fc:	3713      	adds	r7, #19
100037fe:	0001      	movs	r1, r0
10003800:	40f9      	lsrs	r1, r7
10003802:	40a8      	lsls	r0, r5
10003804:	1980      	adds	r0, r0, r6
10003806:	d300      	bcc.n	1000380a <last0+0x32>
10003808:	3101      	adds	r1, #1
1000380a:	2b00      	cmp	r3, #0
1000380c:	d102      	bne.n	10003814 <last0+0x3c>
1000380e:	42a2      	cmp	r2, r4
10003810:	d20a      	bcs.n	10003828 <last0+0x50>
10003812:	bdf0      	pop	{r4, r5, r6, r7, pc}
10003814:	3001      	adds	r0, #1
10003816:	d300      	bcc.n	1000381a <last0+0x42>
10003818:	3101      	adds	r1, #1
1000381a:	1b12      	subs	r2, r2, r4
1000381c:	d2fa      	bcs.n	10003814 <last0+0x3c>
1000381e:	3b01      	subs	r3, #1
10003820:	d1f8      	bne.n	10003814 <last0+0x3c>
10003822:	42a2      	cmp	r2, r4
10003824:	d200      	bcs.n	10003828 <last0+0x50>
10003826:	bdf0      	pop	{r4, r5, r6, r7, pc}
10003828:	3001      	adds	r0, #1
1000382a:	d300      	bcc.n	1000382e <last0+0x56>
1000382c:	3101      	adds	r1, #1
1000382e:	1b12      	subs	r2, r2, r4
10003830:	e7f7      	b.n	10003822 <last0+0x4a>

10003832 <y64_x48>:
10003832:	b5f0      	push	{r4, r5, r6, r7, lr}
10003834:	0c1c      	lsrs	r4, r3, #16
10003836:	d000      	beq.n	1000383a <y64_x48+0x8>
10003838:	e080      	b.n	1000393c <y64_x64>
1000383a:	b40c      	push	{r2, r3}
1000383c:	2500      	movs	r5, #0
1000383e:	0a1c      	lsrs	r4, r3, #8
10003840:	d104      	bne.n	1000384c <y64_x48+0x1a>
10003842:	021b      	lsls	r3, r3, #8
10003844:	0e16      	lsrs	r6, r2, #24
10003846:	4333      	orrs	r3, r6
10003848:	0212      	lsls	r2, r2, #8
1000384a:	3508      	adds	r5, #8
1000384c:	0b1c      	lsrs	r4, r3, #12
1000384e:	d104      	bne.n	1000385a <y64_x48+0x28>
10003850:	011b      	lsls	r3, r3, #4
10003852:	0f16      	lsrs	r6, r2, #28
10003854:	4333      	orrs	r3, r6
10003856:	0112      	lsls	r2, r2, #4
10003858:	3504      	adds	r5, #4
1000385a:	0b9c      	lsrs	r4, r3, #14
1000385c:	d104      	bne.n	10003868 <y64_x48+0x36>
1000385e:	009b      	lsls	r3, r3, #2
10003860:	0f96      	lsrs	r6, r2, #30
10003862:	4333      	orrs	r3, r6
10003864:	0092      	lsls	r2, r2, #2
10003866:	3502      	adds	r5, #2
10003868:	0bdc      	lsrs	r4, r3, #15
1000386a:	d102      	bne.n	10003872 <y64_x48+0x40>
1000386c:	1892      	adds	r2, r2, r2
1000386e:	415b      	adcs	r3, r3
10003870:	3501      	adds	r5, #1
10003872:	001c      	movs	r4, r3
10003874:	1897      	adds	r7, r2, r2
10003876:	4164      	adcs	r4, r4
10003878:	3401      	adds	r4, #1
1000387a:	4f46      	ldr	r7, [pc, #280]	@ (10003994 <y64_x64+0x58>)
1000387c:	667c      	str	r4, [r7, #100]	@ 0x64
1000387e:	4c46      	ldr	r4, [pc, #280]	@ (10003998 <y64_x64+0x5c>)
10003880:	663c      	str	r4, [r7, #96]	@ 0x60
10003882:	0c0e      	lsrs	r6, r1, #16
10003884:	e7ff      	b.n	10003886 <y64_x48+0x54>
10003886:	e7ff      	b.n	10003888 <y64_x48+0x56>
10003888:	e7ff      	b.n	1000388a <y64_x48+0x58>
1000388a:	46c0      	nop			@ (mov r8, r8)
1000388c:	6f3c      	ldr	r4, [r7, #112]	@ 0x70
1000388e:	4366      	muls	r6, r4
10003890:	0c36      	lsrs	r6, r6, #16
10003892:	0377      	lsls	r7, r6, #13
10003894:	46be      	mov	lr, r7
10003896:	b297      	uxth	r7, r2
10003898:	4377      	muls	r7, r6
1000389a:	1bc0      	subs	r0, r0, r7
1000389c:	d200      	bcs.n	100038a0 <y64_x48+0x6e>
1000389e:	3901      	subs	r1, #1
100038a0:	1bc0      	subs	r0, r0, r7
100038a2:	d200      	bcs.n	100038a6 <y64_x48+0x74>
100038a4:	3901      	subs	r1, #1
100038a6:	b29f      	uxth	r7, r3
100038a8:	4377      	muls	r7, r6
100038aa:	1bc9      	subs	r1, r1, r7
100038ac:	1bc9      	subs	r1, r1, r7
100038ae:	0c17      	lsrs	r7, r2, #16
100038b0:	4377      	muls	r7, r6
100038b2:	047e      	lsls	r6, r7, #17
100038b4:	0bff      	lsrs	r7, r7, #15
100038b6:	1b80      	subs	r0, r0, r6
100038b8:	41b9      	sbcs	r1, r7
100038ba:	08ce      	lsrs	r6, r1, #3
100038bc:	4366      	muls	r6, r4
100038be:	0c36      	lsrs	r6, r6, #16
100038c0:	2d0c      	cmp	r5, #12
100038c2:	db33      	blt.n	1000392c <last1>
100038c4:	44b6      	add	lr, r6
100038c6:	0b12      	lsrs	r2, r2, #12
100038c8:	051f      	lsls	r7, r3, #20
100038ca:	433a      	orrs	r2, r7
100038cc:	0b1b      	lsrs	r3, r3, #12
100038ce:	b297      	uxth	r7, r2
100038d0:	4377      	muls	r7, r6
100038d2:	1bc0      	subs	r0, r0, r7
100038d4:	d200      	bcs.n	100038d8 <y64_x48+0xa6>
100038d6:	3901      	subs	r1, #1
100038d8:	b29f      	uxth	r7, r3
100038da:	4377      	muls	r7, r6
100038dc:	1bc9      	subs	r1, r1, r7
100038de:	0c17      	lsrs	r7, r2, #16
100038e0:	4377      	muls	r7, r6
100038e2:	043e      	lsls	r6, r7, #16
100038e4:	0c3f      	lsrs	r7, r7, #16
100038e6:	1b80      	subs	r0, r0, r6
100038e8:	41b9      	sbcs	r1, r7
100038ea:	0d86      	lsrs	r6, r0, #22
100038ec:	028f      	lsls	r7, r1, #10
100038ee:	433e      	orrs	r6, r7
100038f0:	4366      	muls	r6, r4
100038f2:	2729      	movs	r7, #41	@ 0x29
100038f4:	1b7f      	subs	r7, r7, r5
100038f6:	40fe      	lsrs	r6, r7
100038f8:	3d0c      	subs	r5, #12
100038fa:	4677      	mov	r7, lr
100038fc:	40af      	lsls	r7, r5
100038fe:	19bf      	adds	r7, r7, r6
10003900:	bc30      	pop	{r4, r5}
10003902:	b2a2      	uxth	r2, r4
10003904:	b2ab      	uxth	r3, r5
10003906:	4372      	muls	r2, r6
10003908:	4373      	muls	r3, r6
1000390a:	1a80      	subs	r0, r0, r2
1000390c:	4199      	sbcs	r1, r3
1000390e:	0c22      	lsrs	r2, r4, #16
10003910:	4372      	muls	r2, r6
10003912:	0c13      	lsrs	r3, r2, #16
10003914:	0412      	lsls	r2, r2, #16
10003916:	1a80      	subs	r0, r0, r2
10003918:	4199      	sbcs	r1, r3
1000391a:	0002      	movs	r2, r0
1000391c:	000b      	movs	r3, r1
1000391e:	3701      	adds	r7, #1
10003920:	1b00      	subs	r0, r0, r4
10003922:	41a9      	sbcs	r1, r5
10003924:	d2f9      	bcs.n	1000391a <y64_x48+0xe8>
10003926:	1e78      	subs	r0, r7, #1
10003928:	2100      	movs	r1, #0
1000392a:	bdf0      	pop	{r4, r5, r6, r7, pc}

1000392c <last1>:
1000392c:	270c      	movs	r7, #12
1000392e:	1b7f      	subs	r7, r7, r5
10003930:	40fe      	lsrs	r6, r7
10003932:	4677      	mov	r7, lr
10003934:	0b7f      	lsrs	r7, r7, #13
10003936:	40af      	lsls	r7, r5
10003938:	19ff      	adds	r7, r7, r7
1000393a:	e7e0      	b.n	100038fe <y64_x48+0xcc>

1000393c <y64_x64>:
1000393c:	2400      	movs	r4, #0
1000393e:	1c5d      	adds	r5, r3, #1
10003940:	d007      	beq.n	10003952 <y64_x64+0x16>
10003942:	4f14      	ldr	r7, [pc, #80]	@ (10003994 <y64_x64+0x58>)
10003944:	667d      	str	r5, [r7, #100]	@ 0x64
10003946:	6639      	str	r1, [r7, #96]	@ 0x60
10003948:	e7ff      	b.n	1000394a <y64_x64+0xe>
1000394a:	e7ff      	b.n	1000394c <y64_x64+0x10>
1000394c:	e7ff      	b.n	1000394e <y64_x64+0x12>
1000394e:	e7ff      	b.n	10003950 <y64_x64+0x14>
10003950:	6f3c      	ldr	r4, [r7, #112]	@ 0x70
10003952:	b295      	uxth	r5, r2
10003954:	b29e      	uxth	r6, r3
10003956:	4365      	muls	r5, r4
10003958:	4366      	muls	r6, r4
1000395a:	1b40      	subs	r0, r0, r5
1000395c:	41b1      	sbcs	r1, r6
1000395e:	0c15      	lsrs	r5, r2, #16
10003960:	0c1e      	lsrs	r6, r3, #16
10003962:	4365      	muls	r5, r4
10003964:	4366      	muls	r6, r4
10003966:	0436      	lsls	r6, r6, #16
10003968:	0c2f      	lsrs	r7, r5, #16
1000396a:	433e      	orrs	r6, r7
1000396c:	042d      	lsls	r5, r5, #16
1000396e:	1b40      	subs	r0, r0, r5
10003970:	41b1      	sbcs	r1, r6
10003972:	4299      	cmp	r1, r3
10003974:	d204      	bcs.n	10003980 <y64_x64+0x44>
10003976:	0002      	movs	r2, r0
10003978:	000b      	movs	r3, r1
1000397a:	0020      	movs	r0, r4
1000397c:	2100      	movs	r1, #0
1000397e:	bdf0      	pop	{r4, r5, r6, r7, pc}
10003980:	d101      	bne.n	10003986 <y64_x64+0x4a>
10003982:	4290      	cmp	r0, r2
10003984:	d3f7      	bcc.n	10003976 <y64_x64+0x3a>
10003986:	1a80      	subs	r0, r0, r2
10003988:	4199      	sbcs	r1, r3
1000398a:	3401      	adds	r4, #1
1000398c:	4299      	cmp	r1, r3
1000398e:	d3f2      	bcc.n	10003976 <y64_x64+0x3a>
10003990:	e7f6      	b.n	10003980 <y64_x64+0x44>
10003992:	0000      	.short	0x0000
10003994:	d0000000 	.word	0xd0000000
10003998:	ffffffff 	.word	0xffffffff

1000399c <__wrap___aeabi_drsub>:
1000399c:	4048      	eors	r0, r1
1000399e:	4041      	eors	r1, r0
100039a0:	4048      	eors	r0, r1

100039a2 <__wrap___aeabi_dsub>:
100039a2:	b418      	push	{r3, r4}
100039a4:	4b1b      	ldr	r3, [pc, #108]	@ (10003a14 <__wrap___aeabi_dmul+0x12>)
100039a6:	685b      	ldr	r3, [r3, #4]
100039a8:	46fc      	mov	ip, pc
100039aa:	9301      	str	r3, [sp, #4]
100039ac:	bd08      	pop	{r3, pc}
100039ae:	df04      	.short	0xdf04
100039b0:	10003c2f 	.word	0x10003c2f

100039b4 <__wrap___aeabi_dadd>:
100039b4:	b418      	push	{r3, r4}
100039b6:	4b17      	ldr	r3, [pc, #92]	@ (10003a14 <__wrap___aeabi_dmul+0x12>)
100039b8:	681b      	ldr	r3, [r3, #0]
100039ba:	46fc      	mov	ip, pc
100039bc:	9301      	str	r3, [sp, #4]
100039be:	bd08      	pop	{r3, pc}
100039c0:	3c39df00 	.word	0x3c39df00
100039c4:	1000      	.short	0x1000

100039c6 <__wrap___aeabi_ddiv>:
100039c6:	4694      	mov	ip, r2
100039c8:	4a13      	ldr	r2, [pc, #76]	@ (10003a18 <__wrap___aeabi_dmul+0x16>)
100039ca:	6f92      	ldr	r2, [r2, #120]	@ 0x78
100039cc:	0892      	lsrs	r2, r2, #2
100039ce:	d209      	bcs.n	100039e4 <ddiv_save_state>
100039d0:	4662      	mov	r2, ip

100039d2 <ddiv_shim_call>:
100039d2:	b418      	push	{r3, r4}
100039d4:	4b0f      	ldr	r3, [pc, #60]	@ (10003a14 <__wrap___aeabi_dmul+0x12>)
100039d6:	68db      	ldr	r3, [r3, #12]
100039d8:	46fc      	mov	ip, pc
100039da:	9301      	str	r3, [sp, #4]
100039dc:	bd08      	pop	{r3, pc}
100039de:	df0c      	.short	0xdf0c
100039e0:	10003ef1 	.word	0x10003ef1

100039e4 <ddiv_save_state>:
100039e4:	4a0c      	ldr	r2, [pc, #48]	@ (10003a18 <__wrap___aeabi_dmul+0x16>)
100039e6:	b5f0      	push	{r4, r5, r6, r7, lr}
100039e8:	6e14      	ldr	r4, [r2, #96]	@ 0x60
100039ea:	6e55      	ldr	r5, [r2, #100]	@ 0x64
100039ec:	6f57      	ldr	r7, [r2, #116]	@ 0x74
100039ee:	6f16      	ldr	r6, [r2, #112]	@ 0x70
100039f0:	4662      	mov	r2, ip
100039f2:	f7ff ffee 	bl	100039d2 <ddiv_shim_call>
100039f6:	4a08      	ldr	r2, [pc, #32]	@ (10003a18 <__wrap___aeabi_dmul+0x16>)
100039f8:	6614      	str	r4, [r2, #96]	@ 0x60
100039fa:	6655      	str	r5, [r2, #100]	@ 0x64
100039fc:	6757      	str	r7, [r2, #116]	@ 0x74
100039fe:	6716      	str	r6, [r2, #112]	@ 0x70
10003a00:	bdf0      	pop	{r4, r5, r6, r7, pc}

10003a02 <__wrap___aeabi_dmul>:
10003a02:	b418      	push	{r3, r4}
10003a04:	4b03      	ldr	r3, [pc, #12]	@ (10003a14 <__wrap___aeabi_dmul+0x12>)
10003a06:	689b      	ldr	r3, [r3, #8]
10003a08:	46fc      	mov	ip, pc
10003a0a:	9301      	str	r3, [sp, #4]
10003a0c:	bd08      	pop	{r3, pc}
10003a0e:	df08      	.short	0xdf08
10003a10:	10003d95 	.word	0x10003d95
10003a14:	20001010 	.word	0x20001010
10003a18:	d0000000 	.word	0xd0000000

10003a1c <__wrap___aeabi_cdrcmple>:
10003a1c:	b5ff      	push	{r0, r1, r2, r3, r4, r5, r6, r7, lr}
10003a1e:	4050      	eors	r0, r2
10003a20:	4042      	eors	r2, r0
10003a22:	4050      	eors	r0, r2
10003a24:	4059      	eors	r1, r3
10003a26:	404b      	eors	r3, r1
10003a28:	4059      	eors	r1, r3
10003a2a:	e000      	b.n	10003a2e <__aeabi_dfcmple_guts>

10003a2c <__wrap___aeabi_cdcmpeq>:
10003a2c:	b5ff      	push	{r0, r1, r2, r3, r4, r5, r6, r7, lr}

10003a2e <__aeabi_dfcmple_guts>:
10003a2e:	4f15      	ldr	r7, [pc, #84]	@ (10003a84 <__aeabi_dfcmple_guts+0x56>)
10003a30:	004c      	lsls	r4, r1, #1
10003a32:	0d64      	lsrs	r4, r4, #21
10003a34:	d003      	beq.n	10003a3e <__aeabi_dfcmple_guts+0x10>
10003a36:	42bc      	cmp	r4, r7
10003a38:	d104      	bne.n	10003a44 <__aeabi_dfcmple_guts+0x16>
10003a3a:	030c      	lsls	r4, r1, #12
10003a3c:	d814      	bhi.n	10003a68 <__aeabi_dfcmple_guts+0x3a>
10003a3e:	2000      	movs	r0, #0
10003a40:	0d09      	lsrs	r1, r1, #20
10003a42:	0509      	lsls	r1, r1, #20
10003a44:	005c      	lsls	r4, r3, #1
10003a46:	0d64      	lsrs	r4, r4, #21
10003a48:	d003      	beq.n	10003a52 <__aeabi_dfcmple_guts+0x24>
10003a4a:	42bc      	cmp	r4, r7
10003a4c:	d104      	bne.n	10003a58 <__aeabi_dfcmple_guts+0x2a>
10003a4e:	031c      	lsls	r4, r3, #12
10003a50:	d80a      	bhi.n	10003a68 <__aeabi_dfcmple_guts+0x3a>
10003a52:	2200      	movs	r2, #0
10003a54:	0d1b      	lsrs	r3, r3, #20
10003a56:	051b      	lsls	r3, r3, #20
10003a58:	2601      	movs	r6, #1
10003a5a:	404b      	eors	r3, r1
10003a5c:	d409      	bmi.n	10003a72 <__aeabi_dfcmple_guts+0x44>
10003a5e:	404b      	eors	r3, r1
10003a60:	d503      	bpl.n	10003a6a <__aeabi_dfcmple_guts+0x3c>
10003a62:	428b      	cmp	r3, r1
10003a64:	d100      	bne.n	10003a68 <__aeabi_dfcmple_guts+0x3a>
10003a66:	4282      	cmp	r2, r0
10003a68:	bdff      	pop	{r0, r1, r2, r3, r4, r5, r6, r7, pc}
10003a6a:	4299      	cmp	r1, r3
10003a6c:	d1fc      	bne.n	10003a68 <__aeabi_dfcmple_guts+0x3a>
10003a6e:	4290      	cmp	r0, r2
10003a70:	bdff      	pop	{r0, r1, r2, r3, r4, r5, r6, r7, pc}
10003a72:	430b      	orrs	r3, r1
10003a74:	18db      	adds	r3, r3, r3
10003a76:	4303      	orrs	r3, r0
10003a78:	4313      	orrs	r3, r2
10003a7a:	d0f5      	beq.n	10003a68 <__aeabi_dfcmple_guts+0x3a>
10003a7c:	43c9      	mvns	r1, r1
10003a7e:	1849      	adds	r1, r1, r1
10003a80:	bdff      	pop	{r0, r1, r2, r3, r4, r5, r6, r7, pc}
10003a82:	0000      	.short	0x0000
10003a84:	000007ff 	.word	0x000007ff

10003a88 <__wrap___aeabi_dcmplt>:
10003a88:	b500      	push	{lr}
10003a8a:	f7ff ffcf 	bl	10003a2c <__wrap___aeabi_cdcmpeq>
10003a8e:	4180      	sbcs	r0, r0
10003a90:	bd00      	pop	{pc}
10003a92:	46c0      	nop			@ (mov r8, r8)

10003a94 <__wrap___aeabi_dcmpge>:
10003a94:	b500      	push	{lr}
10003a96:	f7ff ffc1 	bl	10003a1c <__wrap___aeabi_cdrcmple>
10003a9a:	d901      	bls.n	10003aa0 <__wrap___aeabi_dcmpge+0xc>
10003a9c:	2000      	movs	r0, #0
10003a9e:	bd00      	pop	{pc}
10003aa0:	2001      	movs	r0, #1
10003aa2:	bd00      	pop	{pc}

10003aa4 <__wrap___aeabi_dcmpgt>:
10003aa4:	b500      	push	{lr}
10003aa6:	f7ff ffb9 	bl	10003a1c <__wrap___aeabi_cdrcmple>
10003aaa:	4180      	sbcs	r0, r0
10003aac:	bd00      	pop	{pc}

10003aae <__wrap___aeabi_dcmpun>:
10003aae:	2001      	movs	r0, #1
10003ab0:	0540      	lsls	r0, r0, #21
10003ab2:	004a      	lsls	r2, r1, #1
10003ab4:	1812      	adds	r2, r2, r0
10003ab6:	d804      	bhi.n	10003ac2 <__wrap___aeabi_dcmpun+0x14>
10003ab8:	005a      	lsls	r2, r3, #1
10003aba:	1812      	adds	r2, r2, r0
10003abc:	d801      	bhi.n	10003ac2 <__wrap___aeabi_dcmpun+0x14>
10003abe:	2000      	movs	r0, #0
10003ac0:	4770      	bx	lr
10003ac2:	2001      	movs	r0, #1
10003ac4:	4770      	bx	lr
10003ac6:	2000      	movs	r0, #0
10003ac8:	4770      	bx	lr
	...

10003acc <__wrap___aeabi_ui2d>:
10003acc:	2100      	movs	r1, #0
10003ace:	2800      	cmp	r0, #0
10003ad0:	d105      	bne.n	10003ade <__wrap___aeabi_i2d+0xa>
10003ad2:	4770      	bx	lr

10003ad4 <__wrap___aeabi_i2d>:
10003ad4:	17c1      	asrs	r1, r0, #31
10003ad6:	4048      	eors	r0, r1
10003ad8:	1a40      	subs	r0, r0, r1
10003ada:	d0fa      	beq.n	10003ad2 <__wrap___aeabi_ui2d+0x6>
10003adc:	07c9      	lsls	r1, r1, #31
10003ade:	b513      	push	{r0, r1, r4, lr}
10003ae0:	4b06      	ldr	r3, [pc, #24]	@ (10003afc <__wrap___aeabi_i2d+0x28>)
10003ae2:	681b      	ldr	r3, [r3, #0]
10003ae4:	4798      	blx	r3
10003ae6:	bc0c      	pop	{r2, r3}
10003ae8:	1c44      	adds	r4, r0, #1
10003aea:	40a2      	lsls	r2, r4
10003aec:	0510      	lsls	r0, r2, #20
10003aee:	0b12      	lsrs	r2, r2, #12
10003af0:	4903      	ldr	r1, [pc, #12]	@ (10003b00 <__wrap___aeabi_i2d+0x2c>)
10003af2:	1b09      	subs	r1, r1, r4
10003af4:	0509      	lsls	r1, r1, #20
10003af6:	4319      	orrs	r1, r3
10003af8:	4311      	orrs	r1, r2
10003afa:	bd10      	pop	{r4, pc}
10003afc:	20001c28 	.word	0x20001c28
10003b00:	0000041f 	.word	0x0000041f

10003b04 <__wrap___aeabi_d2iz>:
10003b04:	b510      	push	{r4, lr}
10003b06:	004c      	lsls	r4, r1, #1
10003b08:	0d62      	lsrs	r2, r4, #21
10003b0a:	2380      	movs	r3, #128	@ 0x80
10003b0c:	18d2      	adds	r2, r2, r3
10003b0e:	00db      	lsls	r3, r3, #3
10003b10:	1ad2      	subs	r2, r2, r3
10003b12:	055b      	lsls	r3, r3, #21
10003b14:	2a7e      	cmp	r2, #126	@ 0x7e
10003b16:	dd10      	ble.n	10003b3a <__wrap___aeabi_d2iz+0x36>
10003b18:	3a9e      	subs	r2, #158	@ 0x9e
10003b1a:	da13      	bge.n	10003b44 <__wrap___aeabi_d2iz+0x40>
10003b1c:	17cc      	asrs	r4, r1, #31
10003b1e:	0309      	lsls	r1, r1, #12
10003b20:	0849      	lsrs	r1, r1, #1
10003b22:	4319      	orrs	r1, r3
10003b24:	4252      	negs	r2, r2
10003b26:	40d1      	lsrs	r1, r2
10003b28:	0064      	lsls	r4, r4, #1
10003b2a:	3401      	adds	r4, #1
10003b2c:	3215      	adds	r2, #21
10003b2e:	2a20      	cmp	r2, #32
10003b30:	da05      	bge.n	10003b3e <__wrap___aeabi_d2iz+0x3a>
10003b32:	40d0      	lsrs	r0, r2
10003b34:	4308      	orrs	r0, r1
10003b36:	4360      	muls	r0, r4
10003b38:	bd10      	pop	{r4, pc}
10003b3a:	2000      	movs	r0, #0
10003b3c:	bd10      	pop	{r4, pc}
10003b3e:	4608      	mov	r0, r1
10003b40:	4360      	muls	r0, r4
10003b42:	bd10      	pop	{r4, pc}
10003b44:	0fc8      	lsrs	r0, r1, #31
10003b46:	18c0      	adds	r0, r0, r3
10003b48:	3801      	subs	r0, #1
10003b4a:	bd10      	pop	{r4, pc}

10003b4c <__wrap___aeabi_d2uiz>:
10003b4c:	b418      	push	{r3, r4}
10003b4e:	4b04      	ldr	r3, [pc, #16]	@ (10003b60 <__wrap___aeabi_d2uiz+0x14>)
10003b50:	6a5b      	ldr	r3, [r3, #36]	@ 0x24
10003b52:	46fc      	mov	ip, pc
10003b54:	9301      	str	r3, [sp, #4]
10003b56:	bd08      	pop	{r3, pc}
10003b58:	40a1df24 	.word	0x40a1df24
10003b5c:	00001000 	.word	0x00001000
10003b60:	20001010 	.word	0x20001010

10003b64 <__aeabi_double_init>:
10003b64:	2313      	movs	r3, #19
10003b66:	b570      	push	{r4, r5, r6, lr}
10003b68:	781d      	ldrb	r5, [r3, #0]
10003b6a:	2d01      	cmp	r5, #1
10003b6c:	d015      	beq.n	10003b9a <__aeabi_double_init+0x36>
10003b6e:	dd10      	ble.n	10003b92 <__aeabi_double_init+0x2e>
10003b70:	481d      	ldr	r0, [pc, #116]	@ (10003be8 <__aeabi_double_init+0x84>)
10003b72:	f7ff fc89 	bl	10003488 <rom_data_lookup>
10003b76:	4c1d      	ldr	r4, [pc, #116]	@ (10003bec <__aeabi_double_init+0x88>)
10003b78:	0001      	movs	r1, r0
10003b7a:	2280      	movs	r2, #128	@ 0x80
10003b7c:	0020      	movs	r0, r4
10003b7e:	f000 fb5d 	bl	1000423c <__wrap___aeabi_memcpy>
10003b82:	2d02      	cmp	r5, #2
10003b84:	d02d      	beq.n	10003be2 <__aeabi_double_init+0x7e>
10003b86:	481a      	ldr	r0, [pc, #104]	@ (10003bf0 <__aeabi_double_init+0x8c>)
10003b88:	f7ff fc76 	bl	10003478 <rom_func_lookup>
10003b8c:	4b19      	ldr	r3, [pc, #100]	@ (10003bf4 <__aeabi_double_init+0x90>)
10003b8e:	6018      	str	r0, [r3, #0]
10003b90:	bd70      	pop	{r4, r5, r6, pc}
10003b92:	4b19      	ldr	r3, [pc, #100]	@ (10003bf8 <__aeabi_double_init+0x94>)
10003b94:	4c15      	ldr	r4, [pc, #84]	@ (10003bec <__aeabi_double_init+0x88>)
10003b96:	64a3      	str	r3, [r4, #72]	@ 0x48
10003b98:	e7f5      	b.n	10003b86 <__aeabi_double_init+0x22>
10003b9a:	4b17      	ldr	r3, [pc, #92]	@ (10003bf8 <__aeabi_double_init+0x94>)
10003b9c:	4c13      	ldr	r4, [pc, #76]	@ (10003bec <__aeabi_double_init+0x88>)
10003b9e:	6023      	str	r3, [r4, #0]
10003ba0:	6063      	str	r3, [r4, #4]
10003ba2:	60a3      	str	r3, [r4, #8]
10003ba4:	60e3      	str	r3, [r4, #12]
10003ba6:	6123      	str	r3, [r4, #16]
10003ba8:	6163      	str	r3, [r4, #20]
10003baa:	61a3      	str	r3, [r4, #24]
10003bac:	61e3      	str	r3, [r4, #28]
10003bae:	6223      	str	r3, [r4, #32]
10003bb0:	6263      	str	r3, [r4, #36]	@ 0x24
10003bb2:	62a3      	str	r3, [r4, #40]	@ 0x28
10003bb4:	62e3      	str	r3, [r4, #44]	@ 0x2c
10003bb6:	6323      	str	r3, [r4, #48]	@ 0x30
10003bb8:	6363      	str	r3, [r4, #52]	@ 0x34
10003bba:	63a3      	str	r3, [r4, #56]	@ 0x38
10003bbc:	63e3      	str	r3, [r4, #60]	@ 0x3c
10003bbe:	6423      	str	r3, [r4, #64]	@ 0x40
10003bc0:	6463      	str	r3, [r4, #68]	@ 0x44
10003bc2:	64a3      	str	r3, [r4, #72]	@ 0x48
10003bc4:	64e3      	str	r3, [r4, #76]	@ 0x4c
10003bc6:	6523      	str	r3, [r4, #80]	@ 0x50
10003bc8:	6563      	str	r3, [r4, #84]	@ 0x54
10003bca:	65a3      	str	r3, [r4, #88]	@ 0x58
10003bcc:	65e3      	str	r3, [r4, #92]	@ 0x5c
10003bce:	6623      	str	r3, [r4, #96]	@ 0x60
10003bd0:	6663      	str	r3, [r4, #100]	@ 0x64
10003bd2:	66a3      	str	r3, [r4, #104]	@ 0x68
10003bd4:	66e3      	str	r3, [r4, #108]	@ 0x6c
10003bd6:	6723      	str	r3, [r4, #112]	@ 0x70
10003bd8:	6763      	str	r3, [r4, #116]	@ 0x74
10003bda:	67a3      	str	r3, [r4, #120]	@ 0x78
10003bdc:	67e3      	str	r3, [r4, #124]	@ 0x7c
10003bde:	64a3      	str	r3, [r4, #72]	@ 0x48
10003be0:	e7d1      	b.n	10003b86 <__aeabi_double_init+0x22>
10003be2:	4b05      	ldr	r3, [pc, #20]	@ (10003bf8 <__aeabi_double_init+0x94>)
10003be4:	64a3      	str	r3, [r4, #72]	@ 0x48
10003be6:	e7ce      	b.n	10003b86 <__aeabi_double_init+0x22>
10003be8:	00004453 	.word	0x00004453
10003bec:	20001010 	.word	0x20001010
10003bf0:	0000334c 	.word	0x0000334c
10003bf4:	20001c28 	.word	0x20001c28
10003bf8:	10003bfd 	.word	0x10003bfd

10003bfc <double_table_shim_on_use_helper>:
10003bfc:	b507      	push	{r0, r1, r2, lr}
10003bfe:	4660      	mov	r0, ip
10003c00:	8801      	ldrh	r1, [r0, #0]
10003c02:	0a0a      	lsrs	r2, r1, #8
10003c04:	3002      	adds	r0, #2
10003c06:	2adf      	cmp	r2, #223	@ 0xdf
10003c08:	d1fa      	bne.n	10003c00 <double_table_shim_on_use_helper+0x4>
10003c0a:	b2c9      	uxtb	r1, r1
10003c0c:	0882      	lsrs	r2, r0, #2
10003c0e:	d304      	bcc.n	10003c1a <double_table_shim_on_use_helper+0x1e>
10003c10:	8802      	ldrh	r2, [r0, #0]
10003c12:	8840      	ldrh	r0, [r0, #2]
10003c14:	0400      	lsls	r0, r0, #16
10003c16:	4310      	orrs	r0, r2
10003c18:	e000      	b.n	10003c1c <double_table_shim_on_use_helper+0x20>
10003c1a:	6800      	ldr	r0, [r0, #0]
10003c1c:	4a01      	ldr	r2, [pc, #4]	@ (10003c24 <double_table_shim_on_use_helper+0x28>)
10003c1e:	5050      	str	r0, [r2, r1]
10003c20:	9003      	str	r0, [sp, #12]
10003c22:	bd07      	pop	{r0, r1, r2, pc}
10003c24:	20001010 	.word	0x20001010

10003c28 <drsub_shim>:
10003c28:	b40f      	push	{r0, r1, r2, r3}
10003c2a:	bc03      	pop	{r0, r1}
10003c2c:	bc0c      	pop	{r2, r3}

10003c2e <dsub_shim>:
10003c2e:	b5f0      	push	{r4, r5, r6, r7, lr}
10003c30:	2401      	movs	r4, #1
10003c32:	07e4      	lsls	r4, r4, #31
10003c34:	4063      	eors	r3, r4
10003c36:	e000      	b.n	10003c3a <da_entry>

10003c38 <dadd_shim>:
10003c38:	b5f0      	push	{r4, r5, r6, r7, lr}

10003c3a <da_entry>:
10003c3a:	0d0c      	lsrs	r4, r1, #20
10003c3c:	0fcf      	lsrs	r7, r1, #31
10003c3e:	1e66      	subs	r6, r4, #1
10003c40:	0536      	lsls	r6, r6, #20
10003c42:	1b89      	subs	r1, r1, r6
10003c44:	0564      	lsls	r4, r4, #21
10003c46:	d303      	bcc.n	10003c50 <l8_1>
10003c48:	43c9      	mvns	r1, r1
10003c4a:	4240      	negs	r0, r0
10003c4c:	d300      	bcc.n	10003c50 <l8_1>
10003c4e:	3101      	adds	r1, #1

10003c50 <l8_1>:
10003c50:	0d64      	lsrs	r4, r4, #21
10003c52:	d003      	beq.n	10003c5c <l8_2>
10003c54:	1c66      	adds	r6, r4, #1
10003c56:	0af6      	lsrs	r6, r6, #11
10003c58:	d007      	beq.n	10003c6a <l8_3>
10003c5a:	1be4      	subs	r4, r4, r7

10003c5c <l8_2>:
10003c5c:	2000      	movs	r0, #0
10003c5e:	007f      	lsls	r7, r7, #1
10003c60:	1c79      	adds	r1, r7, #1
10003c62:	0789      	lsls	r1, r1, #30
10003c64:	1289      	asrs	r1, r1, #10
10003c66:	3c80      	subs	r4, #128	@ 0x80
10003c68:	0324      	lsls	r4, r4, #12

10003c6a <l8_3>:
10003c6a:	0d1d      	lsrs	r5, r3, #20
10003c6c:	0fdf      	lsrs	r7, r3, #31
10003c6e:	1e6e      	subs	r6, r5, #1
10003c70:	0536      	lsls	r6, r6, #20
10003c72:	1b9b      	subs	r3, r3, r6
10003c74:	056d      	lsls	r5, r5, #21
10003c76:	d303      	bcc.n	10003c80 <l9_1>
10003c78:	43db      	mvns	r3, r3
10003c7a:	4252      	negs	r2, r2
10003c7c:	d300      	bcc.n	10003c80 <l9_1>
10003c7e:	3301      	adds	r3, #1

10003c80 <l9_1>:
10003c80:	0d6d      	lsrs	r5, r5, #21
10003c82:	d003      	beq.n	10003c8c <l9_2>
10003c84:	1c6e      	adds	r6, r5, #1
10003c86:	0af6      	lsrs	r6, r6, #11
10003c88:	d007      	beq.n	10003c9a <l9_3>
10003c8a:	1bed      	subs	r5, r5, r7

10003c8c <l9_2>:
10003c8c:	2200      	movs	r2, #0
10003c8e:	007f      	lsls	r7, r7, #1
10003c90:	1c7b      	adds	r3, r7, #1
10003c92:	079b      	lsls	r3, r3, #30
10003c94:	129b      	asrs	r3, r3, #10
10003c96:	3d80      	subs	r5, #128	@ 0x80
10003c98:	032d      	lsls	r5, r5, #12

10003c9a <l9_3>:
10003c9a:	1b2f      	subs	r7, r5, r4
10003c9c:	1b66      	subs	r6, r4, r5
10003c9e:	d458      	bmi.n	10003d52 <da_ygtx>
10003ca0:	46a4      	mov	ip, r4
10003ca2:	2e20      	cmp	r6, #32
10003ca4:	da46      	bge.n	10003d34 <da_xrgty>
10003ca6:	3720      	adds	r7, #32
10003ca8:	0014      	movs	r4, r2
10003caa:	40bc      	lsls	r4, r7

10003cac <da_xgty0>:
10003cac:	001d      	movs	r5, r3
10003cae:	40bd      	lsls	r5, r7
10003cb0:	40f2      	lsrs	r2, r6
10003cb2:	4133      	asrs	r3, r6
10003cb4:	432a      	orrs	r2, r5

10003cb6 <da_add>:
10003cb6:	1880      	adds	r0, r0, r2
10003cb8:	4159      	adcs	r1, r3

10003cba <da_pack>:
10003cba:	0fcb      	lsrs	r3, r1, #31
10003cbc:	d005      	beq.n	10003cca <da_pack+0x10>
10003cbe:	43c9      	mvns	r1, r1
10003cc0:	43c0      	mvns	r0, r0
10003cc2:	2200      	movs	r2, #0
10003cc4:	4264      	negs	r4, r4
10003cc6:	4150      	adcs	r0, r2
10003cc8:	4151      	adcs	r1, r2
10003cca:	4662      	mov	r2, ip
10003ccc:	0d4d      	lsrs	r5, r1, #21
10003cce:	d128      	bne.n	10003d22 <da_0>
10003cd0:	0d0d      	lsrs	r5, r1, #20
10003cd2:	d107      	bne.n	10003ce4 <da_1>
10003cd4:	2800      	cmp	r0, #0
10003cd6:	d01f      	beq.n	10003d18 <da_5>

10003cd8 <da_2>:
10003cd8:	1924      	adds	r4, r4, r4
10003cda:	4140      	adcs	r0, r0
10003cdc:	4149      	adcs	r1, r1
10003cde:	3a01      	subs	r2, #1
10003ce0:	0d0d      	lsrs	r5, r1, #20
10003ce2:	d0f9      	beq.n	10003cd8 <da_2>

10003ce4 <da_1>:
10003ce4:	0064      	lsls	r4, r4, #1
10003ce6:	d306      	bcc.n	10003cf6 <da_3>

10003ce8 <da_4>:
10003ce8:	3001      	adds	r0, #1
10003cea:	d300      	bcc.n	10003cee <da_4+0x6>
10003cec:	3101      	adds	r1, #1
10003cee:	2c00      	cmp	r4, #0
10003cf0:	d101      	bne.n	10003cf6 <da_3>
10003cf2:	0840      	lsrs	r0, r0, #1
10003cf4:	0040      	lsls	r0, r0, #1

10003cf6 <da_3>:
10003cf6:	3a01      	subs	r2, #1
10003cf8:	d40b      	bmi.n	10003d12 <da_6>
10003cfa:	1c94      	adds	r4, r2, #2
10003cfc:	0ae4      	lsrs	r4, r4, #11
10003cfe:	d104      	bne.n	10003d0a <da_7>
10003d00:	0512      	lsls	r2, r2, #20
10003d02:	4411      	add	r1, r2
10003d04:	07db      	lsls	r3, r3, #31
10003d06:	4419      	add	r1, r3
10003d08:	bdf0      	pop	{r4, r5, r6, r7, pc}

10003d0a <da_7>:
10003d0a:	07d9      	lsls	r1, r3, #31
10003d0c:	4b20      	ldr	r3, [pc, #128]	@ (10003d90 <da_xmgty+0x4>)
10003d0e:	4319      	orrs	r1, r3
10003d10:	e000      	b.n	10003d14 <da_6+0x2>

10003d12 <da_6>:
10003d12:	07d9      	lsls	r1, r3, #31
10003d14:	2000      	movs	r0, #0
10003d16:	bdf0      	pop	{r4, r5, r6, r7, pc}

10003d18 <da_5>:
10003d18:	2900      	cmp	r1, #0
10003d1a:	d1dd      	bne.n	10003cd8 <da_2>
10003d1c:	2c00      	cmp	r4, #0
10003d1e:	d1db      	bne.n	10003cd8 <da_2>
10003d20:	bdf0      	pop	{r4, r5, r6, r7, pc}

10003d22 <da_0>:
10003d22:	3201      	adds	r2, #1
10003d24:	07c6      	lsls	r6, r0, #31
10003d26:	0840      	lsrs	r0, r0, #1
10003d28:	07cd      	lsls	r5, r1, #31
10003d2a:	4328      	orrs	r0, r5
10003d2c:	0849      	lsrs	r1, r1, #1
10003d2e:	2e00      	cmp	r6, #0
10003d30:	d0e1      	beq.n	10003cf6 <da_3>
10003d32:	e7d9      	b.n	10003ce8 <da_4>

10003d34 <da_xrgty>:
10003d34:	2e3c      	cmp	r6, #60	@ 0x3c
10003d36:	da29      	bge.n	10003d8c <da_xmgty>
10003d38:	3e20      	subs	r6, #32
10003d3a:	3740      	adds	r7, #64	@ 0x40
10003d3c:	0014      	movs	r4, r2
10003d3e:	40bc      	lsls	r4, r7
10003d40:	d000      	beq.n	10003d44 <da_xrgty+0x10>
10003d42:	2401      	movs	r4, #1
10003d44:	40f2      	lsrs	r2, r6
10003d46:	4314      	orrs	r4, r2
10003d48:	001a      	movs	r2, r3
10003d4a:	40bb      	lsls	r3, r7
10003d4c:	431c      	orrs	r4, r3
10003d4e:	17d3      	asrs	r3, r2, #31
10003d50:	e7ac      	b.n	10003cac <da_xgty0>

10003d52 <da_ygtx>:
10003d52:	46ac      	mov	ip, r5
10003d54:	2f20      	cmp	r7, #32
10003d56:	da08      	bge.n	10003d6a <da_yrgtx>
10003d58:	3620      	adds	r6, #32
10003d5a:	0004      	movs	r4, r0
10003d5c:	40b4      	lsls	r4, r6

10003d5e <da_ygtx0>:
10003d5e:	000d      	movs	r5, r1
10003d60:	40b5      	lsls	r5, r6
10003d62:	40f8      	lsrs	r0, r7
10003d64:	4139      	asrs	r1, r7
10003d66:	4328      	orrs	r0, r5
10003d68:	e7a5      	b.n	10003cb6 <da_add>

10003d6a <da_yrgtx>:
10003d6a:	2f3c      	cmp	r7, #60	@ 0x3c
10003d6c:	da0c      	bge.n	10003d88 <da_ymgtx>
10003d6e:	3f20      	subs	r7, #32
10003d70:	3640      	adds	r6, #64	@ 0x40
10003d72:	0004      	movs	r4, r0
10003d74:	40b4      	lsls	r4, r6
10003d76:	d000      	beq.n	10003d7a <da_yrgtx+0x10>
10003d78:	2401      	movs	r4, #1
10003d7a:	40f8      	lsrs	r0, r7
10003d7c:	4304      	orrs	r4, r0
10003d7e:	0008      	movs	r0, r1
10003d80:	40b1      	lsls	r1, r6
10003d82:	430c      	orrs	r4, r1
10003d84:	17c1      	asrs	r1, r0, #31
10003d86:	e7ea      	b.n	10003d5e <da_ygtx0>

10003d88 <da_ymgtx>:
10003d88:	0010      	movs	r0, r2
10003d8a:	0019      	movs	r1, r3

10003d8c <da_xmgty>:
10003d8c:	2400      	movs	r4, #0
10003d8e:	e794      	b.n	10003cba <da_pack>
10003d90:	7ff00000 	.word	0x7ff00000

10003d94 <dmul_shim>:
10003d94:	b5f0      	push	{r4, r5, r6, r7, lr}
10003d96:	0d0c      	lsrs	r4, r1, #20
10003d98:	1e66      	subs	r6, r4, #1
10003d9a:	0536      	lsls	r6, r6, #20
10003d9c:	1b89      	subs	r1, r1, r6
10003d9e:	0ae6      	lsrs	r6, r4, #11
10003da0:	0564      	lsls	r4, r4, #21
10003da2:	0d64      	lsrs	r4, r4, #21
10003da4:	d002      	beq.n	10003dac <l12_1>
10003da6:	1c65      	adds	r5, r4, #1
10003da8:	0aed      	lsrs	r5, r5, #11
10003daa:	d004      	beq.n	10003db6 <l12_2>

10003dac <l12_1>:
10003dac:	2000      	movs	r0, #0
10003dae:	2101      	movs	r1, #1
10003db0:	0509      	lsls	r1, r1, #20
10003db2:	3c80      	subs	r4, #128	@ 0x80
10003db4:	0324      	lsls	r4, r4, #12

10003db6 <l12_2>:
10003db6:	46a4      	mov	ip, r4
10003db8:	0d1c      	lsrs	r4, r3, #20
10003dba:	1e67      	subs	r7, r4, #1
10003dbc:	053f      	lsls	r7, r7, #20
10003dbe:	1bdb      	subs	r3, r3, r7
10003dc0:	0ae7      	lsrs	r7, r4, #11
10003dc2:	0564      	lsls	r4, r4, #21
10003dc4:	0d64      	lsrs	r4, r4, #21
10003dc6:	d002      	beq.n	10003dce <l13_1>
10003dc8:	1c65      	adds	r5, r4, #1
10003dca:	0aed      	lsrs	r5, r5, #11
10003dcc:	d004      	beq.n	10003dd8 <l13_2>

10003dce <l13_1>:
10003dce:	2200      	movs	r2, #0
10003dd0:	2301      	movs	r3, #1
10003dd2:	051b      	lsls	r3, r3, #20
10003dd4:	3c80      	subs	r4, #128	@ 0x80
10003dd6:	0324      	lsls	r4, r4, #12

10003dd8 <l13_2>:
10003dd8:	4077      	eors	r7, r6
10003dda:	4464      	add	r4, ip
10003ddc:	b497      	push	{r0, r1, r2, r4, r7}
10003dde:	b284      	uxth	r4, r0
10003de0:	b296      	uxth	r6, r2
10003de2:	4374      	muls	r4, r6
10003de4:	0c07      	lsrs	r7, r0, #16
10003de6:	437e      	muls	r6, r7
10003de8:	0c15      	lsrs	r5, r2, #16
10003dea:	436f      	muls	r7, r5
10003dec:	b280      	uxth	r0, r0
10003dee:	4368      	muls	r0, r5
10003df0:	1836      	adds	r6, r6, r0
10003df2:	d302      	bcc.n	10003dfa <l14_1>
10003df4:	2001      	movs	r0, #1
10003df6:	0400      	lsls	r0, r0, #16
10003df8:	183f      	adds	r7, r7, r0

10003dfa <l14_1>:
10003dfa:	0430      	lsls	r0, r6, #16
10003dfc:	0c35      	lsrs	r5, r6, #16
10003dfe:	1900      	adds	r0, r0, r4
10003e00:	417d      	adcs	r5, r7
10003e02:	4684      	mov	ip, r0
10003e04:	b288      	uxth	r0, r1
10003e06:	b29a      	uxth	r2, r3
10003e08:	4350      	muls	r0, r2
10003e0a:	0c0c      	lsrs	r4, r1, #16
10003e0c:	4362      	muls	r2, r4
10003e0e:	0c1f      	lsrs	r7, r3, #16
10003e10:	437c      	muls	r4, r7
10003e12:	b28e      	uxth	r6, r1
10003e14:	437e      	muls	r6, r7
10003e16:	1992      	adds	r2, r2, r6
10003e18:	d302      	bcc.n	10003e20 <l15_1>
10003e1a:	2601      	movs	r6, #1
10003e1c:	0436      	lsls	r6, r6, #16
10003e1e:	19a4      	adds	r4, r4, r6

10003e20 <l15_1>:
10003e20:	0416      	lsls	r6, r2, #16
10003e22:	0c17      	lsrs	r7, r2, #16
10003e24:	1836      	adds	r6, r6, r0
10003e26:	4167      	adcs	r7, r4
10003e28:	bc01      	pop	{r0}
10003e2a:	b281      	uxth	r1, r0
10003e2c:	b29a      	uxth	r2, r3
10003e2e:	4351      	muls	r1, r2
10003e30:	0c04      	lsrs	r4, r0, #16
10003e32:	4362      	muls	r2, r4
10003e34:	0c1b      	lsrs	r3, r3, #16
10003e36:	435c      	muls	r4, r3
10003e38:	b280      	uxth	r0, r0
10003e3a:	4358      	muls	r0, r3
10003e3c:	1812      	adds	r2, r2, r0
10003e3e:	d302      	bcc.n	10003e46 <l16_1>
10003e40:	2001      	movs	r0, #1
10003e42:	0400      	lsls	r0, r0, #16
10003e44:	1824      	adds	r4, r4, r0

10003e46 <l16_1>:
10003e46:	0410      	lsls	r0, r2, #16
10003e48:	0c13      	lsrs	r3, r2, #16
10003e4a:	1840      	adds	r0, r0, r1
10003e4c:	4163      	adcs	r3, r4
10003e4e:	182d      	adds	r5, r5, r0
10003e50:	415e      	adcs	r6, r3
10003e52:	2000      	movs	r0, #0
10003e54:	4147      	adcs	r7, r0
10003e56:	bc06      	pop	{r1, r2}
10003e58:	b288      	uxth	r0, r1
10003e5a:	b293      	uxth	r3, r2
10003e5c:	4358      	muls	r0, r3
10003e5e:	0c0c      	lsrs	r4, r1, #16
10003e60:	4363      	muls	r3, r4
10003e62:	0c12      	lsrs	r2, r2, #16
10003e64:	4354      	muls	r4, r2
10003e66:	b289      	uxth	r1, r1
10003e68:	4351      	muls	r1, r2
10003e6a:	185b      	adds	r3, r3, r1
10003e6c:	d302      	bcc.n	10003e74 <l17_1>
10003e6e:	2101      	movs	r1, #1
10003e70:	0409      	lsls	r1, r1, #16
10003e72:	1864      	adds	r4, r4, r1

10003e74 <l17_1>:
10003e74:	0419      	lsls	r1, r3, #16
10003e76:	0c1a      	lsrs	r2, r3, #16
10003e78:	1809      	adds	r1, r1, r0
10003e7a:	4162      	adcs	r2, r4
10003e7c:	186d      	adds	r5, r5, r1
10003e7e:	4156      	adcs	r6, r2
10003e80:	2000      	movs	r0, #0
10003e82:	4147      	adcs	r7, r0
10003e84:	bc18      	pop	{r3, r4}
10003e86:	02f9      	lsls	r1, r7, #11
10003e88:	0d72      	lsrs	r2, r6, #21
10003e8a:	4311      	orrs	r1, r2
10003e8c:	02f0      	lsls	r0, r6, #11
10003e8e:	0d6a      	lsrs	r2, r5, #21
10003e90:	4310      	orrs	r0, r2
10003e92:	02ed      	lsls	r5, r5, #11
10003e94:	0d0a      	lsrs	r2, r1, #20
10003e96:	d103      	bne.n	10003ea0 <l17_1+0x2c>
10003e98:	196d      	adds	r5, r5, r5
10003e9a:	4140      	adcs	r0, r0
10003e9c:	4149      	adcs	r1, r1
10003e9e:	3b01      	subs	r3, #1
10003ea0:	4e12      	ldr	r6, [pc, #72]	@ (10003eec <dm_1+0xa>)
10003ea2:	1b9b      	subs	r3, r3, r6
10003ea4:	0076      	lsls	r6, r6, #1
10003ea6:	42b3      	cmp	r3, r6
10003ea8:	d20e      	bcs.n	10003ec8 <dm_0>
10003eaa:	006d      	lsls	r5, r5, #1
10003eac:	d307      	bcc.n	10003ebe <l17_1+0x4a>
10003eae:	3001      	adds	r0, #1
10003eb0:	2600      	movs	r6, #0
10003eb2:	4171      	adcs	r1, r6
10003eb4:	4666      	mov	r6, ip
10003eb6:	4335      	orrs	r5, r6
10003eb8:	d101      	bne.n	10003ebe <l17_1+0x4a>
10003eba:	0840      	lsrs	r0, r0, #1
10003ebc:	0040      	lsls	r0, r0, #1
10003ebe:	051b      	lsls	r3, r3, #20
10003ec0:	18c9      	adds	r1, r1, r3

10003ec2 <dm_2>:
10003ec2:	07e4      	lsls	r4, r4, #31
10003ec4:	4421      	add	r1, r4
10003ec6:	bdf0      	pop	{r4, r5, r6, r7, pc}

10003ec8 <dm_0>:
10003ec8:	da0b      	bge.n	10003ee2 <dm_1>
10003eca:	3301      	adds	r3, #1
10003ecc:	d106      	bne.n	10003edc <dm_0+0x14>
10003ece:	3001      	adds	r0, #1
10003ed0:	d104      	bne.n	10003edc <dm_0+0x14>
10003ed2:	3101      	adds	r1, #1
10003ed4:	0d4f      	lsrs	r7, r1, #21
10003ed6:	d001      	beq.n	10003edc <dm_0+0x14>
10003ed8:	0849      	lsrs	r1, r1, #1
10003eda:	e7f2      	b.n	10003ec2 <dm_2>
10003edc:	07e1      	lsls	r1, r4, #31
10003ede:	2000      	movs	r0, #0
10003ee0:	bdf0      	pop	{r4, r5, r6, r7, pc}

10003ee2 <dm_1>:
10003ee2:	3601      	adds	r6, #1
10003ee4:	0531      	lsls	r1, r6, #20
10003ee6:	2000      	movs	r0, #0
10003ee8:	e7eb      	b.n	10003ec2 <dm_2>
10003eea:	0000      	.short	0x0000
10003eec:	000003ff 	.word	0x000003ff

10003ef0 <ddiv_shim>:
10003ef0:	b5f0      	push	{r4, r5, r6, r7, lr}

10003ef2 <ddiv0>:
10003ef2:	0d1c      	lsrs	r4, r3, #20
10003ef4:	1e67      	subs	r7, r4, #1
10003ef6:	053f      	lsls	r7, r7, #20
10003ef8:	1bdb      	subs	r3, r3, r7
10003efa:	0ae7      	lsrs	r7, r4, #11
10003efc:	0564      	lsls	r4, r4, #21
10003efe:	0d64      	lsrs	r4, r4, #21
10003f00:	d002      	beq.n	10003f08 <l20_1>
10003f02:	1c66      	adds	r6, r4, #1
10003f04:	0af6      	lsrs	r6, r6, #11
10003f06:	d004      	beq.n	10003f12 <l20_2>

10003f08 <l20_1>:
10003f08:	2200      	movs	r2, #0
10003f0a:	2301      	movs	r3, #1
10003f0c:	051b      	lsls	r3, r3, #20
10003f0e:	3c80      	subs	r4, #128	@ 0x80
10003f10:	0324      	lsls	r4, r4, #12

10003f12 <l20_2>:
10003f12:	25d0      	movs	r5, #208	@ 0xd0
10003f14:	062d      	lsls	r5, r5, #24
10003f16:	2600      	movs	r6, #0
10003f18:	43f6      	mvns	r6, r6
10003f1a:	662e      	str	r6, [r5, #96]	@ 0x60
10003f1c:	091e      	lsrs	r6, r3, #4
10003f1e:	666e      	str	r6, [r5, #100]	@ 0x64
10003f20:	0fce      	lsrs	r6, r1, #31
10003f22:	19f6      	adds	r6, r6, r7
10003f24:	46b4      	mov	ip, r6
10003f26:	0049      	lsls	r1, r1, #1
10003f28:	0d4f      	lsrs	r7, r1, #21
10003f2a:	d002      	beq.n	10003f32 <l20_2+0x20>
10003f2c:	1c7e      	adds	r6, r7, #1
10003f2e:	0af6      	lsrs	r6, r6, #11
10003f30:	d003      	beq.n	10003f3a <l20_2+0x28>
10003f32:	2000      	movs	r0, #0
10003f34:	2100      	movs	r1, #0
10003f36:	3f40      	subs	r7, #64	@ 0x40
10003f38:	033f      	lsls	r7, r7, #12
10003f3a:	1b3e      	subs	r6, r7, r4
10003f3c:	00b6      	lsls	r6, r6, #2
10003f3e:	44b4      	add	ip, r6
10003f40:	3f01      	subs	r7, #1
10003f42:	057f      	lsls	r7, r7, #21
10003f44:	1bc9      	subs	r1, r1, r7
10003f46:	0849      	lsrs	r1, r1, #1
10003f48:	6f2e      	ldr	r6, [r5, #112]	@ 0x70
10003f4a:	3601      	adds	r6, #1
10003f4c:	0876      	lsrs	r6, r6, #1
10003f4e:	029c      	lsls	r4, r3, #10
10003f50:	0d95      	lsrs	r5, r2, #22
10003f52:	4325      	orrs	r5, r4
10003f54:	4375      	muls	r5, r6
10003f56:	13ed      	asrs	r5, r5, #15
10003f58:	4375      	muls	r5, r6
10003f5a:	13ad      	asrs	r5, r5, #14
10003f5c:	3501      	adds	r5, #1
10003f5e:	106d      	asrs	r5, r5, #1
10003f60:	03f6      	lsls	r6, r6, #15
10003f62:	1b76      	subs	r6, r6, r5
10003f64:	b40c      	push	{r2, r3}
10003f66:	02cc      	lsls	r4, r1, #11
10003f68:	0d45      	lsrs	r5, r0, #21
10003f6a:	432c      	orrs	r4, r5
10003f6c:	b2a2      	uxth	r2, r4
10003f6e:	b2b3      	uxth	r3, r6
10003f70:	435a      	muls	r2, r3
10003f72:	0c27      	lsrs	r7, r4, #16
10003f74:	437b      	muls	r3, r7
10003f76:	0c35      	lsrs	r5, r6, #16
10003f78:	436f      	muls	r7, r5
10003f7a:	b2a4      	uxth	r4, r4
10003f7c:	436c      	muls	r4, r5
10003f7e:	191b      	adds	r3, r3, r4
10003f80:	d302      	bcc.n	10003f88 <l21_1>
10003f82:	2401      	movs	r4, #1
10003f84:	0424      	lsls	r4, r4, #16
10003f86:	193f      	adds	r7, r7, r4

10003f88 <l21_1>:
10003f88:	041c      	lsls	r4, r3, #16
10003f8a:	0c1d      	lsrs	r5, r3, #16
10003f8c:	18a4      	adds	r4, r4, r2
10003f8e:	417d      	adcs	r5, r7
10003f90:	1924      	adds	r4, r4, r4
10003f92:	416d      	adcs	r5, r5
10003f94:	9a00      	ldr	r2, [sp, #0]
10003f96:	b291      	uxth	r1, r2
10003f98:	b2ac      	uxth	r4, r5
10003f9a:	4361      	muls	r1, r4
10003f9c:	0c17      	lsrs	r7, r2, #16
10003f9e:	437c      	muls	r4, r7
10003fa0:	0c2b      	lsrs	r3, r5, #16
10003fa2:	435f      	muls	r7, r3
10003fa4:	b292      	uxth	r2, r2
10003fa6:	435a      	muls	r2, r3
10003fa8:	18a4      	adds	r4, r4, r2
10003faa:	d302      	bcc.n	10003fb2 <l22_1>
10003fac:	2201      	movs	r2, #1
10003fae:	0412      	lsls	r2, r2, #16
10003fb0:	18bf      	adds	r7, r7, r2

10003fb2 <l22_1>:
10003fb2:	0422      	lsls	r2, r4, #16
10003fb4:	0c23      	lsrs	r3, r4, #16
10003fb6:	1852      	adds	r2, r2, r1
10003fb8:	417b      	adcs	r3, r7
10003fba:	9c01      	ldr	r4, [sp, #4]
10003fbc:	436c      	muls	r4, r5
10003fbe:	191b      	adds	r3, r3, r4
10003fc0:	0e52      	lsrs	r2, r2, #25
10003fc2:	01d9      	lsls	r1, r3, #7
10003fc4:	430a      	orrs	r2, r1
10003fc6:	0144      	lsls	r4, r0, #5
10003fc8:	1aa0      	subs	r0, r4, r2
10003fca:	b281      	uxth	r1, r0
10003fcc:	b2b2      	uxth	r2, r6
10003fce:	4351      	muls	r1, r2
10003fd0:	1403      	asrs	r3, r0, #16
10003fd2:	435a      	muls	r2, r3
10003fd4:	0c36      	lsrs	r6, r6, #16
10003fd6:	4373      	muls	r3, r6
10003fd8:	b287      	uxth	r7, r0
10003fda:	4377      	muls	r7, r6
10003fdc:	17d6      	asrs	r6, r2, #31
10003fde:	19d2      	adds	r2, r2, r7
10003fe0:	2700      	movs	r7, #0
10003fe2:	417e      	adcs	r6, r7
10003fe4:	0436      	lsls	r6, r6, #16
10003fe6:	199b      	adds	r3, r3, r6
10003fe8:	0417      	lsls	r7, r2, #16
10003fea:	0c16      	lsrs	r6, r2, #16
10003fec:	187f      	adds	r7, r7, r1
10003fee:	415e      	adcs	r6, r3
10003ff0:	1673      	asrs	r3, r6, #25
10003ff2:	18ed      	adds	r5, r5, r3
10003ff4:	01f3      	lsls	r3, r6, #7
10003ff6:	2600      	movs	r6, #0
10003ff8:	3380      	adds	r3, #128	@ 0x80
10003ffa:	4175      	adcs	r5, r6
10003ffc:	0fa9      	lsrs	r1, r5, #30
10003ffe:	d106      	bne.n	1000400e <dd_0>
10004000:	0064      	lsls	r4, r4, #1
10004002:	0a69      	lsrs	r1, r5, #9
10004004:	05e8      	lsls	r0, r5, #23
10004006:	0a5b      	lsrs	r3, r3, #9
10004008:	4318      	orrs	r0, r3
1000400a:	d209      	bcs.n	10004020 <dd_1>
1000400c:	e02f      	b.n	1000406e <dd_2>

1000400e <dd_0>:
1000400e:	2204      	movs	r2, #4
10004010:	4494      	add	ip, r2
10004012:	3380      	adds	r3, #128	@ 0x80
10004014:	4175      	adcs	r5, r6
10004016:	0aa9      	lsrs	r1, r5, #10
10004018:	05a8      	lsls	r0, r5, #22
1000401a:	0a9b      	lsrs	r3, r3, #10
1000401c:	4318      	orrs	r0, r3
1000401e:	d326      	bcc.n	1000406e <dd_2>

10004020 <dd_1>:
10004020:	4140      	adcs	r0, r0
10004022:	4149      	adcs	r1, r1
10004024:	0424      	lsls	r4, r4, #16
10004026:	9a00      	ldr	r2, [sp, #0]
10004028:	9b01      	ldr	r3, [sp, #4]
1000402a:	000d      	movs	r5, r1
1000402c:	4355      	muls	r5, r2
1000402e:	1b64      	subs	r4, r4, r5
10004030:	4343      	muls	r3, r0
10004032:	1ae4      	subs	r4, r4, r3
10004034:	b295      	uxth	r5, r2
10004036:	b286      	uxth	r6, r0
10004038:	4375      	muls	r5, r6
1000403a:	0c17      	lsrs	r7, r2, #16
1000403c:	437e      	muls	r6, r7
1000403e:	0c03      	lsrs	r3, r0, #16
10004040:	435f      	muls	r7, r3
10004042:	b292      	uxth	r2, r2
10004044:	435a      	muls	r2, r3
10004046:	18b6      	adds	r6, r6, r2
10004048:	d302      	bcc.n	10004050 <l24_1>
1000404a:	2201      	movs	r2, #1
1000404c:	0412      	lsls	r2, r2, #16
1000404e:	18bf      	adds	r7, r7, r2

10004050 <l24_1>:
10004050:	0432      	lsls	r2, r6, #16
10004052:	0c33      	lsrs	r3, r6, #16
10004054:	1952      	adds	r2, r2, r5
10004056:	417b      	adcs	r3, r7
10004058:	4252      	negs	r2, r2
1000405a:	419c      	sbcs	r4, r3
1000405c:	2c00      	cmp	r4, #0
1000405e:	d402      	bmi.n	10004066 <l24_1+0x16>
10004060:	2200      	movs	r2, #0
10004062:	3001      	adds	r0, #1
10004064:	4151      	adcs	r1, r2
10004066:	0840      	lsrs	r0, r0, #1
10004068:	07ca      	lsls	r2, r1, #31
1000406a:	4310      	orrs	r0, r2
1000406c:	0849      	lsrs	r1, r1, #1

1000406e <dd_2>:
1000406e:	b002      	add	sp, #8
10004070:	4662      	mov	r2, ip
10004072:	07d7      	lsls	r7, r2, #31
10004074:	1092      	asrs	r2, r2, #2
10004076:	4b08      	ldr	r3, [pc, #32]	@ (10004098 <dd_4+0x6>)
10004078:	18d2      	adds	r2, r2, r3
1000407a:	4b08      	ldr	r3, [pc, #32]	@ (1000409c <dd_4+0xa>)
1000407c:	429a      	cmp	r2, r3
1000407e:	d203      	bcs.n	10004088 <dd_3>
10004080:	0512      	lsls	r2, r2, #20
10004082:	1889      	adds	r1, r1, r2

10004084 <dd_5>:
10004084:	19c9      	adds	r1, r1, r7
10004086:	bdf0      	pop	{r4, r5, r6, r7, pc}

10004088 <dd_3>:
10004088:	2000      	movs	r0, #0
1000408a:	2a00      	cmp	r2, #0
1000408c:	dc01      	bgt.n	10004092 <dd_4>
1000408e:	0039      	movs	r1, r7
10004090:	bdf0      	pop	{r4, r5, r6, r7, pc}

10004092 <dd_4>:
10004092:	3301      	adds	r3, #1
10004094:	0519      	lsls	r1, r3, #20
10004096:	e7f5      	b.n	10004084 <dd_5>
10004098:	000003fd 	.word	0x000003fd
1000409c:	000007fe 	.word	0x000007fe

100040a0 <double2uint_shim>:
100040a0:	2200      	movs	r2, #0

100040a2 <double2ufix_shim>:
100040a2:	b500      	push	{lr}
100040a4:	3220      	adds	r2, #32
100040a6:	f000 f804 	bl	100040b2 <double2ufix64_shim>
100040aa:	0008      	movs	r0, r1
100040ac:	bd00      	pop	{pc}
	...

100040b0 <double2uint64_shim>:
100040b0:	2200      	movs	r2, #0

100040b2 <double2ufix64_shim>:
100040b2:	150b      	asrs	r3, r1, #20
100040b4:	d40a      	bmi.n	100040cc <ret_dzero>

100040b6 <d2fix>:
100040b6:	b510      	push	{r4, lr}
100040b8:	4694      	mov	ip, r2
100040ba:	f000 f831 	bl	10004120 <dunpacks>
100040be:	1414      	asrs	r4, r2, #16
100040c0:	3401      	adds	r4, #1
100040c2:	da00      	bge.n	100040c6 <d2fix+0x10>
100040c4:	2100      	movs	r1, #0
100040c6:	17cb      	asrs	r3, r1, #31
100040c8:	4c14      	ldr	r4, [pc, #80]	@ (1000411c <d2fix_a+0x4a>)
100040ca:	4720      	bx	r4

100040cc <ret_dzero>:
100040cc:	2000      	movs	r0, #0
100040ce:	2100      	movs	r1, #0
100040d0:	4770      	bx	lr

100040d2 <d2fix_a>:
100040d2:	4462      	add	r2, ip
100040d4:	3a34      	subs	r2, #52	@ 0x34
100040d6:	d40c      	bmi.n	100040f2 <d2fix_a+0x20>
100040d8:	2a0c      	cmp	r2, #12
100040da:	da07      	bge.n	100040ec <d2fix_a+0x1a>
100040dc:	0004      	movs	r4, r0
100040de:	4091      	lsls	r1, r2
100040e0:	4090      	lsls	r0, r2
100040e2:	4252      	negs	r2, r2
100040e4:	3220      	adds	r2, #32
100040e6:	40d4      	lsrs	r4, r2
100040e8:	4321      	orrs	r1, r4
100040ea:	bd10      	pop	{r4, pc}
100040ec:	43d8      	mvns	r0, r3
100040ee:	43d9      	mvns	r1, r3
100040f0:	bd10      	pop	{r4, pc}
100040f2:	3220      	adds	r2, #32
100040f4:	d407      	bmi.n	10004106 <d2fix_a+0x34>
100040f6:	460c      	mov	r4, r1
100040f8:	4094      	lsls	r4, r2
100040fa:	4252      	negs	r2, r2
100040fc:	3220      	adds	r2, #32
100040fe:	4111      	asrs	r1, r2
10004100:	40d0      	lsrs	r0, r2
10004102:	4320      	orrs	r0, r4
10004104:	bd10      	pop	{r4, pc}
10004106:	0008      	movs	r0, r1
10004108:	17c9      	asrs	r1, r1, #31
1000410a:	3220      	adds	r2, #32
1000410c:	d403      	bmi.n	10004116 <d2fix_a+0x44>
1000410e:	4252      	negs	r2, r2
10004110:	3220      	adds	r2, #32
10004112:	4110      	asrs	r0, r2
10004114:	bd10      	pop	{r4, pc}
10004116:	0018      	movs	r0, r3
10004118:	0019      	movs	r1, r3
1000411a:	bd10      	pop	{r4, pc}
1000411c:	100040d3 	.word	0x100040d3

10004120 <dunpacks>:
10004120:	0d0a      	lsrs	r2, r1, #20
10004122:	0fcc      	lsrs	r4, r1, #31
10004124:	1e53      	subs	r3, r2, #1
10004126:	051b      	lsls	r3, r3, #20
10004128:	1ac9      	subs	r1, r1, r3
1000412a:	0552      	lsls	r2, r2, #21
1000412c:	d303      	bcc.n	10004136 <l60_1>
1000412e:	43c9      	mvns	r1, r1
10004130:	4240      	negs	r0, r0
10004132:	d300      	bcc.n	10004136 <l60_1>
10004134:	3101      	adds	r1, #1

10004136 <l60_1>:
10004136:	0d52      	lsrs	r2, r2, #21
10004138:	d003      	beq.n	10004142 <l60_2>
1000413a:	1c53      	adds	r3, r2, #1
1000413c:	0adb      	lsrs	r3, r3, #11
1000413e:	d007      	beq.n	10004150 <l60_3>
10004140:	1b12      	subs	r2, r2, r4

10004142 <l60_2>:
10004142:	2000      	movs	r0, #0
10004144:	0064      	lsls	r4, r4, #1
10004146:	1c61      	adds	r1, r4, #1
10004148:	0789      	lsls	r1, r1, #30
1000414a:	1289      	asrs	r1, r1, #10
1000414c:	3a80      	subs	r2, #128	@ 0x80
1000414e:	0312      	lsls	r2, r2, #12

10004150 <l60_3>:
10004150:	4b01      	ldr	r3, [pc, #4]	@ (10004158 <l60_3+0x8>)
10004152:	1ad2      	subs	r2, r2, r3
10004154:	4770      	bx	lr
10004156:	0000      	.short	0x0000
10004158:	000003ff 	.word	0x000003ff

1000415c <__wrap___aeabi_lmul>:
1000415c:	4351      	muls	r1, r2
1000415e:	4343      	muls	r3, r0
10004160:	18c9      	adds	r1, r1, r3
10004162:	468c      	mov	ip, r1
10004164:	0c11      	lsrs	r1, r2, #16
10004166:	b283      	uxth	r3, r0
10004168:	434b      	muls	r3, r1
1000416a:	b410      	push	{r4}
1000416c:	0c04      	lsrs	r4, r0, #16
1000416e:	4361      	muls	r1, r4
10004170:	b292      	uxth	r2, r2
10004172:	b280      	uxth	r0, r0
10004174:	4350      	muls	r0, r2
10004176:	4362      	muls	r2, r4
10004178:	041c      	lsls	r4, r3, #16
1000417a:	0c1b      	lsrs	r3, r3, #16
1000417c:	1900      	adds	r0, r0, r4
1000417e:	bc10      	pop	{r4}
10004180:	4159      	adcs	r1, r3
10004182:	0413      	lsls	r3, r2, #16
10004184:	0c12      	lsrs	r2, r2, #16
10004186:	18c0      	adds	r0, r0, r3
10004188:	4151      	adcs	r1, r2
1000418a:	4461      	add	r1, ip
1000418c:	4770      	bx	lr
	...

10004190 <__aeabi_float_init>:
10004190:	2313      	movs	r3, #19
10004192:	b510      	push	{r4, lr}
10004194:	4812      	ldr	r0, [pc, #72]	@ (100041e0 <__aeabi_float_init+0x50>)
10004196:	781c      	ldrb	r4, [r3, #0]
10004198:	f7ff f976 	bl	10003488 <rom_data_lookup>
1000419c:	0001      	movs	r1, r0
1000419e:	2c01      	cmp	r4, #1
100041a0:	d00a      	beq.n	100041b8 <__aeabi_float_init+0x28>
100041a2:	dd03      	ble.n	100041ac <__aeabi_float_init+0x1c>
100041a4:	2280      	movs	r2, #128	@ 0x80
100041a6:	480f      	ldr	r0, [pc, #60]	@ (100041e4 <__aeabi_float_init+0x54>)
100041a8:	f000 f848 	bl	1000423c <__wrap___aeabi_memcpy>
100041ac:	480e      	ldr	r0, [pc, #56]	@ (100041e8 <__aeabi_float_init+0x58>)
100041ae:	f7ff f963 	bl	10003478 <rom_func_lookup>
100041b2:	4b0e      	ldr	r3, [pc, #56]	@ (100041ec <__aeabi_float_init+0x5c>)
100041b4:	6018      	str	r0, [r3, #0]
100041b6:	bd10      	pop	{r4, pc}
100041b8:	4c0a      	ldr	r4, [pc, #40]	@ (100041e4 <__aeabi_float_init+0x54>)
100041ba:	2254      	movs	r2, #84	@ 0x54
100041bc:	0020      	movs	r0, r4
100041be:	f000 f83d 	bl	1000423c <__wrap___aeabi_memcpy>
100041c2:	4b0b      	ldr	r3, [pc, #44]	@ (100041f0 <__aeabi_float_init+0x60>)
100041c4:	6563      	str	r3, [r4, #84]	@ 0x54
100041c6:	65a3      	str	r3, [r4, #88]	@ 0x58
100041c8:	65e3      	str	r3, [r4, #92]	@ 0x5c
100041ca:	6623      	str	r3, [r4, #96]	@ 0x60
100041cc:	6663      	str	r3, [r4, #100]	@ 0x64
100041ce:	66a3      	str	r3, [r4, #104]	@ 0x68
100041d0:	66e3      	str	r3, [r4, #108]	@ 0x6c
100041d2:	6723      	str	r3, [r4, #112]	@ 0x70
100041d4:	6763      	str	r3, [r4, #116]	@ 0x74
100041d6:	67a3      	str	r3, [r4, #120]	@ 0x78
100041d8:	67e3      	str	r3, [r4, #124]	@ 0x7c
100041da:	6223      	str	r3, [r4, #32]
100041dc:	61e3      	str	r3, [r4, #28]
100041de:	e7e5      	b.n	100041ac <__aeabi_float_init+0x1c>
100041e0:	00004653 	.word	0x00004653
100041e4:	20001110 	.word	0x20001110
100041e8:	0000334c 	.word	0x0000334c
100041ec:	20001c28 	.word	0x20001c28
100041f0:	100041f5 	.word	0x100041f5

100041f4 <float_table_shim_on_use_helper>:
100041f4:	b507      	push	{r0, r1, r2, lr}
100041f6:	4660      	mov	r0, ip
100041f8:	8801      	ldrh	r1, [r0, #0]
100041fa:	0a0a      	lsrs	r2, r1, #8
100041fc:	3002      	adds	r0, #2
100041fe:	2adf      	cmp	r2, #223	@ 0xdf
10004200:	d1fa      	bne.n	100041f8 <float_table_shim_on_use_helper+0x4>
10004202:	b2c9      	uxtb	r1, r1
10004204:	0882      	lsrs	r2, r0, #2
10004206:	d304      	bcc.n	10004212 <float_table_shim_on_use_helper+0x1e>
10004208:	8802      	ldrh	r2, [r0, #0]
1000420a:	8840      	ldrh	r0, [r0, #2]
1000420c:	0400      	lsls	r0, r0, #16
1000420e:	4310      	orrs	r0, r2
10004210:	e000      	b.n	10004214 <float_table_shim_on_use_helper+0x20>
10004212:	6800      	ldr	r0, [r0, #0]
10004214:	4a01      	ldr	r2, [pc, #4]	@ (1000421c <float_table_shim_on_use_helper+0x28>)
10004216:	5050      	str	r0, [r2, r1]
10004218:	9003      	str	r0, [sp, #12]
1000421a:	bd07      	pop	{r0, r1, r2, pc}
1000421c:	20001110 	.word	0x20001110

10004220 <__aeabi_mem_init>:
10004220:	4801      	ldr	r0, [pc, #4]	@ (10004228 <__aeabi_mem_init+0x8>)
10004222:	2104      	movs	r1, #4
10004224:	4b01      	ldr	r3, [pc, #4]	@ (1000422c <__aeabi_mem_init+0xc>)
10004226:	4718      	bx	r3
10004228:	20000e70 	.word	0x20000e70
1000422c:	10003499 	.word	0x10003499

10004230 <__wrap_memset>:
10004230:	4b01      	ldr	r3, [pc, #4]	@ (10004238 <__wrap_memset+0x8>)
10004232:	681b      	ldr	r3, [r3, #0]
10004234:	4718      	bx	r3
10004236:	0000      	.short	0x0000
10004238:	20000e70 	.word	0x20000e70

1000423c <__wrap___aeabi_memcpy>:
1000423c:	4b01      	ldr	r3, [pc, #4]	@ (10004244 <__wrap___aeabi_memcpy+0x8>)
1000423e:	685b      	ldr	r3, [r3, #4]
10004240:	4718      	bx	r3
10004242:	0000      	.short	0x0000
10004244:	20000e70 	.word	0x20000e70

10004248 <stdio_out_chars_crlf>:
10004248:	b5f0      	push	{r4, r5, r6, r7, lr}
1000424a:	46c6      	mov	lr, r8
1000424c:	b500      	push	{lr}
1000424e:	7d43      	ldrb	r3, [r0, #21]
10004250:	0007      	movs	r7, r0
10004252:	000d      	movs	r5, r1
10004254:	0016      	movs	r6, r2
10004256:	2b00      	cmp	r3, #0
10004258:	d038      	beq.n	100042cc <stdio_out_chars_crlf+0x84>
1000425a:	2a00      	cmp	r2, #0
1000425c:	dd2e      	ble.n	100042bc <stdio_out_chars_crlf+0x74>
1000425e:	2100      	movs	r1, #0
10004260:	1e6a      	subs	r2, r5, #1
10004262:	4690      	mov	r8, r2
10004264:	5c6a      	ldrb	r2, [r5, r1]
10004266:	7d03      	ldrb	r3, [r0, #20]
10004268:	1c4c      	adds	r4, r1, #1
1000426a:	2000      	movs	r0, #0
1000426c:	2a0a      	cmp	r2, #10
1000426e:	d00c      	beq.n	1000428a <stdio_out_chars_crlf+0x42>
10004270:	42a6      	cmp	r6, r4
10004272:	d016      	beq.n	100042a2 <stdio_out_chars_crlf+0x5a>
10004274:	4643      	mov	r3, r8
10004276:	5d1b      	ldrb	r3, [r3, r4]
10004278:	0021      	movs	r1, r4
1000427a:	3b0d      	subs	r3, #13
1000427c:	425a      	negs	r2, r3
1000427e:	4153      	adcs	r3, r2
10004280:	5c6a      	ldrb	r2, [r5, r1]
10004282:	b2db      	uxtb	r3, r3
10004284:	1c4c      	adds	r4, r1, #1
10004286:	2a0a      	cmp	r2, #10
10004288:	d1f2      	bne.n	10004270 <stdio_out_chars_crlf+0x28>
1000428a:	2b00      	cmp	r3, #0
1000428c:	d1f0      	bne.n	10004270 <stdio_out_chars_crlf+0x28>
1000428e:	4288      	cmp	r0, r1
10004290:	db17      	blt.n	100042c2 <stdio_out_chars_crlf+0x7a>
10004292:	2102      	movs	r1, #2
10004294:	4810      	ldr	r0, [pc, #64]	@ (100042d8 <stdio_out_chars_crlf+0x90>)
10004296:	683b      	ldr	r3, [r7, #0]
10004298:	4798      	blx	r3
1000429a:	42a6      	cmp	r6, r4
1000429c:	d007      	beq.n	100042ae <stdio_out_chars_crlf+0x66>
1000429e:	0020      	movs	r0, r4
100042a0:	e7e8      	b.n	10004274 <stdio_out_chars_crlf+0x2c>
100042a2:	4286      	cmp	r6, r0
100042a4:	dd03      	ble.n	100042ae <stdio_out_chars_crlf+0x66>
100042a6:	1a31      	subs	r1, r6, r0
100042a8:	683b      	ldr	r3, [r7, #0]
100042aa:	1828      	adds	r0, r5, r0
100042ac:	4798      	blx	r3
100042ae:	19ad      	adds	r5, r5, r6
100042b0:	3d01      	subs	r5, #1
100042b2:	782b      	ldrb	r3, [r5, #0]
100042b4:	3b0d      	subs	r3, #13
100042b6:	425a      	negs	r2, r3
100042b8:	4153      	adcs	r3, r2
100042ba:	753b      	strb	r3, [r7, #20]
100042bc:	bc80      	pop	{r7}
100042be:	46b8      	mov	r8, r7
100042c0:	bdf0      	pop	{r4, r5, r6, r7, pc}
100042c2:	1a09      	subs	r1, r1, r0
100042c4:	683b      	ldr	r3, [r7, #0]
100042c6:	1828      	adds	r0, r5, r0
100042c8:	4798      	blx	r3
100042ca:	e7e2      	b.n	10004292 <stdio_out_chars_crlf+0x4a>
100042cc:	6803      	ldr	r3, [r0, #0]
100042ce:	0011      	movs	r1, r2
100042d0:	0028      	movs	r0, r5
100042d2:	4798      	blx	r3
100042d4:	e7f2      	b.n	100042bc <stdio_out_chars_crlf+0x74>
100042d6:	46c0      	nop			@ (mov r8, r8)
100042d8:	10006d44 	.word	0x10006d44

100042dc <stdio_buffered_printer>:
100042dc:	b5f0      	push	{r4, r5, r6, r7, lr}
100042de:	46c6      	mov	lr, r8
100042e0:	680b      	ldr	r3, [r1, #0]
100042e2:	0006      	movs	r6, r0
100042e4:	000c      	movs	r4, r1
100042e6:	b500      	push	{lr}
100042e8:	2b80      	cmp	r3, #128	@ 0x80
100042ea:	d006      	beq.n	100042fa <stdio_buffered_printer+0x1e>
100042ec:	1c5a      	adds	r2, r3, #1
100042ee:	6022      	str	r2, [r4, #0]
100042f0:	18e4      	adds	r4, r4, r3
100042f2:	7126      	strb	r6, [r4, #4]
100042f4:	bc80      	pop	{r7}
100042f6:	46b8      	mov	r8, r7
100042f8:	bdf0      	pop	{r4, r5, r6, r7, pc}
100042fa:	4b0f      	ldr	r3, [pc, #60]	@ (10004338 <stdio_buffered_printer+0x5c>)
100042fc:	681d      	ldr	r5, [r3, #0]
100042fe:	2d00      	cmp	r5, #0
10004300:	d016      	beq.n	10004330 <stdio_buffered_printer+0x54>
10004302:	1d0b      	adds	r3, r1, #4
10004304:	4698      	mov	r8, r3
10004306:	4f0d      	ldr	r7, [pc, #52]	@ (1000433c <stdio_buffered_printer+0x60>)
10004308:	e002      	b.n	10004310 <stdio_buffered_printer+0x34>
1000430a:	692d      	ldr	r5, [r5, #16]
1000430c:	2d00      	cmp	r5, #0
1000430e:	d00f      	beq.n	10004330 <stdio_buffered_printer+0x54>
10004310:	682b      	ldr	r3, [r5, #0]
10004312:	2b00      	cmp	r3, #0
10004314:	d0f9      	beq.n	1000430a <stdio_buffered_printer+0x2e>
10004316:	683b      	ldr	r3, [r7, #0]
10004318:	2b00      	cmp	r3, #0
1000431a:	d001      	beq.n	10004320 <stdio_buffered_printer+0x44>
1000431c:	42ab      	cmp	r3, r5
1000431e:	d1f4      	bne.n	1000430a <stdio_buffered_printer+0x2e>
10004320:	0028      	movs	r0, r5
10004322:	4641      	mov	r1, r8
10004324:	6822      	ldr	r2, [r4, #0]
10004326:	f7ff ff8f 	bl	10004248 <stdio_out_chars_crlf>
1000432a:	692d      	ldr	r5, [r5, #16]
1000432c:	2d00      	cmp	r5, #0
1000432e:	d1ef      	bne.n	10004310 <stdio_buffered_printer+0x34>
10004330:	2201      	movs	r2, #1
10004332:	2300      	movs	r3, #0
10004334:	e7db      	b.n	100042ee <stdio_buffered_printer+0x12>
10004336:	46c0      	nop			@ (mov r8, r8)
10004338:	200017d8 	.word	0x200017d8
1000433c:	200017e0 	.word	0x200017e0

10004340 <__wrap_putchar>:
10004340:	b5f0      	push	{r4, r5, r6, r7, lr}
10004342:	46ce      	mov	lr, r9
10004344:	4647      	mov	r7, r8
10004346:	b580      	push	{r7, lr}
10004348:	b083      	sub	sp, #12
1000434a:	466b      	mov	r3, sp
1000434c:	0006      	movs	r6, r0
1000434e:	1ddd      	adds	r5, r3, #7
10004350:	7028      	strb	r0, [r5, #0]
10004352:	f7fc ff6b 	bl	1000122c <time_us_64>
10004356:	2300      	movs	r3, #0
10004358:	4a1a      	ldr	r2, [pc, #104]	@ (100043c4 <__wrap_putchar+0x84>)
1000435a:	1812      	adds	r2, r2, r0
1000435c:	414b      	adcs	r3, r1
1000435e:	2180      	movs	r1, #128	@ 0x80
10004360:	0609      	lsls	r1, r1, #24
10004362:	428b      	cmp	r3, r1
10004364:	d302      	bcc.n	1000436c <__wrap_putchar+0x2c>
10004366:	2201      	movs	r2, #1
10004368:	4b17      	ldr	r3, [pc, #92]	@ (100043c8 <__wrap_putchar+0x88>)
1000436a:	4252      	negs	r2, r2
1000436c:	4917      	ldr	r1, [pc, #92]	@ (100043cc <__wrap_putchar+0x8c>)
1000436e:	0008      	movs	r0, r1
10004370:	4688      	mov	r8, r1
10004372:	f002 faf5 	bl	10006960 <__mutex_try_enter_block_until_veneer>
10004376:	4b16      	ldr	r3, [pc, #88]	@ (100043d0 <__wrap_putchar+0x90>)
10004378:	4681      	mov	r9, r0
1000437a:	681c      	ldr	r4, [r3, #0]
1000437c:	2c00      	cmp	r4, #0
1000437e:	d014      	beq.n	100043aa <__wrap_putchar+0x6a>
10004380:	4f14      	ldr	r7, [pc, #80]	@ (100043d4 <__wrap_putchar+0x94>)
10004382:	e002      	b.n	1000438a <__wrap_putchar+0x4a>
10004384:	6924      	ldr	r4, [r4, #16]
10004386:	2c00      	cmp	r4, #0
10004388:	d00f      	beq.n	100043aa <__wrap_putchar+0x6a>
1000438a:	6823      	ldr	r3, [r4, #0]
1000438c:	2b00      	cmp	r3, #0
1000438e:	d0f9      	beq.n	10004384 <__wrap_putchar+0x44>
10004390:	683b      	ldr	r3, [r7, #0]
10004392:	2b00      	cmp	r3, #0
10004394:	d001      	beq.n	1000439a <__wrap_putchar+0x5a>
10004396:	42a3      	cmp	r3, r4
10004398:	d1f4      	bne.n	10004384 <__wrap_putchar+0x44>
1000439a:	0020      	movs	r0, r4
1000439c:	2201      	movs	r2, #1
1000439e:	0029      	movs	r1, r5
100043a0:	f7ff ff52 	bl	10004248 <stdio_out_chars_crlf>
100043a4:	6924      	ldr	r4, [r4, #16]
100043a6:	2c00      	cmp	r4, #0
100043a8:	d1ef      	bne.n	1000438a <__wrap_putchar+0x4a>
100043aa:	464b      	mov	r3, r9
100043ac:	2b00      	cmp	r3, #0
100043ae:	d105      	bne.n	100043bc <__wrap_putchar+0x7c>
100043b0:	0030      	movs	r0, r6
100043b2:	b003      	add	sp, #12
100043b4:	bcc0      	pop	{r6, r7}
100043b6:	46b9      	mov	r9, r7
100043b8:	46b0      	mov	r8, r6
100043ba:	bdf0      	pop	{r4, r5, r6, r7, pc}
100043bc:	4640      	mov	r0, r8
100043be:	f002 fa9f 	bl	10006900 <__mutex_exit_veneer>
100043c2:	e7f5      	b.n	100043b0 <__wrap_putchar+0x70>
100043c4:	000f4240 	.word	0x000f4240
100043c8:	7fffffff 	.word	0x7fffffff
100043cc:	20000ec0 	.word	0x20000ec0
100043d0:	200017d8 	.word	0x200017d8
100043d4:	200017e0 	.word	0x200017e0

100043d8 <__wrap_puts>:
100043d8:	b5f0      	push	{r4, r5, r6, r7, lr}
100043da:	46de      	mov	lr, fp
100043dc:	4657      	mov	r7, sl
100043de:	464e      	mov	r6, r9
100043e0:	4645      	mov	r5, r8
100043e2:	b5e0      	push	{r5, r6, r7, lr}
100043e4:	b085      	sub	sp, #20
100043e6:	0007      	movs	r7, r0
100043e8:	f002 fa4a 	bl	10006880 <strlen>
100043ec:	0006      	movs	r6, r0
100043ee:	f7fc ff1d 	bl	1000122c <time_us_64>
100043f2:	2300      	movs	r3, #0
100043f4:	4a2b      	ldr	r2, [pc, #172]	@ (100044a4 <__wrap_puts+0xcc>)
100043f6:	1812      	adds	r2, r2, r0
100043f8:	414b      	adcs	r3, r1
100043fa:	2180      	movs	r1, #128	@ 0x80
100043fc:	0609      	lsls	r1, r1, #24
100043fe:	428b      	cmp	r3, r1
10004400:	d302      	bcc.n	10004408 <__wrap_puts+0x30>
10004402:	2201      	movs	r2, #1
10004404:	4b28      	ldr	r3, [pc, #160]	@ (100044a8 <__wrap_puts+0xd0>)
10004406:	4252      	negs	r2, r2
10004408:	4928      	ldr	r1, [pc, #160]	@ (100044ac <__wrap_puts+0xd4>)
1000440a:	0008      	movs	r0, r1
1000440c:	468b      	mov	fp, r1
1000440e:	f002 faa7 	bl	10006960 <__mutex_try_enter_block_until_veneer>
10004412:	4b27      	ldr	r3, [pc, #156]	@ (100044b0 <__wrap_puts+0xd8>)
10004414:	9001      	str	r0, [sp, #4]
10004416:	681c      	ldr	r4, [r3, #0]
10004418:	469a      	mov	sl, r3
1000441a:	2c00      	cmp	r4, #0
1000441c:	d03b      	beq.n	10004496 <__wrap_puts+0xbe>
1000441e:	4b25      	ldr	r3, [pc, #148]	@ (100044b4 <__wrap_puts+0xdc>)
10004420:	4698      	mov	r8, r3
10004422:	ab02      	add	r3, sp, #8
10004424:	1ddd      	adds	r5, r3, #7
10004426:	230a      	movs	r3, #10
10004428:	4699      	mov	r9, r3
1000442a:	e002      	b.n	10004432 <__wrap_puts+0x5a>
1000442c:	6924      	ldr	r4, [r4, #16]
1000442e:	2c00      	cmp	r4, #0
10004430:	d017      	beq.n	10004462 <__wrap_puts+0x8a>
10004432:	6823      	ldr	r3, [r4, #0]
10004434:	2b00      	cmp	r3, #0
10004436:	d0f9      	beq.n	1000442c <__wrap_puts+0x54>
10004438:	4643      	mov	r3, r8
1000443a:	681b      	ldr	r3, [r3, #0]
1000443c:	2b00      	cmp	r3, #0
1000443e:	d001      	beq.n	10004444 <__wrap_puts+0x6c>
10004440:	429c      	cmp	r4, r3
10004442:	d1f3      	bne.n	1000442c <__wrap_puts+0x54>
10004444:	0020      	movs	r0, r4
10004446:	0032      	movs	r2, r6
10004448:	0039      	movs	r1, r7
1000444a:	f7ff fefd 	bl	10004248 <stdio_out_chars_crlf>
1000444e:	464b      	mov	r3, r9
10004450:	0020      	movs	r0, r4
10004452:	2201      	movs	r2, #1
10004454:	0029      	movs	r1, r5
10004456:	702b      	strb	r3, [r5, #0]
10004458:	f7ff fef6 	bl	10004248 <stdio_out_chars_crlf>
1000445c:	6924      	ldr	r4, [r4, #16]
1000445e:	2c00      	cmp	r4, #0
10004460:	d1e7      	bne.n	10004432 <__wrap_puts+0x5a>
10004462:	9b01      	ldr	r3, [sp, #4]
10004464:	2b00      	cmp	r3, #0
10004466:	d118      	bne.n	1000449a <__wrap_puts+0xc2>
10004468:	4653      	mov	r3, sl
1000446a:	681c      	ldr	r4, [r3, #0]
1000446c:	2c00      	cmp	r4, #0
1000446e:	d006      	beq.n	1000447e <__wrap_puts+0xa6>
10004470:	6863      	ldr	r3, [r4, #4]
10004472:	2b00      	cmp	r3, #0
10004474:	d00b      	beq.n	1000448e <__wrap_puts+0xb6>
10004476:	4798      	blx	r3
10004478:	6924      	ldr	r4, [r4, #16]
1000447a:	2c00      	cmp	r4, #0
1000447c:	d1f8      	bne.n	10004470 <__wrap_puts+0x98>
1000447e:	0030      	movs	r0, r6
10004480:	b005      	add	sp, #20
10004482:	bcf0      	pop	{r4, r5, r6, r7}
10004484:	46bb      	mov	fp, r7
10004486:	46b2      	mov	sl, r6
10004488:	46a9      	mov	r9, r5
1000448a:	46a0      	mov	r8, r4
1000448c:	bdf0      	pop	{r4, r5, r6, r7, pc}
1000448e:	6924      	ldr	r4, [r4, #16]
10004490:	2c00      	cmp	r4, #0
10004492:	d1ed      	bne.n	10004470 <__wrap_puts+0x98>
10004494:	e7f3      	b.n	1000447e <__wrap_puts+0xa6>
10004496:	2800      	cmp	r0, #0
10004498:	d0f1      	beq.n	1000447e <__wrap_puts+0xa6>
1000449a:	4658      	mov	r0, fp
1000449c:	f002 fa30 	bl	10006900 <__mutex_exit_veneer>
100044a0:	e7e2      	b.n	10004468 <__wrap_puts+0x90>
100044a2:	46c0      	nop			@ (mov r8, r8)
100044a4:	000f4240 	.word	0x000f4240
100044a8:	7fffffff 	.word	0x7fffffff
100044ac:	20000ec0 	.word	0x20000ec0
100044b0:	200017d8 	.word	0x200017d8
100044b4:	200017e0 	.word	0x200017e0

100044b8 <stdio_set_driver_enabled>:
100044b8:	4a0a      	ldr	r2, [pc, #40]	@ (100044e4 <stdio_set_driver_enabled+0x2c>)
100044ba:	6813      	ldr	r3, [r2, #0]
100044bc:	2b00      	cmp	r3, #0
100044be:	d105      	bne.n	100044cc <stdio_set_driver_enabled+0x14>
100044c0:	e00c      	b.n	100044dc <stdio_set_driver_enabled+0x24>
100044c2:	001a      	movs	r2, r3
100044c4:	691b      	ldr	r3, [r3, #16]
100044c6:	3210      	adds	r2, #16
100044c8:	2b00      	cmp	r3, #0
100044ca:	d007      	beq.n	100044dc <stdio_set_driver_enabled+0x24>
100044cc:	4298      	cmp	r0, r3
100044ce:	d1f8      	bne.n	100044c2 <stdio_set_driver_enabled+0xa>
100044d0:	2900      	cmp	r1, #0
100044d2:	d102      	bne.n	100044da <stdio_set_driver_enabled+0x22>
100044d4:	6903      	ldr	r3, [r0, #16]
100044d6:	6013      	str	r3, [r2, #0]
100044d8:	6101      	str	r1, [r0, #16]
100044da:	4770      	bx	lr
100044dc:	2900      	cmp	r1, #0
100044de:	d0fc      	beq.n	100044da <stdio_set_driver_enabled+0x22>
100044e0:	6010      	str	r0, [r2, #0]
100044e2:	e7fa      	b.n	100044da <stdio_set_driver_enabled+0x22>
100044e4:	200017d8 	.word	0x200017d8

100044e8 <__wrap_vprintf>:
100044e8:	b5f0      	push	{r4, r5, r6, r7, lr}
100044ea:	46ce      	mov	lr, r9
100044ec:	4647      	mov	r7, r8
100044ee:	b580      	push	{r7, lr}
100044f0:	b0a3      	sub	sp, #140	@ 0x8c
100044f2:	0004      	movs	r4, r0
100044f4:	000d      	movs	r5, r1
100044f6:	f7fc fe99 	bl	1000122c <time_us_64>
100044fa:	2300      	movs	r3, #0
100044fc:	4a29      	ldr	r2, [pc, #164]	@ (100045a4 <__wrap_vprintf+0xbc>)
100044fe:	1812      	adds	r2, r2, r0
10004500:	414b      	adcs	r3, r1
10004502:	2180      	movs	r1, #128	@ 0x80
10004504:	0609      	lsls	r1, r1, #24
10004506:	428b      	cmp	r3, r1
10004508:	d302      	bcc.n	10004510 <__wrap_vprintf+0x28>
1000450a:	2201      	movs	r2, #1
1000450c:	4b26      	ldr	r3, [pc, #152]	@ (100045a8 <__wrap_vprintf+0xc0>)
1000450e:	4252      	negs	r2, r2
10004510:	4f26      	ldr	r7, [pc, #152]	@ (100045ac <__wrap_vprintf+0xc4>)
10004512:	0038      	movs	r0, r7
10004514:	f002 fa24 	bl	10006960 <__mutex_try_enter_block_until_veneer>
10004518:	2300      	movs	r3, #0
1000451a:	0006      	movs	r6, r0
1000451c:	9301      	str	r3, [sp, #4]
1000451e:	0022      	movs	r2, r4
10004520:	002b      	movs	r3, r5
10004522:	4823      	ldr	r0, [pc, #140]	@ (100045b0 <__wrap_vprintf+0xc8>)
10004524:	a901      	add	r1, sp, #4
10004526:	f7fe ff77 	bl	10003418 <vfctprintf>
1000452a:	9b01      	ldr	r3, [sp, #4]
1000452c:	4680      	mov	r8, r0
1000452e:	2b00      	cmp	r3, #0
10004530:	d114      	bne.n	1000455c <__wrap_vprintf+0x74>
10004532:	4b20      	ldr	r3, [pc, #128]	@ (100045b4 <__wrap_vprintf+0xcc>)
10004534:	681c      	ldr	r4, [r3, #0]
10004536:	2c00      	cmp	r4, #0
10004538:	d006      	beq.n	10004548 <__wrap_vprintf+0x60>
1000453a:	6863      	ldr	r3, [r4, #4]
1000453c:	2b00      	cmp	r3, #0
1000453e:	d00b      	beq.n	10004558 <__wrap_vprintf+0x70>
10004540:	4798      	blx	r3
10004542:	6924      	ldr	r4, [r4, #16]
10004544:	2c00      	cmp	r4, #0
10004546:	d1f8      	bne.n	1000453a <__wrap_vprintf+0x52>
10004548:	2e00      	cmp	r6, #0
1000454a:	d125      	bne.n	10004598 <__wrap_vprintf+0xb0>
1000454c:	4640      	mov	r0, r8
1000454e:	b023      	add	sp, #140	@ 0x8c
10004550:	bcc0      	pop	{r6, r7}
10004552:	46b9      	mov	r9, r7
10004554:	46b0      	mov	r8, r6
10004556:	bdf0      	pop	{r4, r5, r6, r7, pc}
10004558:	6924      	ldr	r4, [r4, #16]
1000455a:	e7ec      	b.n	10004536 <__wrap_vprintf+0x4e>
1000455c:	4b15      	ldr	r3, [pc, #84]	@ (100045b4 <__wrap_vprintf+0xcc>)
1000455e:	681d      	ldr	r5, [r3, #0]
10004560:	4699      	mov	r9, r3
10004562:	2d00      	cmp	r5, #0
10004564:	d01c      	beq.n	100045a0 <__wrap_vprintf+0xb8>
10004566:	4c14      	ldr	r4, [pc, #80]	@ (100045b8 <__wrap_vprintf+0xd0>)
10004568:	e002      	b.n	10004570 <__wrap_vprintf+0x88>
1000456a:	692d      	ldr	r5, [r5, #16]
1000456c:	2d00      	cmp	r5, #0
1000456e:	d00f      	beq.n	10004590 <__wrap_vprintf+0xa8>
10004570:	682b      	ldr	r3, [r5, #0]
10004572:	2b00      	cmp	r3, #0
10004574:	d0f9      	beq.n	1000456a <__wrap_vprintf+0x82>
10004576:	6823      	ldr	r3, [r4, #0]
10004578:	2b00      	cmp	r3, #0
1000457a:	d001      	beq.n	10004580 <__wrap_vprintf+0x98>
1000457c:	42ab      	cmp	r3, r5
1000457e:	d1f4      	bne.n	1000456a <__wrap_vprintf+0x82>
10004580:	0028      	movs	r0, r5
10004582:	9a01      	ldr	r2, [sp, #4]
10004584:	a902      	add	r1, sp, #8
10004586:	f7ff fe5f 	bl	10004248 <stdio_out_chars_crlf>
1000458a:	692d      	ldr	r5, [r5, #16]
1000458c:	2d00      	cmp	r5, #0
1000458e:	d1ef      	bne.n	10004570 <__wrap_vprintf+0x88>
10004590:	464b      	mov	r3, r9
10004592:	9501      	str	r5, [sp, #4]
10004594:	681c      	ldr	r4, [r3, #0]
10004596:	e7ce      	b.n	10004536 <__wrap_vprintf+0x4e>
10004598:	0038      	movs	r0, r7
1000459a:	f002 f9b1 	bl	10006900 <__mutex_exit_veneer>
1000459e:	e7d5      	b.n	1000454c <__wrap_vprintf+0x64>
100045a0:	9501      	str	r5, [sp, #4]
100045a2:	e7d1      	b.n	10004548 <__wrap_vprintf+0x60>
100045a4:	000f4240 	.word	0x000f4240
100045a8:	7fffffff 	.word	0x7fffffff
100045ac:	20000ec0 	.word	0x20000ec0
100045b0:	100042dd 	.word	0x100042dd
100045b4:	200017d8 	.word	0x200017d8
100045b8:	200017e0 	.word	0x200017e0

100045bc <__wrap_printf>:
100045bc:	b40f      	push	{r0, r1, r2, r3}
100045be:	b500      	push	{lr}
100045c0:	b083      	sub	sp, #12
100045c2:	a904      	add	r1, sp, #16
100045c4:	c901      	ldmia	r1!, {r0}
100045c6:	9101      	str	r1, [sp, #4]
100045c8:	f7ff ff8e 	bl	100044e8 <__wrap_vprintf>
100045cc:	b003      	add	sp, #12
100045ce:	bc08      	pop	{r3}
100045d0:	b004      	add	sp, #16
100045d2:	4718      	bx	r3

100045d4 <stdio_init_all>:
100045d4:	b510      	push	{r4, lr}
100045d6:	f000 f9d9 	bl	1000498c <stdio_usb_init>
100045da:	bd10      	pop	{r4, pc}

100045dc <resetd_init>:
100045dc:	4770      	bx	lr
100045de:	46c0      	nop			@ (mov r8, r8)

100045e0 <resetd_reset>:
100045e0:	2200      	movs	r2, #0
100045e2:	4b01      	ldr	r3, [pc, #4]	@ (100045e8 <resetd_reset+0x8>)
100045e4:	701a      	strb	r2, [r3, #0]
100045e6:	4770      	bx	lr
100045e8:	20001c5e 	.word	0x20001c5e

100045ec <resetd_open>:
100045ec:	794b      	ldrb	r3, [r1, #5]
100045ee:	2000      	movs	r0, #0
100045f0:	2bff      	cmp	r3, #255	@ 0xff
100045f2:	d10b      	bne.n	1000460c <resetd_open+0x20>
100045f4:	798b      	ldrb	r3, [r1, #6]
100045f6:	2b00      	cmp	r3, #0
100045f8:	d108      	bne.n	1000460c <resetd_open+0x20>
100045fa:	79cb      	ldrb	r3, [r1, #7]
100045fc:	2b01      	cmp	r3, #1
100045fe:	d105      	bne.n	1000460c <resetd_open+0x20>
10004600:	2a08      	cmp	r2, #8
10004602:	d903      	bls.n	1000460c <resetd_open+0x20>
10004604:	4b02      	ldr	r3, [pc, #8]	@ (10004610 <resetd_open+0x24>)
10004606:	788a      	ldrb	r2, [r1, #2]
10004608:	3009      	adds	r0, #9
1000460a:	701a      	strb	r2, [r3, #0]
1000460c:	4770      	bx	lr
1000460e:	46c0      	nop			@ (mov r8, r8)
10004610:	20001c5e 	.word	0x20001c5e

10004614 <resetd_xfer_cb>:
10004614:	2001      	movs	r0, #1
10004616:	4770      	bx	lr

10004618 <resetd_control_xfer_cb>:
10004618:	b570      	push	{r4, r5, r6, lr}
1000461a:	2901      	cmp	r1, #1
1000461c:	d001      	beq.n	10004622 <resetd_control_xfer_cb+0xa>
1000461e:	2001      	movs	r0, #1
10004620:	bd70      	pop	{r4, r5, r6, pc}
10004622:	4913      	ldr	r1, [pc, #76]	@ (10004670 <resetd_control_xfer_cb+0x58>)
10004624:	7953      	ldrb	r3, [r2, #5]
10004626:	7910      	ldrb	r0, [r2, #4]
10004628:	7809      	ldrb	r1, [r1, #0]
1000462a:	021b      	lsls	r3, r3, #8
1000462c:	4303      	orrs	r3, r0
1000462e:	2000      	movs	r0, #0
10004630:	4299      	cmp	r1, r3
10004632:	d1f5      	bne.n	10004620 <resetd_control_xfer_cb+0x8>
10004634:	7853      	ldrb	r3, [r2, #1]
10004636:	2b01      	cmp	r3, #1
10004638:	d008      	beq.n	1000464c <resetd_control_xfer_cb+0x34>
1000463a:	2b02      	cmp	r3, #2
1000463c:	d1f0      	bne.n	10004620 <resetd_control_xfer_cb+0x8>
1000463e:	2000      	movs	r0, #0
10004640:	2264      	movs	r2, #100	@ 0x64
10004642:	2100      	movs	r1, #0
10004644:	f7fd fa64 	bl	10001b10 <watchdog_reboot>
10004648:	2001      	movs	r0, #1
1000464a:	e7e9      	b.n	10004620 <resetd_control_xfer_cb+0x8>
1000464c:	7894      	ldrb	r4, [r2, #2]
1000464e:	78d2      	ldrb	r2, [r2, #3]
10004650:	0005      	movs	r5, r0
10004652:	0212      	lsls	r2, r2, #8
10004654:	4314      	orrs	r4, r2
10004656:	05d2      	lsls	r2, r2, #23
10004658:	d502      	bpl.n	10004660 <resetd_control_xfer_cb+0x48>
1000465a:	0a62      	lsrs	r2, r4, #9
1000465c:	4093      	lsls	r3, r2
1000465e:	001d      	movs	r5, r3
10004660:	4804      	ldr	r0, [pc, #16]	@ (10004674 <resetd_control_xfer_cb+0x5c>)
10004662:	f7fe ff09 	bl	10003478 <rom_func_lookup>
10004666:	217f      	movs	r1, #127	@ 0x7f
10004668:	0003      	movs	r3, r0
1000466a:	4021      	ands	r1, r4
1000466c:	0028      	movs	r0, r5
1000466e:	4798      	blx	r3
10004670:	20001c5e 	.word	0x20001c5e
10004674:	00004255 	.word	0x00004255

10004678 <usbd_app_driver_get_cb>:
10004678:	2301      	movs	r3, #1
1000467a:	7003      	strb	r3, [r0, #0]
1000467c:	4800      	ldr	r0, [pc, #0]	@ (10004680 <usbd_app_driver_get_cb+0x8>)
1000467e:	4770      	bx	lr
10004680:	10006d48 	.word	0x10006d48

10004684 <tud_cdc_line_coding_cb>:
10004684:	784b      	ldrb	r3, [r1, #1]
10004686:	780a      	ldrb	r2, [r1, #0]
10004688:	021b      	lsls	r3, r3, #8
1000468a:	4313      	orrs	r3, r2
1000468c:	788a      	ldrb	r2, [r1, #2]
1000468e:	b510      	push	{r4, lr}
10004690:	0412      	lsls	r2, r2, #16
10004692:	431a      	orrs	r2, r3
10004694:	78cb      	ldrb	r3, [r1, #3]
10004696:	061b      	lsls	r3, r3, #24
10004698:	4313      	orrs	r3, r2
1000469a:	2296      	movs	r2, #150	@ 0x96
1000469c:	00d2      	lsls	r2, r2, #3
1000469e:	4293      	cmp	r3, r2
100046a0:	d000      	beq.n	100046a4 <tud_cdc_line_coding_cb+0x20>
100046a2:	bd10      	pop	{r4, pc}
100046a4:	4803      	ldr	r0, [pc, #12]	@ (100046b4 <tud_cdc_line_coding_cb+0x30>)
100046a6:	f7fe fee7 	bl	10003478 <rom_func_lookup>
100046aa:	2100      	movs	r1, #0
100046ac:	0003      	movs	r3, r0
100046ae:	0008      	movs	r0, r1
100046b0:	4798      	blx	r3
100046b2:	46c0      	nop			@ (mov r8, r8)
100046b4:	00004255 	.word	0x00004255

100046b8 <stdio_usb_set_chars_available_callback>:
100046b8:	4b02      	ldr	r3, [pc, #8]	@ (100046c4 <stdio_usb_set_chars_available_callback+0xc>)
100046ba:	6018      	str	r0, [r3, #0]
100046bc:	4b02      	ldr	r3, [pc, #8]	@ (100046c8 <stdio_usb_set_chars_available_callback+0x10>)
100046be:	6019      	str	r1, [r3, #0]
100046c0:	4770      	bx	lr
100046c2:	46c0      	nop			@ (mov r8, r8)
100046c4:	20001764 	.word	0x20001764
100046c8:	20001768 	.word	0x20001768

100046cc <usb_irq>:
100046cc:	b510      	push	{r4, lr}
100046ce:	4b02      	ldr	r3, [pc, #8]	@ (100046d8 <usb_irq+0xc>)
100046d0:	7818      	ldrb	r0, [r3, #0]
100046d2:	f7fb fee7 	bl	100004a4 <irq_set_pending>
100046d6:	bd10      	pop	{r4, pc}
100046d8:	20001c5f 	.word	0x20001c5f

100046dc <timer_task>:
100046dc:	4b11      	ldr	r3, [pc, #68]	@ (10004724 <timer_task+0x48>)
100046de:	b570      	push	{r4, r5, r6, lr}
100046e0:	681a      	ldr	r2, [r3, #0]
100046e2:	2a00      	cmp	r2, #0
100046e4:	d01a      	beq.n	1000471c <timer_task+0x40>
100046e6:	f3ef 8110 	mrs	r1, PRIMASK
100046ea:	b672      	cpsid	i
100046ec:	6810      	ldr	r0, [r2, #0]
100046ee:	2800      	cmp	r0, #0
100046f0:	d0fc      	beq.n	100046ec <timer_task+0x10>
100046f2:	f3bf 8f5f 	dmb	sy
100046f6:	2000      	movs	r0, #0
100046f8:	4a0b      	ldr	r2, [pc, #44]	@ (10004728 <timer_task+0x4c>)
100046fa:	6059      	str	r1, [r3, #4]
100046fc:	7010      	strb	r0, [r2, #0]
100046fe:	681b      	ldr	r3, [r3, #0]
10004700:	f3bf 8f5f 	dmb	sy
10004704:	6018      	str	r0, [r3, #0]
10004706:	f381 8810 	msr	PRIMASK, r1
1000470a:	2400      	movs	r4, #0
1000470c:	2500      	movs	r5, #0
1000470e:	4b07      	ldr	r3, [pc, #28]	@ (1000472c <timer_task+0x50>)
10004710:	7818      	ldrb	r0, [r3, #0]
10004712:	f7fb fec7 	bl	100004a4 <irq_set_pending>
10004716:	0029      	movs	r1, r5
10004718:	0020      	movs	r0, r4
1000471a:	bd70      	pop	{r4, r5, r6, pc}
1000471c:	24fa      	movs	r4, #250	@ 0xfa
1000471e:	2500      	movs	r5, #0
10004720:	00a4      	lsls	r4, r4, #2
10004722:	e7f4      	b.n	1000470e <timer_task+0x32>
10004724:	20001c08 	.word	0x20001c08
10004728:	20001c60 	.word	0x20001c60
1000472c:	20001c5f 	.word	0x20001c5f

10004730 <stdio_usb_in_chars>:
10004730:	b570      	push	{r4, r5, r6, lr}
10004732:	0004      	movs	r4, r0
10004734:	2000      	movs	r0, #0
10004736:	000e      	movs	r6, r1
10004738:	f001 fae8 	bl	10005d0c <tud_cdc_n_connected>
1000473c:	2800      	cmp	r0, #0
1000473e:	d036      	beq.n	100047ae <stdio_usb_in_chars+0x7e>
10004740:	2000      	movs	r0, #0
10004742:	f001 fafb 	bl	10005d3c <tud_cdc_n_available>
10004746:	2800      	cmp	r0, #0
10004748:	d031      	beq.n	100047ae <stdio_usb_in_chars+0x7e>
1000474a:	f7fc fd6f 	bl	1000122c <time_us_64>
1000474e:	2300      	movs	r3, #0
10004750:	4a18      	ldr	r2, [pc, #96]	@ (100047b4 <stdio_usb_in_chars+0x84>)
10004752:	1812      	adds	r2, r2, r0
10004754:	414b      	adcs	r3, r1
10004756:	2180      	movs	r1, #128	@ 0x80
10004758:	0609      	lsls	r1, r1, #24
1000475a:	428b      	cmp	r3, r1
1000475c:	d216      	bcs.n	1000478c <stdio_usb_in_chars+0x5c>
1000475e:	4d16      	ldr	r5, [pc, #88]	@ (100047b8 <stdio_usb_in_chars+0x88>)
10004760:	0028      	movs	r0, r5
10004762:	f002 f8fd 	bl	10006960 <__mutex_try_enter_block_until_veneer>
10004766:	2800      	cmp	r0, #0
10004768:	d021      	beq.n	100047ae <stdio_usb_in_chars+0x7e>
1000476a:	2000      	movs	r0, #0
1000476c:	f001 face 	bl	10005d0c <tud_cdc_n_connected>
10004770:	2800      	cmp	r0, #0
10004772:	d10f      	bne.n	10004794 <stdio_usb_in_chars+0x64>
10004774:	2001      	movs	r0, #1
10004776:	2100      	movs	r1, #0
10004778:	4240      	negs	r0, r0
1000477a:	f000 fcc1 	bl	10005100 <tud_task_ext>
1000477e:	2403      	movs	r4, #3
10004780:	4264      	negs	r4, r4
10004782:	0028      	movs	r0, r5
10004784:	f002 f8bc 	bl	10006900 <__mutex_exit_veneer>
10004788:	0020      	movs	r0, r4
1000478a:	bd70      	pop	{r4, r5, r6, pc}
1000478c:	2201      	movs	r2, #1
1000478e:	4b0b      	ldr	r3, [pc, #44]	@ (100047bc <stdio_usb_in_chars+0x8c>)
10004790:	4252      	negs	r2, r2
10004792:	e7e4      	b.n	1000475e <stdio_usb_in_chars+0x2e>
10004794:	2000      	movs	r0, #0
10004796:	f001 fad1 	bl	10005d3c <tud_cdc_n_available>
1000479a:	2800      	cmp	r0, #0
1000479c:	d0ea      	beq.n	10004774 <stdio_usb_in_chars+0x44>
1000479e:	0021      	movs	r1, r4
100047a0:	0032      	movs	r2, r6
100047a2:	2000      	movs	r0, #0
100047a4:	f001 fad6 	bl	10005d54 <tud_cdc_n_read>
100047a8:	1e04      	subs	r4, r0, #0
100047aa:	d1ea      	bne.n	10004782 <stdio_usb_in_chars+0x52>
100047ac:	e7e7      	b.n	1000477e <stdio_usb_in_chars+0x4e>
100047ae:	2403      	movs	r4, #3
100047b0:	4264      	negs	r4, r4
100047b2:	e7e9      	b.n	10004788 <stdio_usb_in_chars+0x58>
100047b4:	000f4240 	.word	0x000f4240
100047b8:	20001c30 	.word	0x20001c30
100047bc:	7fffffff 	.word	0x7fffffff

100047c0 <stdio_usb_out_chars>:
100047c0:	b5f8      	push	{r3, r4, r5, r6, r7, lr}
100047c2:	46de      	mov	lr, fp
100047c4:	4657      	mov	r7, sl
100047c6:	b580      	push	{r7, lr}
100047c8:	0005      	movs	r5, r0
100047ca:	000c      	movs	r4, r1
100047cc:	f7fc fd2e 	bl	1000122c <time_us_64>
100047d0:	2300      	movs	r3, #0
100047d2:	4a37      	ldr	r2, [pc, #220]	@ (100048b0 <stdio_usb_out_chars+0xf0>)
100047d4:	1812      	adds	r2, r2, r0
100047d6:	414b      	adcs	r3, r1
100047d8:	2180      	movs	r1, #128	@ 0x80
100047da:	0609      	lsls	r1, r1, #24
100047dc:	428b      	cmp	r3, r1
100047de:	d302      	bcc.n	100047e6 <stdio_usb_out_chars+0x26>
100047e0:	2201      	movs	r2, #1
100047e2:	4b34      	ldr	r3, [pc, #208]	@ (100048b4 <stdio_usb_out_chars+0xf4>)
100047e4:	4252      	negs	r2, r2
100047e6:	4934      	ldr	r1, [pc, #208]	@ (100048b8 <stdio_usb_out_chars+0xf8>)
100047e8:	0008      	movs	r0, r1
100047ea:	468a      	mov	sl, r1
100047ec:	f002 f8b8 	bl	10006960 <__mutex_try_enter_block_until_veneer>
100047f0:	2800      	cmp	r0, #0
100047f2:	d103      	bne.n	100047fc <stdio_usb_out_chars+0x3c>
100047f4:	bcc0      	pop	{r6, r7}
100047f6:	46bb      	mov	fp, r7
100047f8:	46b2      	mov	sl, r6
100047fa:	bdf8      	pop	{r3, r4, r5, r6, r7, pc}
100047fc:	2000      	movs	r0, #0
100047fe:	f001 fa85 	bl	10005d0c <tud_cdc_n_connected>
10004802:	2800      	cmp	r0, #0
10004804:	d04a      	beq.n	1000489c <stdio_usb_out_chars+0xdc>
10004806:	2600      	movs	r6, #0
10004808:	2c00      	cmp	r4, #0
1000480a:	dd43      	ble.n	10004894 <stdio_usb_out_chars+0xd4>
1000480c:	4b2b      	ldr	r3, [pc, #172]	@ (100048bc <stdio_usb_out_chars+0xfc>)
1000480e:	469b      	mov	fp, r3
10004810:	e014      	b.n	1000483c <stdio_usb_out_chars+0x7c>
10004812:	19a9      	adds	r1, r5, r6
10004814:	2000      	movs	r0, #0
10004816:	f001 fb11 	bl	10005e3c <tud_cdc_n_write>
1000481a:	0007      	movs	r7, r0
1000481c:	2001      	movs	r0, #1
1000481e:	2100      	movs	r1, #0
10004820:	4240      	negs	r0, r0
10004822:	f000 fc6d 	bl	10005100 <tud_task_ext>
10004826:	2000      	movs	r0, #0
10004828:	f001 facc 	bl	10005dc4 <tud_cdc_n_write_flush>
1000482c:	f7fc fcfe 	bl	1000122c <time_us_64>
10004830:	4b22      	ldr	r3, [pc, #136]	@ (100048bc <stdio_usb_out_chars+0xfc>)
10004832:	19f6      	adds	r6, r6, r7
10004834:	6018      	str	r0, [r3, #0]
10004836:	6059      	str	r1, [r3, #4]
10004838:	42b4      	cmp	r4, r6
1000483a:	dd2b      	ble.n	10004894 <stdio_usb_out_chars+0xd4>
1000483c:	2000      	movs	r0, #0
1000483e:	f001 fb17 	bl	10005e70 <tud_cdc_n_write_available>
10004842:	1ba7      	subs	r7, r4, r6
10004844:	0002      	movs	r2, r0
10004846:	42b8      	cmp	r0, r7
10004848:	dd00      	ble.n	1000484c <stdio_usb_out_chars+0x8c>
1000484a:	003a      	movs	r2, r7
1000484c:	2a00      	cmp	r2, #0
1000484e:	d1e0      	bne.n	10004812 <stdio_usb_out_chars+0x52>
10004850:	2001      	movs	r0, #1
10004852:	2100      	movs	r1, #0
10004854:	4240      	negs	r0, r0
10004856:	f000 fc53 	bl	10005100 <tud_task_ext>
1000485a:	2000      	movs	r0, #0
1000485c:	f001 fab2 	bl	10005dc4 <tud_cdc_n_write_flush>
10004860:	2000      	movs	r0, #0
10004862:	f001 fa53 	bl	10005d0c <tud_cdc_n_connected>
10004866:	2800      	cmp	r0, #0
10004868:	d014      	beq.n	10004894 <stdio_usb_out_chars+0xd4>
1000486a:	2000      	movs	r0, #0
1000486c:	f001 fb00 	bl	10005e70 <tud_cdc_n_write_available>
10004870:	2800      	cmp	r0, #0
10004872:	d1e1      	bne.n	10004838 <stdio_usb_out_chars+0x78>
10004874:	f7fc fcda 	bl	1000122c <time_us_64>
10004878:	465b      	mov	r3, fp
1000487a:	000f      	movs	r7, r1
1000487c:	681a      	ldr	r2, [r3, #0]
1000487e:	685b      	ldr	r3, [r3, #4]
10004880:	2100      	movs	r1, #0
10004882:	4684      	mov	ip, r0
10004884:	480e      	ldr	r0, [pc, #56]	@ (100048c0 <stdio_usb_out_chars+0x100>)
10004886:	1812      	adds	r2, r2, r0
10004888:	414b      	adcs	r3, r1
1000488a:	429f      	cmp	r7, r3
1000488c:	d802      	bhi.n	10004894 <stdio_usb_out_chars+0xd4>
1000488e:	d1d3      	bne.n	10004838 <stdio_usb_out_chars+0x78>
10004890:	4594      	cmp	ip, r2
10004892:	d9d1      	bls.n	10004838 <stdio_usb_out_chars+0x78>
10004894:	4650      	mov	r0, sl
10004896:	f002 f833 	bl	10006900 <__mutex_exit_veneer>
1000489a:	e7ab      	b.n	100047f4 <stdio_usb_out_chars+0x34>
1000489c:	2000      	movs	r0, #0
1000489e:	2100      	movs	r1, #0
100048a0:	4b06      	ldr	r3, [pc, #24]	@ (100048bc <stdio_usb_out_chars+0xfc>)
100048a2:	6018      	str	r0, [r3, #0]
100048a4:	6059      	str	r1, [r3, #4]
100048a6:	4650      	mov	r0, sl
100048a8:	f002 f82a 	bl	10006900 <__mutex_exit_veneer>
100048ac:	e7a2      	b.n	100047f4 <stdio_usb_out_chars+0x34>
100048ae:	46c0      	nop			@ (mov r8, r8)
100048b0:	000f4240 	.word	0x000f4240
100048b4:	7fffffff 	.word	0x7fffffff
100048b8:	20001c30 	.word	0x20001c30
100048bc:	20001008 	.word	0x20001008
100048c0:	0007a120 	.word	0x0007a120

100048c4 <low_priority_worker_irq>:
100048c4:	b510      	push	{r4, lr}
100048c6:	4c24      	ldr	r4, [pc, #144]	@ (10004958 <low_priority_worker_irq+0x94>)
100048c8:	b084      	sub	sp, #16
100048ca:	2100      	movs	r1, #0
100048cc:	0020      	movs	r0, r4
100048ce:	f002 f837 	bl	10006940 <__mutex_try_enter_veneer>
100048d2:	2800      	cmp	r0, #0
100048d4:	d11c      	bne.n	10004910 <low_priority_worker_irq+0x4c>
100048d6:	4b21      	ldr	r3, [pc, #132]	@ (1000495c <low_priority_worker_irq+0x98>)
100048d8:	681a      	ldr	r2, [r3, #0]
100048da:	2a00      	cmp	r2, #0
100048dc:	d016      	beq.n	1000490c <low_priority_worker_irq+0x48>
100048de:	f3ef 8110 	mrs	r1, PRIMASK
100048e2:	b672      	cpsid	i
100048e4:	6810      	ldr	r0, [r2, #0]
100048e6:	2800      	cmp	r0, #0
100048e8:	d0fc      	beq.n	100048e4 <low_priority_worker_irq+0x20>
100048ea:	f3bf 8f5f 	dmb	sy
100048ee:	2401      	movs	r4, #1
100048f0:	481b      	ldr	r0, [pc, #108]	@ (10004960 <low_priority_worker_irq+0x9c>)
100048f2:	6059      	str	r1, [r3, #4]
100048f4:	7802      	ldrb	r2, [r0, #0]
100048f6:	681b      	ldr	r3, [r3, #0]
100048f8:	b2d2      	uxtb	r2, r2
100048fa:	7004      	strb	r4, [r0, #0]
100048fc:	f3bf 8f5f 	dmb	sy
10004900:	2000      	movs	r0, #0
10004902:	6018      	str	r0, [r3, #0]
10004904:	f381 8810 	msr	PRIMASK, r1
10004908:	2a00      	cmp	r2, #0
1000490a:	d00a      	beq.n	10004922 <low_priority_worker_irq+0x5e>
1000490c:	b004      	add	sp, #16
1000490e:	bd10      	pop	{r4, pc}
10004910:	2001      	movs	r0, #1
10004912:	2100      	movs	r1, #0
10004914:	4240      	negs	r0, r0
10004916:	f000 fbf3 	bl	10005100 <tud_task_ext>
1000491a:	0020      	movs	r0, r4
1000491c:	f001 fff0 	bl	10006900 <__mutex_exit_veneer>
10004920:	e7f4      	b.n	1000490c <low_priority_worker_irq+0x48>
10004922:	f7fc fa71 	bl	10000e08 <alarm_pool_get_default>
10004926:	0004      	movs	r4, r0
10004928:	f7fc fc80 	bl	1000122c <time_us_64>
1000492c:	22fa      	movs	r2, #250	@ 0xfa
1000492e:	2300      	movs	r3, #0
10004930:	0092      	lsls	r2, r2, #2
10004932:	1812      	adds	r2, r2, r0
10004934:	414b      	adcs	r3, r1
10004936:	2180      	movs	r1, #128	@ 0x80
10004938:	0609      	lsls	r1, r1, #24
1000493a:	428b      	cmp	r3, r1
1000493c:	d302      	bcc.n	10004944 <low_priority_worker_irq+0x80>
1000493e:	2201      	movs	r2, #1
10004940:	4b08      	ldr	r3, [pc, #32]	@ (10004964 <low_priority_worker_irq+0xa0>)
10004942:	4252      	negs	r2, r2
10004944:	2101      	movs	r1, #1
10004946:	9102      	str	r1, [sp, #8]
10004948:	2100      	movs	r1, #0
1000494a:	9101      	str	r1, [sp, #4]
1000494c:	4906      	ldr	r1, [pc, #24]	@ (10004968 <low_priority_worker_irq+0xa4>)
1000494e:	0020      	movs	r0, r4
10004950:	9100      	str	r1, [sp, #0]
10004952:	f7fc fa5d 	bl	10000e10 <alarm_pool_add_alarm_at>
10004956:	e7d9      	b.n	1000490c <low_priority_worker_irq+0x48>
10004958:	20001c30 	.word	0x20001c30
1000495c:	20001c08 	.word	0x20001c08
10004960:	20001c60 	.word	0x20001c60
10004964:	7fffffff 	.word	0x7fffffff
10004968:	100046dd 	.word	0x100046dd

1000496c <tud_cdc_rx_cb>:
1000496c:	4b05      	ldr	r3, [pc, #20]	@ (10004984 <tud_cdc_rx_cb+0x18>)
1000496e:	b510      	push	{r4, lr}
10004970:	6818      	ldr	r0, [r3, #0]
10004972:	2800      	cmp	r0, #0
10004974:	d004      	beq.n	10004980 <tud_cdc_rx_cb+0x14>
10004976:	4b04      	ldr	r3, [pc, #16]	@ (10004988 <tud_cdc_rx_cb+0x1c>)
10004978:	2200      	movs	r2, #0
1000497a:	6819      	ldr	r1, [r3, #0]
1000497c:	f001 f836 	bl	100059ec <usbd_defer_func>
10004980:	bd10      	pop	{r4, pc}
10004982:	46c0      	nop			@ (mov r8, r8)
10004984:	20001764 	.word	0x20001764
10004988:	20001768 	.word	0x20001768

1000498c <stdio_usb_init>:
1000498c:	23d0      	movs	r3, #208	@ 0xd0
1000498e:	b510      	push	{r4, lr}
10004990:	061b      	lsls	r3, r3, #24
10004992:	b084      	sub	sp, #16
10004994:	681c      	ldr	r4, [r3, #0]
10004996:	f7fc fa37 	bl	10000e08 <alarm_pool_get_default>
1000499a:	f7fc faf7 	bl	10000f8c <alarm_pool_core_num>
1000499e:	42a0      	cmp	r0, r4
100049a0:	d002      	beq.n	100049a8 <stdio_usb_init+0x1c>
100049a2:	2000      	movs	r0, #0
100049a4:	b004      	add	sp, #16
100049a6:	bd10      	pop	{r4, pc}
100049a8:	4b27      	ldr	r3, [pc, #156]	@ (10004a48 <stdio_usb_init+0xbc>)
100049aa:	781b      	ldrb	r3, [r3, #0]
100049ac:	f001 fc42 	bl	10006234 <tusb_init>
100049b0:	4826      	ldr	r0, [pc, #152]	@ (10004a4c <stdio_usb_init+0xc0>)
100049b2:	f7fc f82d 	bl	10000a10 <mutex_init>
100049b6:	2001      	movs	r0, #1
100049b8:	f7fc f80c 	bl	100009d4 <user_irq_claim_unused>
100049bc:	23ff      	movs	r3, #255	@ 0xff
100049be:	4c24      	ldr	r4, [pc, #144]	@ (10004a50 <stdio_usb_init+0xc4>)
100049c0:	4924      	ldr	r1, [pc, #144]	@ (10004a54 <stdio_usb_init+0xc8>)
100049c2:	7020      	strb	r0, [r4, #0]
100049c4:	4018      	ands	r0, r3
100049c6:	f7fb fd93 	bl	100004f0 <irq_set_exclusive_handler>
100049ca:	7820      	ldrb	r0, [r4, #0]
100049cc:	2101      	movs	r1, #1
100049ce:	f7fb fd57 	bl	10000480 <irq_set_enabled>
100049d2:	2005      	movs	r0, #5
100049d4:	f7fb fd6e 	bl	100004b4 <irq_has_shared_handler>
100049d8:	2800      	cmp	r0, #0
100049da:	d127      	bne.n	10004a2c <stdio_usb_init+0xa0>
100049dc:	f7fc fa14 	bl	10000e08 <alarm_pool_get_default>
100049e0:	0004      	movs	r4, r0
100049e2:	f7fc fc23 	bl	1000122c <time_us_64>
100049e6:	22fa      	movs	r2, #250	@ 0xfa
100049e8:	2300      	movs	r3, #0
100049ea:	0092      	lsls	r2, r2, #2
100049ec:	1812      	adds	r2, r2, r0
100049ee:	414b      	adcs	r3, r1
100049f0:	2180      	movs	r1, #128	@ 0x80
100049f2:	0609      	lsls	r1, r1, #24
100049f4:	428b      	cmp	r3, r1
100049f6:	d302      	bcc.n	100049fe <stdio_usb_init+0x72>
100049f8:	2201      	movs	r2, #1
100049fa:	4b17      	ldr	r3, [pc, #92]	@ (10004a58 <stdio_usb_init+0xcc>)
100049fc:	4252      	negs	r2, r2
100049fe:	2101      	movs	r1, #1
10004a00:	9102      	str	r1, [sp, #8]
10004a02:	2100      	movs	r1, #0
10004a04:	9101      	str	r1, [sp, #4]
10004a06:	4915      	ldr	r1, [pc, #84]	@ (10004a5c <stdio_usb_init+0xd0>)
10004a08:	0020      	movs	r0, r4
10004a0a:	9100      	str	r1, [sp, #0]
10004a0c:	f7fc fa00 	bl	10000e10 <alarm_pool_add_alarm_at>
10004a10:	2208      	movs	r2, #8
10004a12:	0004      	movs	r4, r0
10004a14:	2100      	movs	r1, #0
10004a16:	4812      	ldr	r0, [pc, #72]	@ (10004a60 <stdio_usb_init+0xd4>)
10004a18:	f7ff fc0a 	bl	10004230 <__wrap_memset>
10004a1c:	2c00      	cmp	r4, #0
10004a1e:	dbc0      	blt.n	100049a2 <stdio_usb_init+0x16>
10004a20:	4810      	ldr	r0, [pc, #64]	@ (10004a64 <stdio_usb_init+0xd8>)
10004a22:	2101      	movs	r1, #1
10004a24:	f7ff fd48 	bl	100044b8 <stdio_set_driver_enabled>
10004a28:	2001      	movs	r0, #1
10004a2a:	e7bb      	b.n	100049a4 <stdio_usb_init+0x18>
10004a2c:	2200      	movs	r2, #0
10004a2e:	490e      	ldr	r1, [pc, #56]	@ (10004a68 <stdio_usb_init+0xdc>)
10004a30:	2005      	movs	r0, #5
10004a32:	f7fb fd87 	bl	10000544 <irq_add_shared_handler>
10004a36:	f7fb fd05 	bl	10000444 <next_striped_spin_lock_num>
10004a3a:	4b09      	ldr	r3, [pc, #36]	@ (10004a60 <stdio_usb_init+0xd4>)
10004a3c:	0001      	movs	r1, r0
10004a3e:	0018      	movs	r0, r3
10004a40:	f7fc f810 	bl	10000a64 <critical_section_init_with_lock_num>
10004a44:	e7ec      	b.n	10004a20 <stdio_usb_init+0x94>
10004a46:	46c0      	nop			@ (mov r8, r8)
10004a48:	10006eac 	.word	0x10006eac
10004a4c:	20001c30 	.word	0x20001c30
10004a50:	20001c5f 	.word	0x20001c5f
10004a54:	100048c5 	.word	0x100048c5
10004a58:	7fffffff 	.word	0x7fffffff
10004a5c:	100046dd 	.word	0x100046dd
10004a60:	20001c08 	.word	0x20001c08
10004a64:	20000e80 	.word	0x20000e80
10004a68:	100046cd 	.word	0x100046cd

10004a6c <tud_descriptor_device_cb>:
10004a6c:	4800      	ldr	r0, [pc, #0]	@ (10004a70 <tud_descriptor_device_cb+0x4>)
10004a6e:	4770      	bx	lr
10004a70:	10006dd8 	.word	0x10006dd8

10004a74 <tud_descriptor_configuration_cb>:
10004a74:	4800      	ldr	r0, [pc, #0]	@ (10004a78 <tud_descriptor_configuration_cb+0x4>)
10004a76:	4770      	bx	lr
10004a78:	10006d84 	.word	0x10006d84

10004a7c <tud_descriptor_string_cb>:
10004a7c:	b510      	push	{r4, lr}
10004a7e:	0004      	movs	r4, r0
10004a80:	4817      	ldr	r0, [pc, #92]	@ (10004ae0 <tud_descriptor_string_cb+0x64>)
10004a82:	7803      	ldrb	r3, [r0, #0]
10004a84:	2b00      	cmp	r3, #0
10004a86:	d020      	beq.n	10004aca <tud_descriptor_string_cb+0x4e>
10004a88:	2c00      	cmp	r4, #0
10004a8a:	d106      	bne.n	10004a9a <tud_descriptor_string_cb+0x1e>
10004a8c:	4b15      	ldr	r3, [pc, #84]	@ (10004ae4 <tud_descriptor_string_cb+0x68>)
10004a8e:	4816      	ldr	r0, [pc, #88]	@ (10004ae8 <tud_descriptor_string_cb+0x6c>)
10004a90:	8043      	strh	r3, [r0, #2]
10004a92:	3b06      	subs	r3, #6
10004a94:	3bff      	subs	r3, #255	@ 0xff
10004a96:	8003      	strh	r3, [r0, #0]
10004a98:	bd10      	pop	{r4, pc}
10004a9a:	2c05      	cmp	r4, #5
10004a9c:	d819      	bhi.n	10004ad2 <tud_descriptor_string_cb+0x56>
10004a9e:	4b13      	ldr	r3, [pc, #76]	@ (10004aec <tud_descriptor_string_cb+0x70>)
10004aa0:	00a4      	lsls	r4, r4, #2
10004aa2:	58e0      	ldr	r0, [r4, r3]
10004aa4:	4912      	ldr	r1, [pc, #72]	@ (10004af0 <tud_descriptor_string_cb+0x74>)
10004aa6:	2301      	movs	r3, #1
10004aa8:	3801      	subs	r0, #1
10004aaa:	e004      	b.n	10004ab6 <tud_descriptor_string_cb+0x3a>
10004aac:	3301      	adds	r3, #1
10004aae:	800a      	strh	r2, [r1, #0]
10004ab0:	3102      	adds	r1, #2
10004ab2:	2b14      	cmp	r3, #20
10004ab4:	d00f      	beq.n	10004ad6 <tud_descriptor_string_cb+0x5a>
10004ab6:	5cc2      	ldrb	r2, [r0, r3]
10004ab8:	2a00      	cmp	r2, #0
10004aba:	d1f7      	bne.n	10004aac <tud_descriptor_string_cb+0x30>
10004abc:	22c0      	movs	r2, #192	@ 0xc0
10004abe:	b2db      	uxtb	r3, r3
10004ac0:	005b      	lsls	r3, r3, #1
10004ac2:	0092      	lsls	r2, r2, #2
10004ac4:	4808      	ldr	r0, [pc, #32]	@ (10004ae8 <tud_descriptor_string_cb+0x6c>)
10004ac6:	4313      	orrs	r3, r2
10004ac8:	e7e5      	b.n	10004a96 <tud_descriptor_string_cb+0x1a>
10004aca:	2111      	movs	r1, #17
10004acc:	f000 f81a 	bl	10004b04 <pico_get_unique_board_id_string>
10004ad0:	e7da      	b.n	10004a88 <tud_descriptor_string_cb+0xc>
10004ad2:	2000      	movs	r0, #0
10004ad4:	e7e0      	b.n	10004a98 <tud_descriptor_string_cb+0x1c>
10004ad6:	23ca      	movs	r3, #202	@ 0xca
10004ad8:	4803      	ldr	r0, [pc, #12]	@ (10004ae8 <tud_descriptor_string_cb+0x6c>)
10004ada:	009b      	lsls	r3, r3, #2
10004adc:	e7db      	b.n	10004a96 <tud_descriptor_string_cb+0x1a>
10004ade:	46c0      	nop			@ (mov r8, r8)
10004ae0:	20001c48 	.word	0x20001c48
10004ae4:	00000409 	.word	0x00000409
10004ae8:	200017b0 	.word	0x200017b0
10004aec:	10006d6c 	.word	0x10006d6c
10004af0:	200017b2 	.word	0x200017b2

10004af4 <_retrieve_unique_id_on_boot>:
10004af4:	b510      	push	{r4, lr}
10004af6:	4802      	ldr	r0, [pc, #8]	@ (10004b00 <_retrieve_unique_id_on_boot+0xc>)
10004af8:	f000 f8d8 	bl	10004cac <flash_get_unique_id>
10004afc:	bd10      	pop	{r4, pc}
10004afe:	46c0      	nop			@ (mov r8, r8)
10004b00:	20001c20 	.word	0x20001c20

10004b04 <pico_get_unique_board_id_string>:
10004b04:	b530      	push	{r4, r5, lr}
10004b06:	1e4b      	subs	r3, r1, #1
10004b08:	2901      	cmp	r1, #1
10004b0a:	d100      	bne.n	10004b0e <pico_get_unique_board_id_string+0xa>
10004b0c:	e0a7      	b.n	10004c5e <pico_get_unique_board_id_string+0x15a>
10004b0e:	4a66      	ldr	r2, [pc, #408]	@ (10004ca8 <pico_get_unique_board_id_string+0x1a4>)
10004b10:	7811      	ldrb	r1, [r2, #0]
10004b12:	090d      	lsrs	r5, r1, #4
10004b14:	002c      	movs	r4, r5
10004b16:	3430      	adds	r4, #48	@ 0x30
10004b18:	299f      	cmp	r1, #159	@ 0x9f
10004b1a:	d900      	bls.n	10004b1e <pico_get_unique_board_id_string+0x1a>
10004b1c:	e0a2      	b.n	10004c64 <pico_get_unique_board_id_string+0x160>
10004b1e:	7004      	strb	r4, [r0, #0]
10004b20:	2b01      	cmp	r3, #1
10004b22:	d100      	bne.n	10004b26 <pico_get_unique_board_id_string+0x22>
10004b24:	e0be      	b.n	10004ca4 <pico_get_unique_board_id_string+0x1a0>
10004b26:	210f      	movs	r1, #15
10004b28:	7814      	ldrb	r4, [r2, #0]
10004b2a:	4021      	ands	r1, r4
10004b2c:	000c      	movs	r4, r1
10004b2e:	3430      	adds	r4, #48	@ 0x30
10004b30:	2909      	cmp	r1, #9
10004b32:	d900      	bls.n	10004b36 <pico_get_unique_board_id_string+0x32>
10004b34:	e098      	b.n	10004c68 <pico_get_unique_board_id_string+0x164>
10004b36:	7044      	strb	r4, [r0, #1]
10004b38:	2b02      	cmp	r3, #2
10004b3a:	d100      	bne.n	10004b3e <pico_get_unique_board_id_string+0x3a>
10004b3c:	e0b2      	b.n	10004ca4 <pico_get_unique_board_id_string+0x1a0>
10004b3e:	7854      	ldrb	r4, [r2, #1]
10004b40:	0925      	lsrs	r5, r4, #4
10004b42:	0029      	movs	r1, r5
10004b44:	3130      	adds	r1, #48	@ 0x30
10004b46:	2c9f      	cmp	r4, #159	@ 0x9f
10004b48:	d900      	bls.n	10004b4c <pico_get_unique_board_id_string+0x48>
10004b4a:	e090      	b.n	10004c6e <pico_get_unique_board_id_string+0x16a>
10004b4c:	7081      	strb	r1, [r0, #2]
10004b4e:	2b03      	cmp	r3, #3
10004b50:	d100      	bne.n	10004b54 <pico_get_unique_board_id_string+0x50>
10004b52:	e0a7      	b.n	10004ca4 <pico_get_unique_board_id_string+0x1a0>
10004b54:	210f      	movs	r1, #15
10004b56:	4021      	ands	r1, r4
10004b58:	000c      	movs	r4, r1
10004b5a:	3430      	adds	r4, #48	@ 0x30
10004b5c:	2909      	cmp	r1, #9
10004b5e:	d900      	bls.n	10004b62 <pico_get_unique_board_id_string+0x5e>
10004b60:	e087      	b.n	10004c72 <pico_get_unique_board_id_string+0x16e>
10004b62:	70c4      	strb	r4, [r0, #3]
10004b64:	2b04      	cmp	r3, #4
10004b66:	d100      	bne.n	10004b6a <pico_get_unique_board_id_string+0x66>
10004b68:	e09c      	b.n	10004ca4 <pico_get_unique_board_id_string+0x1a0>
10004b6a:	7894      	ldrb	r4, [r2, #2]
10004b6c:	0925      	lsrs	r5, r4, #4
10004b6e:	0029      	movs	r1, r5
10004b70:	3130      	adds	r1, #48	@ 0x30
10004b72:	2c9f      	cmp	r4, #159	@ 0x9f
10004b74:	d900      	bls.n	10004b78 <pico_get_unique_board_id_string+0x74>
10004b76:	e07f      	b.n	10004c78 <pico_get_unique_board_id_string+0x174>
10004b78:	7101      	strb	r1, [r0, #4]
10004b7a:	2b05      	cmp	r3, #5
10004b7c:	d100      	bne.n	10004b80 <pico_get_unique_board_id_string+0x7c>
10004b7e:	e091      	b.n	10004ca4 <pico_get_unique_board_id_string+0x1a0>
10004b80:	210f      	movs	r1, #15
10004b82:	4021      	ands	r1, r4
10004b84:	000c      	movs	r4, r1
10004b86:	3430      	adds	r4, #48	@ 0x30
10004b88:	2909      	cmp	r1, #9
10004b8a:	d900      	bls.n	10004b8e <pico_get_unique_board_id_string+0x8a>
10004b8c:	e076      	b.n	10004c7c <pico_get_unique_board_id_string+0x178>
10004b8e:	7144      	strb	r4, [r0, #5]
10004b90:	2b06      	cmp	r3, #6
10004b92:	d100      	bne.n	10004b96 <pico_get_unique_board_id_string+0x92>
10004b94:	e086      	b.n	10004ca4 <pico_get_unique_board_id_string+0x1a0>
10004b96:	78d4      	ldrb	r4, [r2, #3]
10004b98:	0925      	lsrs	r5, r4, #4
10004b9a:	0029      	movs	r1, r5
10004b9c:	3130      	adds	r1, #48	@ 0x30
10004b9e:	2c9f      	cmp	r4, #159	@ 0x9f
10004ba0:	d900      	bls.n	10004ba4 <pico_get_unique_board_id_string+0xa0>
10004ba2:	e06e      	b.n	10004c82 <pico_get_unique_board_id_string+0x17e>
10004ba4:	7181      	strb	r1, [r0, #6]
10004ba6:	2b07      	cmp	r3, #7
10004ba8:	d100      	bne.n	10004bac <pico_get_unique_board_id_string+0xa8>
10004baa:	e07b      	b.n	10004ca4 <pico_get_unique_board_id_string+0x1a0>
10004bac:	210f      	movs	r1, #15
10004bae:	4021      	ands	r1, r4
10004bb0:	000c      	movs	r4, r1
10004bb2:	3430      	adds	r4, #48	@ 0x30
10004bb4:	2909      	cmp	r1, #9
10004bb6:	d866      	bhi.n	10004c86 <pico_get_unique_board_id_string+0x182>
10004bb8:	71c4      	strb	r4, [r0, #7]
10004bba:	2b08      	cmp	r3, #8
10004bbc:	d100      	bne.n	10004bc0 <pico_get_unique_board_id_string+0xbc>
10004bbe:	e071      	b.n	10004ca4 <pico_get_unique_board_id_string+0x1a0>
10004bc0:	7914      	ldrb	r4, [r2, #4]
10004bc2:	0925      	lsrs	r5, r4, #4
10004bc4:	0029      	movs	r1, r5
10004bc6:	3130      	adds	r1, #48	@ 0x30
10004bc8:	2c9f      	cmp	r4, #159	@ 0x9f
10004bca:	d85f      	bhi.n	10004c8c <pico_get_unique_board_id_string+0x188>
10004bcc:	7201      	strb	r1, [r0, #8]
10004bce:	2b09      	cmp	r3, #9
10004bd0:	d068      	beq.n	10004ca4 <pico_get_unique_board_id_string+0x1a0>
10004bd2:	210f      	movs	r1, #15
10004bd4:	4021      	ands	r1, r4
10004bd6:	000c      	movs	r4, r1
10004bd8:	3430      	adds	r4, #48	@ 0x30
10004bda:	2909      	cmp	r1, #9
10004bdc:	d858      	bhi.n	10004c90 <pico_get_unique_board_id_string+0x18c>
10004bde:	7244      	strb	r4, [r0, #9]
10004be0:	2b0a      	cmp	r3, #10
10004be2:	d05f      	beq.n	10004ca4 <pico_get_unique_board_id_string+0x1a0>
10004be4:	7954      	ldrb	r4, [r2, #5]
10004be6:	0925      	lsrs	r5, r4, #4
10004be8:	0029      	movs	r1, r5
10004bea:	3130      	adds	r1, #48	@ 0x30
10004bec:	2c9f      	cmp	r4, #159	@ 0x9f
10004bee:	d852      	bhi.n	10004c96 <pico_get_unique_board_id_string+0x192>
10004bf0:	7281      	strb	r1, [r0, #10]
10004bf2:	2b0b      	cmp	r3, #11
10004bf4:	d056      	beq.n	10004ca4 <pico_get_unique_board_id_string+0x1a0>
10004bf6:	210f      	movs	r1, #15
10004bf8:	4021      	ands	r1, r4
10004bfa:	000c      	movs	r4, r1
10004bfc:	3430      	adds	r4, #48	@ 0x30
10004bfe:	2909      	cmp	r1, #9
10004c00:	d84b      	bhi.n	10004c9a <pico_get_unique_board_id_string+0x196>
10004c02:	72c4      	strb	r4, [r0, #11]
10004c04:	2b0c      	cmp	r3, #12
10004c06:	d04d      	beq.n	10004ca4 <pico_get_unique_board_id_string+0x1a0>
10004c08:	7994      	ldrb	r4, [r2, #6]
10004c0a:	0925      	lsrs	r5, r4, #4
10004c0c:	0029      	movs	r1, r5
10004c0e:	3130      	adds	r1, #48	@ 0x30
10004c10:	2c9f      	cmp	r4, #159	@ 0x9f
10004c12:	d900      	bls.n	10004c16 <pico_get_unique_board_id_string+0x112>
10004c14:	3107      	adds	r1, #7
10004c16:	7301      	strb	r1, [r0, #12]
10004c18:	2b0d      	cmp	r3, #13
10004c1a:	d043      	beq.n	10004ca4 <pico_get_unique_board_id_string+0x1a0>
10004c1c:	210f      	movs	r1, #15
10004c1e:	4021      	ands	r1, r4
10004c20:	000c      	movs	r4, r1
10004c22:	3430      	adds	r4, #48	@ 0x30
10004c24:	2909      	cmp	r1, #9
10004c26:	d901      	bls.n	10004c2c <pico_get_unique_board_id_string+0x128>
10004c28:	3137      	adds	r1, #55	@ 0x37
10004c2a:	000c      	movs	r4, r1
10004c2c:	7344      	strb	r4, [r0, #13]
10004c2e:	2b0e      	cmp	r3, #14
10004c30:	d038      	beq.n	10004ca4 <pico_get_unique_board_id_string+0x1a0>
10004c32:	79d1      	ldrb	r1, [r2, #7]
10004c34:	090c      	lsrs	r4, r1, #4
10004c36:	0022      	movs	r2, r4
10004c38:	3230      	adds	r2, #48	@ 0x30
10004c3a:	299f      	cmp	r1, #159	@ 0x9f
10004c3c:	d900      	bls.n	10004c40 <pico_get_unique_board_id_string+0x13c>
10004c3e:	3207      	adds	r2, #7
10004c40:	7382      	strb	r2, [r0, #14]
10004c42:	2b0f      	cmp	r3, #15
10004c44:	d02e      	beq.n	10004ca4 <pico_get_unique_board_id_string+0x1a0>
10004c46:	220f      	movs	r2, #15
10004c48:	400a      	ands	r2, r1
10004c4a:	0011      	movs	r1, r2
10004c4c:	3137      	adds	r1, #55	@ 0x37
10004c4e:	2a09      	cmp	r2, #9
10004c50:	d801      	bhi.n	10004c56 <pico_get_unique_board_id_string+0x152>
10004c52:	3230      	adds	r2, #48	@ 0x30
10004c54:	0011      	movs	r1, r2
10004c56:	73c1      	strb	r1, [r0, #15]
10004c58:	2b10      	cmp	r3, #16
10004c5a:	d023      	beq.n	10004ca4 <pico_get_unique_board_id_string+0x1a0>
10004c5c:	3010      	adds	r0, #16
10004c5e:	2300      	movs	r3, #0
10004c60:	7003      	strb	r3, [r0, #0]
10004c62:	bd30      	pop	{r4, r5, pc}
10004c64:	3407      	adds	r4, #7
10004c66:	e75a      	b.n	10004b1e <pico_get_unique_board_id_string+0x1a>
10004c68:	3137      	adds	r1, #55	@ 0x37
10004c6a:	000c      	movs	r4, r1
10004c6c:	e763      	b.n	10004b36 <pico_get_unique_board_id_string+0x32>
10004c6e:	3107      	adds	r1, #7
10004c70:	e76c      	b.n	10004b4c <pico_get_unique_board_id_string+0x48>
10004c72:	3137      	adds	r1, #55	@ 0x37
10004c74:	000c      	movs	r4, r1
10004c76:	e774      	b.n	10004b62 <pico_get_unique_board_id_string+0x5e>
10004c78:	3107      	adds	r1, #7
10004c7a:	e77d      	b.n	10004b78 <pico_get_unique_board_id_string+0x74>
10004c7c:	3137      	adds	r1, #55	@ 0x37
10004c7e:	000c      	movs	r4, r1
10004c80:	e785      	b.n	10004b8e <pico_get_unique_board_id_string+0x8a>
10004c82:	3107      	adds	r1, #7
10004c84:	e78e      	b.n	10004ba4 <pico_get_unique_board_id_string+0xa0>
10004c86:	3137      	adds	r1, #55	@ 0x37
10004c88:	000c      	movs	r4, r1
10004c8a:	e795      	b.n	10004bb8 <pico_get_unique_board_id_string+0xb4>
10004c8c:	3107      	adds	r1, #7
10004c8e:	e79d      	b.n	10004bcc <pico_get_unique_board_id_string+0xc8>
10004c90:	3137      	adds	r1, #55	@ 0x37
10004c92:	000c      	movs	r4, r1
10004c94:	e7a3      	b.n	10004bde <pico_get_unique_board_id_string+0xda>
10004c96:	3107      	adds	r1, #7
10004c98:	e7aa      	b.n	10004bf0 <pico_get_unique_board_id_string+0xec>
10004c9a:	3137      	adds	r1, #55	@ 0x37
10004c9c:	000c      	movs	r4, r1
10004c9e:	72c4      	strb	r4, [r0, #11]
10004ca0:	2b0c      	cmp	r3, #12
10004ca2:	d1b1      	bne.n	10004c08 <pico_get_unique_board_id_string+0x104>
10004ca4:	18c0      	adds	r0, r0, r3
10004ca6:	e7da      	b.n	10004c5e <pico_get_unique_board_id_string+0x15a>
10004ca8:	20001c20 	.word	0x20001c20

10004cac <flash_get_unique_id>:
10004cac:	b510      	push	{r4, lr}
10004cae:	b088      	sub	sp, #32
10004cb0:	0004      	movs	r4, r0
10004cb2:	220d      	movs	r2, #13
10004cb4:	2100      	movs	r1, #0
10004cb6:	4668      	mov	r0, sp
10004cb8:	f7ff faba 	bl	10004230 <__wrap_memset>
10004cbc:	220d      	movs	r2, #13
10004cbe:	2100      	movs	r1, #0
10004cc0:	a804      	add	r0, sp, #16
10004cc2:	f7ff fab5 	bl	10004230 <__wrap_memset>
10004cc6:	234b      	movs	r3, #75	@ 0x4b
10004cc8:	466a      	mov	r2, sp
10004cca:	4668      	mov	r0, sp
10004ccc:	7013      	strb	r3, [r2, #0]
10004cce:	a904      	add	r1, sp, #16
10004cd0:	220d      	movs	r2, #13
10004cd2:	f001 fe0d 	bl	100068f0 <__flash_do_cmd_veneer>
10004cd6:	2115      	movs	r1, #21
10004cd8:	2208      	movs	r2, #8
10004cda:	0020      	movs	r0, r4
10004cdc:	4469      	add	r1, sp
10004cde:	f7ff faad 	bl	1000423c <__wrap___aeabi_memcpy>
10004ce2:	b008      	add	sp, #32
10004ce4:	bd10      	pop	{r4, pc}
10004ce6:	46c0      	nop			@ (mov r8, r8)

10004ce8 <dcd_int_enable>:
10004ce8:	b510      	push	{r4, lr}
10004cea:	2101      	movs	r1, #1
10004cec:	2005      	movs	r0, #5
10004cee:	f7fb fbc7 	bl	10000480 <irq_set_enabled>
10004cf2:	bd10      	pop	{r4, pc}

10004cf4 <dcd_set_address>:
10004cf4:	b510      	push	{r4, lr}
10004cf6:	2200      	movs	r2, #0
10004cf8:	2100      	movs	r1, #0
10004cfa:	4802      	ldr	r0, [pc, #8]	@ (10004d04 <dcd_set_address+0x10>)
10004cfc:	f000 f958 	bl	10004fb0 <hw_endpoint_xfer_start>
10004d00:	bd10      	pop	{r4, pc}
10004d02:	46c0      	nop			@ (mov r8, r8)
10004d04:	20001804 	.word	0x20001804

10004d08 <dcd_connect>:
10004d08:	2280      	movs	r2, #128	@ 0x80
10004d0a:	4b02      	ldr	r3, [pc, #8]	@ (10004d14 <dcd_connect+0xc>)
10004d0c:	0252      	lsls	r2, r2, #9
10004d0e:	64da      	str	r2, [r3, #76]	@ 0x4c
10004d10:	4770      	bx	lr
10004d12:	46c0      	nop			@ (mov r8, r8)
10004d14:	50112000 	.word	0x50112000

10004d18 <dcd_init>:
10004d18:	b5f0      	push	{r4, r5, r6, r7, lr}
10004d1a:	46c6      	mov	lr, r8
10004d1c:	b500      	push	{lr}
10004d1e:	0006      	movs	r6, r0
10004d20:	f000 f920 	bl	10004f64 <rp2040_usb_init>
10004d24:	230c      	movs	r3, #12
10004d26:	4d1b      	ldr	r5, [pc, #108]	@ (10004d94 <dcd_init+0x7c>)
10004d28:	22ff      	movs	r2, #255	@ 0xff
10004d2a:	67ab      	str	r3, [r5, #120]	@ 0x78
10004d2c:	2005      	movs	r0, #5
10004d2e:	491a      	ldr	r1, [pc, #104]	@ (10004d98 <dcd_init+0x80>)
10004d30:	f7fb fc08 	bl	10000544 <irq_add_shared_handler>
10004d34:	2340      	movs	r3, #64	@ 0x40
10004d36:	4698      	mov	r8, r3
10004d38:	4c18      	ldr	r4, [pc, #96]	@ (10004d9c <dcd_init+0x84>)
10004d3a:	2240      	movs	r2, #64	@ 0x40
10004d3c:	2100      	movs	r1, #0
10004d3e:	0020      	movs	r0, r4
10004d40:	f7ff fa76 	bl	10004230 <__wrap_memset>
10004d44:	4643      	mov	r3, r8
10004d46:	2701      	movs	r7, #1
10004d48:	8323      	strh	r3, [r4, #24]
10004d4a:	2121      	movs	r1, #33	@ 0x21
10004d4c:	2300      	movs	r3, #0
10004d4e:	4a14      	ldr	r2, [pc, #80]	@ (10004da0 <dcd_init+0x88>)
10004d50:	7067      	strb	r7, [r4, #1]
10004d52:	60a2      	str	r2, [r4, #8]
10004d54:	6013      	str	r3, [r2, #0]
10004d56:	5463      	strb	r3, [r4, r1]
10004d58:	315f      	adds	r1, #95	@ 0x5f
10004d5a:	8461      	strh	r1, [r4, #34]	@ 0x22
10004d5c:	4641      	mov	r1, r8
10004d5e:	8721      	strh	r1, [r4, #56]	@ 0x38
10004d60:	3905      	subs	r1, #5
10004d62:	5463      	strb	r3, [r4, r1]
10004d64:	4a0f      	ldr	r2, [pc, #60]	@ (10004da4 <dcd_init+0x8c>)
10004d66:	4910      	ldr	r1, [pc, #64]	@ (10004da8 <dcd_init+0x90>)
10004d68:	6063      	str	r3, [r4, #4]
10004d6a:	60e2      	str	r2, [r4, #12]
10004d6c:	62a1      	str	r1, [r4, #40]	@ 0x28
10004d6e:	600b      	str	r3, [r1, #0]
10004d70:	6263      	str	r3, [r4, #36]	@ 0x24
10004d72:	62e2      	str	r2, [r4, #44]	@ 0x2c
10004d74:	f001 fdd4 	bl	10006920 <__reset_non_control_endpoints_veneer>
10004d78:	2380      	movs	r3, #128	@ 0x80
10004d7a:	059b      	lsls	r3, r3, #22
10004d7c:	642f      	str	r7, [r5, #64]	@ 0x40
10004d7e:	64eb      	str	r3, [r5, #76]	@ 0x4c
10004d80:	2390      	movs	r3, #144	@ 0x90
10004d82:	4a0a      	ldr	r2, [pc, #40]	@ (10004dac <dcd_init+0x94>)
10004d84:	0030      	movs	r0, r6
10004d86:	50ea      	str	r2, [r5, r3]
10004d88:	f7ff ffbe 	bl	10004d08 <dcd_connect>
10004d8c:	bc80      	pop	{r7}
10004d8e:	46b8      	mov	r8, r7
10004d90:	bdf0      	pop	{r4, r5, r6, r7, pc}
10004d92:	46c0      	nop			@ (mov r8, r8)
10004d94:	50110000 	.word	0x50110000
10004d98:	200004a1 	.word	0x200004a1
10004d9c:	200017e4 	.word	0x200017e4
10004da0:	50100084 	.word	0x50100084
10004da4:	50100100 	.word	0x50100100
10004da8:	50100080 	.word	0x50100080
10004dac:	0001d010 	.word	0x0001d010

10004db0 <dcd_edpt0_status_complete>:
10004db0:	780b      	ldrb	r3, [r1, #0]
10004db2:	065b      	lsls	r3, r3, #25
10004db4:	d102      	bne.n	10004dbc <dcd_edpt0_status_complete+0xc>
10004db6:	784b      	ldrb	r3, [r1, #1]
10004db8:	2b05      	cmp	r3, #5
10004dba:	d000      	beq.n	10004dbe <dcd_edpt0_status_complete+0xe>
10004dbc:	4770      	bx	lr
10004dbe:	788a      	ldrb	r2, [r1, #2]
10004dc0:	4b01      	ldr	r3, [pc, #4]	@ (10004dc8 <dcd_edpt0_status_complete+0x18>)
10004dc2:	601a      	str	r2, [r3, #0]
10004dc4:	e7fa      	b.n	10004dbc <dcd_edpt0_status_complete+0xc>
10004dc6:	46c0      	nop			@ (mov r8, r8)
10004dc8:	50110000 	.word	0x50110000

10004dcc <dcd_edpt_open>:
10004dcc:	b5f0      	push	{r4, r5, r6, r7, lr}
10004dce:	46c6      	mov	lr, r8
10004dd0:	b500      	push	{lr}
10004dd2:	78cc      	ldrb	r4, [r1, #3]
10004dd4:	7888      	ldrb	r0, [r1, #2]
10004dd6:	790a      	ldrb	r2, [r1, #4]
10004dd8:	794b      	ldrb	r3, [r1, #5]
10004dda:	217f      	movs	r1, #127	@ 0x7f
10004ddc:	07a4      	lsls	r4, r4, #30
10004dde:	4001      	ands	r1, r0
10004de0:	021b      	lsls	r3, r3, #8
10004de2:	09c5      	lsrs	r5, r0, #7
10004de4:	4313      	orrs	r3, r2
10004de6:	004f      	lsls	r7, r1, #1
10004de8:	0fa2      	lsrs	r2, r4, #30
10004dea:	0014      	movs	r4, r2
10004dec:	4e32      	ldr	r6, [pc, #200]	@ (10004eb8 <dcd_edpt_open+0xec>)
10004dee:	197a      	adds	r2, r7, r5
10004df0:	0152      	lsls	r2, r2, #5
10004df2:	18b2      	adds	r2, r6, r2
10004df4:	7090      	strb	r0, [r2, #2]
10004df6:	2001      	movs	r0, #1
10004df8:	4068      	eors	r0, r5
10004dfa:	7050      	strb	r0, [r2, #1]
10004dfc:	2000      	movs	r0, #0
10004dfe:	055b      	lsls	r3, r3, #21
10004e00:	0d5b      	lsrs	r3, r3, #21
10004e02:	70d0      	strb	r0, [r2, #3]
10004e04:	8313      	strh	r3, [r2, #24]
10004e06:	76d4      	strb	r4, [r2, #27]
10004e08:	4680      	mov	r8, r0
10004e0a:	00ca      	lsls	r2, r1, #3
10004e0c:	2d01      	cmp	r5, #1
10004e0e:	d033      	beq.n	10004e78 <dcd_edpt_open+0xac>
10004e10:	482a      	ldr	r0, [pc, #168]	@ (10004ebc <dcd_edpt_open+0xf0>)
10004e12:	4684      	mov	ip, r0
10004e14:	0188      	lsls	r0, r1, #6
10004e16:	4462      	add	r2, ip
10004e18:	4684      	mov	ip, r0
10004e1a:	44b4      	add	ip, r6
10004e1c:	4660      	mov	r0, ip
10004e1e:	6082      	str	r2, [r0, #8]
10004e20:	4640      	mov	r0, r8
10004e22:	6010      	str	r0, [r2, #0]
10004e24:	2900      	cmp	r1, #0
10004e26:	d033      	beq.n	10004e90 <dcd_edpt_open+0xc4>
10004e28:	4a25      	ldr	r2, [pc, #148]	@ (10004ec0 <dcd_edpt_open+0xf4>)
10004e2a:	00c9      	lsls	r1, r1, #3
10004e2c:	4690      	mov	r8, r2
10004e2e:	4662      	mov	r2, ip
10004e30:	4441      	add	r1, r8
10004e32:	6051      	str	r1, [r2, #4]
10004e34:	223f      	movs	r2, #63	@ 0x3f
10004e36:	333f      	adds	r3, #63	@ 0x3f
10004e38:	4393      	bics	r3, r2
10004e3a:	2c02      	cmp	r4, #2
10004e3c:	d100      	bne.n	10004e40 <dcd_edpt_open+0x74>
10004e3e:	005b      	lsls	r3, r3, #1
10004e40:	4820      	ldr	r0, [pc, #128]	@ (10004ec4 <dcd_edpt_open+0xf8>)
10004e42:	197a      	adds	r2, r7, r5
10004e44:	6801      	ldr	r1, [r0, #0]
10004e46:	0152      	lsls	r2, r2, #5
10004e48:	18b2      	adds	r2, r6, r2
10004e4a:	60d1      	str	r1, [r2, #12]
10004e4c:	4a1e      	ldr	r2, [pc, #120]	@ (10004ec8 <dcd_edpt_open+0xfc>)
10004e4e:	18cb      	adds	r3, r1, r3
10004e50:	6003      	str	r3, [r0, #0]
10004e52:	4051      	eors	r1, r2
10004e54:	405a      	eors	r2, r3
10004e56:	2380      	movs	r3, #128	@ 0x80
10004e58:	4688      	mov	r8, r1
10004e5a:	015b      	lsls	r3, r3, #5
10004e5c:	429a      	cmp	r2, r3
10004e5e:	d828      	bhi.n	10004eb2 <dcd_edpt_open+0xe6>
10004e60:	4643      	mov	r3, r8
10004e62:	06a4      	lsls	r4, r4, #26
10004e64:	431c      	orrs	r4, r3
10004e66:	2380      	movs	r3, #128	@ 0x80
10004e68:	197f      	adds	r7, r7, r5
10004e6a:	017f      	lsls	r7, r7, #5
10004e6c:	19f6      	adds	r6, r6, r7
10004e6e:	6872      	ldr	r2, [r6, #4]
10004e70:	061b      	lsls	r3, r3, #24
10004e72:	4323      	orrs	r3, r4
10004e74:	6013      	str	r3, [r2, #0]
10004e76:	e011      	b.n	10004e9c <dcd_edpt_open+0xd0>
10004e78:	4814      	ldr	r0, [pc, #80]	@ (10004ecc <dcd_edpt_open+0x100>)
10004e7a:	4684      	mov	ip, r0
10004e7c:	0188      	lsls	r0, r1, #6
10004e7e:	4462      	add	r2, ip
10004e80:	4684      	mov	ip, r0
10004e82:	44b4      	add	ip, r6
10004e84:	4660      	mov	r0, ip
10004e86:	6282      	str	r2, [r0, #40]	@ 0x28
10004e88:	4640      	mov	r0, r8
10004e8a:	6010      	str	r0, [r2, #0]
10004e8c:	2900      	cmp	r1, #0
10004e8e:	d109      	bne.n	10004ea4 <dcd_edpt_open+0xd8>
10004e90:	2300      	movs	r3, #0
10004e92:	016d      	lsls	r5, r5, #5
10004e94:	1975      	adds	r5, r6, r5
10004e96:	606b      	str	r3, [r5, #4]
10004e98:	4b0d      	ldr	r3, [pc, #52]	@ (10004ed0 <dcd_edpt_open+0x104>)
10004e9a:	60eb      	str	r3, [r5, #12]
10004e9c:	2001      	movs	r0, #1
10004e9e:	bc80      	pop	{r7}
10004ea0:	46b8      	mov	r8, r7
10004ea2:	bdf0      	pop	{r4, r5, r6, r7, pc}
10004ea4:	4a08      	ldr	r2, [pc, #32]	@ (10004ec8 <dcd_edpt_open+0xfc>)
10004ea6:	00c9      	lsls	r1, r1, #3
10004ea8:	4690      	mov	r8, r2
10004eaa:	4662      	mov	r2, ip
10004eac:	4441      	add	r1, r8
10004eae:	6251      	str	r1, [r2, #36]	@ 0x24
10004eb0:	e7c0      	b.n	10004e34 <dcd_edpt_open+0x68>
10004eb2:	f7fc ff25 	bl	10001d00 <hard_assertion_failure>
10004eb6:	e7d3      	b.n	10004e60 <dcd_edpt_open+0x94>
10004eb8:	200017e4 	.word	0x200017e4
10004ebc:	50100084 	.word	0x50100084
10004ec0:	50100004 	.word	0x50100004
10004ec4:	20001bec 	.word	0x20001bec
10004ec8:	50100000 	.word	0x50100000
10004ecc:	50100080 	.word	0x50100080
10004ed0:	50100100 	.word	0x50100100

10004ed4 <dcd_edpt_close_all>:
10004ed4:	b510      	push	{r4, lr}
10004ed6:	f001 fd23 	bl	10006920 <__reset_non_control_endpoints_veneer>
10004eda:	bd10      	pop	{r4, pc}

10004edc <dcd_edpt_xfer>:
10004edc:	b510      	push	{r4, lr}
10004ede:	207f      	movs	r0, #127	@ 0x7f
10004ee0:	000c      	movs	r4, r1
10004ee2:	4020      	ands	r0, r4
10004ee4:	0040      	lsls	r0, r0, #1
10004ee6:	09e4      	lsrs	r4, r4, #7
10004ee8:	0011      	movs	r1, r2
10004eea:	1900      	adds	r0, r0, r4
10004eec:	001a      	movs	r2, r3
10004eee:	4b03      	ldr	r3, [pc, #12]	@ (10004efc <dcd_edpt_xfer+0x20>)
10004ef0:	0140      	lsls	r0, r0, #5
10004ef2:	18c0      	adds	r0, r0, r3
10004ef4:	f000 f85c 	bl	10004fb0 <hw_endpoint_xfer_start>
10004ef8:	2001      	movs	r0, #1
10004efa:	bd10      	pop	{r4, pc}
10004efc:	200017e4 	.word	0x200017e4

10004f00 <dcd_edpt_stall>:
10004f00:	237f      	movs	r3, #127	@ 0x7f
10004f02:	0018      	movs	r0, r3
10004f04:	b510      	push	{r4, lr}
10004f06:	4008      	ands	r0, r1
10004f08:	09ca      	lsrs	r2, r1, #7
10004f0a:	420b      	tst	r3, r1
10004f0c:	d103      	bne.n	10004f16 <dcd_edpt_stall+0x16>
10004f0e:	4907      	ldr	r1, [pc, #28]	@ (10004f2c <dcd_edpt_stall+0x2c>)
10004f10:	3b7d      	subs	r3, #125	@ 0x7d
10004f12:	1a9b      	subs	r3, r3, r2
10004f14:	668b      	str	r3, [r1, #104]	@ 0x68
10004f16:	0040      	lsls	r0, r0, #1
10004f18:	1880      	adds	r0, r0, r2
10004f1a:	2280      	movs	r2, #128	@ 0x80
10004f1c:	4b04      	ldr	r3, [pc, #16]	@ (10004f30 <dcd_edpt_stall+0x30>)
10004f1e:	0140      	lsls	r0, r0, #5
10004f20:	2100      	movs	r1, #0
10004f22:	18c0      	adds	r0, r0, r3
10004f24:	0112      	lsls	r2, r2, #4
10004f26:	f001 fd33 	bl	10006990 <___hw_endpoint_buffer_control_update32_veneer>
10004f2a:	bd10      	pop	{r4, pc}
10004f2c:	50112000 	.word	0x50112000
10004f30:	200017e4 	.word	0x200017e4

10004f34 <dcd_edpt_clear_stall>:
10004f34:	227f      	movs	r2, #127	@ 0x7f
10004f36:	0013      	movs	r3, r2
10004f38:	b510      	push	{r4, lr}
10004f3a:	400b      	ands	r3, r1
10004f3c:	420a      	tst	r2, r1
10004f3e:	d100      	bne.n	10004f42 <dcd_edpt_clear_stall+0xe>
10004f40:	bd10      	pop	{r4, pc}
10004f42:	09c9      	lsrs	r1, r1, #7
10004f44:	005b      	lsls	r3, r3, #1
10004f46:	185b      	adds	r3, r3, r1
10004f48:	4804      	ldr	r0, [pc, #16]	@ (10004f5c <dcd_edpt_clear_stall+0x28>)
10004f4a:	015b      	lsls	r3, r3, #5
10004f4c:	18c0      	adds	r0, r0, r3
10004f4e:	2300      	movs	r3, #0
10004f50:	2200      	movs	r2, #0
10004f52:	4903      	ldr	r1, [pc, #12]	@ (10004f60 <dcd_edpt_clear_stall+0x2c>)
10004f54:	70c3      	strb	r3, [r0, #3]
10004f56:	f001 fd1b 	bl	10006990 <___hw_endpoint_buffer_control_update32_veneer>
10004f5a:	e7f1      	b.n	10004f40 <dcd_edpt_clear_stall+0xc>
10004f5c:	200017e4 	.word	0x200017e4
10004f60:	fffff7ff 	.word	0xfffff7ff

10004f64 <rp2040_usb_init>:
10004f64:	2280      	movs	r2, #128	@ 0x80
10004f66:	4b0d      	ldr	r3, [pc, #52]	@ (10004f9c <rp2040_usb_init+0x38>)
10004f68:	0452      	lsls	r2, r2, #17
10004f6a:	b510      	push	{r4, lr}
10004f6c:	601a      	str	r2, [r3, #0]
10004f6e:	4b0c      	ldr	r3, [pc, #48]	@ (10004fa0 <rp2040_usb_init+0x3c>)
10004f70:	490c      	ldr	r1, [pc, #48]	@ (10004fa4 <rp2040_usb_init+0x40>)
10004f72:	601a      	str	r2, [r3, #0]
10004f74:	0010      	movs	r0, r2
10004f76:	688b      	ldr	r3, [r1, #8]
10004f78:	4398      	bics	r0, r3
10004f7a:	d1fb      	bne.n	10004f74 <rp2040_usb_init+0x10>
10004f7c:	4c0a      	ldr	r4, [pc, #40]	@ (10004fa8 <rp2040_usb_init+0x44>)
10004f7e:	229c      	movs	r2, #156	@ 0x9c
10004f80:	2100      	movs	r1, #0
10004f82:	0020      	movs	r0, r4
10004f84:	f7ff f954 	bl	10004230 <__wrap_memset>
10004f88:	2280      	movs	r2, #128	@ 0x80
10004f8a:	2100      	movs	r1, #0
10004f8c:	0152      	lsls	r2, r2, #5
10004f8e:	4807      	ldr	r0, [pc, #28]	@ (10004fac <rp2040_usb_init+0x48>)
10004f90:	f7ff f94e 	bl	10004230 <__wrap_memset>
10004f94:	2309      	movs	r3, #9
10004f96:	6763      	str	r3, [r4, #116]	@ 0x74
10004f98:	bd10      	pop	{r4, pc}
10004f9a:	46c0      	nop			@ (mov r8, r8)
10004f9c:	4000e000 	.word	0x4000e000
10004fa0:	4000f000 	.word	0x4000f000
10004fa4:	4000c000 	.word	0x4000c000
10004fa8:	50110000 	.word	0x50110000
10004fac:	50100000 	.word	0x50100000

10004fb0 <hw_endpoint_xfer_start>:
10004fb0:	2300      	movs	r3, #0
10004fb2:	b510      	push	{r4, lr}
10004fb4:	82c3      	strh	r3, [r0, #22]
10004fb6:	3301      	adds	r3, #1
10004fb8:	8282      	strh	r2, [r0, #20]
10004fba:	7683      	strb	r3, [r0, #26]
10004fbc:	6101      	str	r1, [r0, #16]
10004fbe:	0004      	movs	r4, r0
10004fc0:	f001 fcde 	bl	10006980 <__e15_is_bulkin_ep_veneer>
10004fc4:	2800      	cmp	r0, #0
10004fc6:	d004      	beq.n	10004fd2 <hw_endpoint_xfer_start+0x22>
10004fc8:	2180      	movs	r1, #128	@ 0x80
10004fca:	2390      	movs	r3, #144	@ 0x90
10004fcc:	4a07      	ldr	r2, [pc, #28]	@ (10004fec <hw_endpoint_xfer_start+0x3c>)
10004fce:	0289      	lsls	r1, r1, #10
10004fd0:	50d1      	str	r1, [r2, r3]
10004fd2:	0020      	movs	r0, r4
10004fd4:	f001 fc84 	bl	100068e0 <__e15_is_critical_frame_period_veneer>
10004fd8:	2800      	cmp	r0, #0
10004fda:	d002      	beq.n	10004fe2 <hw_endpoint_xfer_start+0x32>
10004fdc:	2301      	movs	r3, #1
10004fde:	7723      	strb	r3, [r4, #28]
10004fe0:	bd10      	pop	{r4, pc}
10004fe2:	0020      	movs	r0, r4
10004fe4:	f001 fcc4 	bl	10006970 <__hw_endpoint_start_next_buffer_veneer>
10004fe8:	e7fa      	b.n	10004fe0 <hw_endpoint_xfer_start+0x30>
10004fea:	46c0      	nop			@ (mov r8, r8)
10004fec:	50112000 	.word	0x50112000

10004ff0 <tud_mounted>:
10004ff0:	4b02      	ldr	r3, [pc, #8]	@ (10004ffc <tud_mounted+0xc>)
10004ff2:	7858      	ldrb	r0, [r3, #1]
10004ff4:	1e43      	subs	r3, r0, #1
10004ff6:	4198      	sbcs	r0, r3
10004ff8:	b2c0      	uxtb	r0, r0
10004ffa:	4770      	bx	lr
10004ffc:	20001538 	.word	0x20001538

10005000 <tud_suspended>:
10005000:	4b02      	ldr	r3, [pc, #8]	@ (1000500c <tud_suspended+0xc>)
10005002:	7818      	ldrb	r0, [r3, #0]
10005004:	0740      	lsls	r0, r0, #29
10005006:	0fc0      	lsrs	r0, r0, #31
10005008:	4770      	bx	lr
1000500a:	46c0      	nop			@ (mov r8, r8)
1000500c:	20001538 	.word	0x20001538

10005010 <tud_inited>:
10005010:	4b03      	ldr	r3, [pc, #12]	@ (10005020 <tud_inited+0x10>)
10005012:	7818      	ldrb	r0, [r3, #0]
10005014:	38ff      	subs	r0, #255	@ 0xff
10005016:	1e43      	subs	r3, r0, #1
10005018:	4198      	sbcs	r0, r3
1000501a:	b2c0      	uxtb	r0, r0
1000501c:	4770      	bx	lr
1000501e:	46c0      	nop			@ (mov r8, r8)
10005020:	20000ebc 	.word	0x20000ebc

10005024 <tud_init>:
10005024:	b5f8      	push	{r3, r4, r5, r6, r7, lr}
10005026:	46ce      	mov	lr, r9
10005028:	4647      	mov	r7, r8
1000502a:	b580      	push	{r7, lr}
1000502c:	4e2a      	ldr	r6, [pc, #168]	@ (100050d8 <tud_init+0xb4>)
1000502e:	0005      	movs	r5, r0
10005030:	7833      	ldrb	r3, [r6, #0]
10005032:	2bff      	cmp	r3, #255	@ 0xff
10005034:	d001      	beq.n	1000503a <tud_init+0x16>
10005036:	2001      	movs	r0, #1
10005038:	e03d      	b.n	100050b6 <tud_init+0x92>
1000503a:	2253      	movs	r2, #83	@ 0x53
1000503c:	2100      	movs	r1, #0
1000503e:	4827      	ldr	r0, [pc, #156]	@ (100050dc <tud_init+0xb8>)
10005040:	f7ff f8f6 	bl	10004230 <__wrap_memset>
10005044:	4c26      	ldr	r4, [pc, #152]	@ (100050e0 <tud_init+0xbc>)
10005046:	0020      	movs	r0, r4
10005048:	f7fb fce2 	bl	10000a10 <mutex_init>
1000504c:	4b25      	ldr	r3, [pc, #148]	@ (100050e4 <tud_init+0xc0>)
1000504e:	601c      	str	r4, [r3, #0]
10005050:	4c25      	ldr	r4, [pc, #148]	@ (100050e8 <tud_init+0xc4>)
10005052:	0020      	movs	r0, r4
10005054:	3c14      	subs	r4, #20
10005056:	f7fb fcf7 	bl	10000a48 <critical_section_init>
1000505a:	0020      	movs	r0, r4
1000505c:	f001 fbcc 	bl	100067f8 <tu_fifo_clear>
10005060:	4b22      	ldr	r3, [pc, #136]	@ (100050ec <tud_init+0xc8>)
10005062:	4f23      	ldr	r7, [pc, #140]	@ (100050f0 <tud_init+0xcc>)
10005064:	601c      	str	r4, [r3, #0]
10005066:	4b23      	ldr	r3, [pc, #140]	@ (100050f4 <tud_init+0xd0>)
10005068:	4698      	mov	r8, r3
1000506a:	2f00      	cmp	r7, #0
1000506c:	d01e      	beq.n	100050ac <tud_init+0x88>
1000506e:	0018      	movs	r0, r3
10005070:	f7ff fb02 	bl	10004678 <usbd_app_driver_get_cb>
10005074:	4b20      	ldr	r3, [pc, #128]	@ (100050f8 <tud_init+0xd4>)
10005076:	6018      	str	r0, [r3, #0]
10005078:	4643      	mov	r3, r8
1000507a:	781b      	ldrb	r3, [r3, #0]
1000507c:	4a1f      	ldr	r2, [pc, #124]	@ (100050fc <tud_init+0xd8>)
1000507e:	2400      	movs	r4, #0
10005080:	4691      	mov	r9, r2
10005082:	2f00      	cmp	r7, #0
10005084:	d014      	beq.n	100050b0 <tud_init+0x8c>
10005086:	464a      	mov	r2, r9
10005088:	42a3      	cmp	r3, r4
1000508a:	d81a      	bhi.n	100050c2 <tud_init+0x9e>
1000508c:	4790      	blx	r2
1000508e:	4643      	mov	r3, r8
10005090:	3401      	adds	r4, #1
10005092:	781b      	ldrb	r3, [r3, #0]
10005094:	b2e4      	uxtb	r4, r4
10005096:	42a3      	cmp	r3, r4
10005098:	d2f3      	bcs.n	10005082 <tud_init+0x5e>
1000509a:	0028      	movs	r0, r5
1000509c:	7035      	strb	r5, [r6, #0]
1000509e:	f7ff fe3b 	bl	10004d18 <dcd_init>
100050a2:	0028      	movs	r0, r5
100050a4:	f7ff fe20 	bl	10004ce8 <dcd_int_enable>
100050a8:	2001      	movs	r0, #1
100050aa:	e004      	b.n	100050b6 <tud_init+0x92>
100050ac:	781b      	ldrb	r3, [r3, #0]
100050ae:	e7e5      	b.n	1000507c <tud_init+0x58>
100050b0:	2c00      	cmp	r4, #0
100050b2:	d004      	beq.n	100050be <tud_init+0x9a>
100050b4:	2000      	movs	r0, #0
100050b6:	bcc0      	pop	{r6, r7}
100050b8:	46b9      	mov	r9, r7
100050ba:	46b0      	mov	r8, r6
100050bc:	bdf8      	pop	{r3, r4, r5, r6, r7, pc}
100050be:	4a0f      	ldr	r2, [pc, #60]	@ (100050fc <tud_init+0xd8>)
100050c0:	e7e4      	b.n	1000508c <tud_init+0x68>
100050c2:	4a0d      	ldr	r2, [pc, #52]	@ (100050f8 <tud_init+0xd4>)
100050c4:	0063      	lsls	r3, r4, #1
100050c6:	6812      	ldr	r2, [r2, #0]
100050c8:	191b      	adds	r3, r3, r4
100050ca:	00db      	lsls	r3, r3, #3
100050cc:	18d3      	adds	r3, r2, r3
100050ce:	2b00      	cmp	r3, #0
100050d0:	d0f0      	beq.n	100050b4 <tud_init+0x90>
100050d2:	681a      	ldr	r2, [r3, #0]
100050d4:	e7da      	b.n	1000508c <tud_init+0x68>
100050d6:	46c0      	nop			@ (mov r8, r8)
100050d8:	20000ebc 	.word	0x20000ebc
100050dc:	20001538 	.word	0x20001538
100050e0:	200014f0 	.word	0x200014f0
100050e4:	2000158c 	.word	0x2000158c
100050e8:	20000eb4 	.word	0x20000eb4
100050ec:	20001590 	.word	0x20001590
100050f0:	10004679 	.word	0x10004679
100050f4:	20001c59 	.word	0x20001c59
100050f8:	20001210 	.word	0x20001210
100050fc:	10005e89 	.word	0x10005e89

10005100 <tud_task_ext>:
10005100:	b5f0      	push	{r4, r5, r6, r7, lr}
10005102:	46de      	mov	lr, fp
10005104:	4657      	mov	r7, sl
10005106:	464e      	mov	r6, r9
10005108:	4645      	mov	r5, r8
1000510a:	b5e0      	push	{r5, r6, r7, lr}
1000510c:	b091      	sub	sp, #68	@ 0x44
1000510e:	f001 f897 	bl	10006240 <tusb_inited>
10005112:	2800      	cmp	r0, #0
10005114:	d100      	bne.n	10005118 <tud_task_ext+0x18>
10005116:	e0fc      	b.n	10005312 <tud_task_ext+0x212>
10005118:	4bc3      	ldr	r3, [pc, #780]	@ (10005428 <tud_task_ext+0x328>)
1000511a:	4ec4      	ldr	r6, [pc, #784]	@ (1000542c <tud_task_ext+0x32c>)
1000511c:	4699      	mov	r9, r3
1000511e:	4bc4      	ldr	r3, [pc, #784]	@ (10005430 <tud_task_ext+0x330>)
10005120:	ac0d      	add	r4, sp, #52	@ 0x34
10005122:	9302      	str	r3, [sp, #8]
10005124:	4bc3      	ldr	r3, [pc, #780]	@ (10005434 <tud_task_ext+0x334>)
10005126:	469b      	mov	fp, r3
10005128:	464b      	mov	r3, r9
1000512a:	9301      	str	r3, [sp, #4]
1000512c:	6835      	ldr	r5, [r6, #0]
1000512e:	696a      	ldr	r2, [r5, #20]
10005130:	f3ef 8110 	mrs	r1, PRIMASK
10005134:	b672      	cpsid	i
10005136:	6813      	ldr	r3, [r2, #0]
10005138:	2b00      	cmp	r3, #0
1000513a:	d0fc      	beq.n	10005136 <tud_task_ext+0x36>
1000513c:	f3bf 8f5f 	dmb	sy
10005140:	61a9      	str	r1, [r5, #24]
10005142:	0028      	movs	r0, r5
10005144:	0021      	movs	r1, r4
10005146:	f001 f985 	bl	10006454 <tu_fifo_read>
1000514a:	696a      	ldr	r2, [r5, #20]
1000514c:	69ab      	ldr	r3, [r5, #24]
1000514e:	f3bf 8f5f 	dmb	sy
10005152:	2100      	movs	r1, #0
10005154:	6011      	str	r1, [r2, #0]
10005156:	f383 8810 	msr	PRIMASK, r3
1000515a:	2800      	cmp	r0, #0
1000515c:	d100      	bne.n	10005160 <tud_task_ext+0x60>
1000515e:	e0d8      	b.n	10005312 <tud_task_ext+0x212>
10005160:	7863      	ldrb	r3, [r4, #1]
10005162:	2b08      	cmp	r3, #8
10005164:	d8e2      	bhi.n	1000512c <tud_task_ext+0x2c>
10005166:	9a01      	ldr	r2, [sp, #4]
10005168:	009b      	lsls	r3, r3, #2
1000516a:	58d3      	ldr	r3, [r2, r3]
1000516c:	469f      	mov	pc, r3
1000516e:	6863      	ldr	r3, [r4, #4]
10005170:	2b00      	cmp	r3, #0
10005172:	d0db      	beq.n	1000512c <tud_task_ext+0x2c>
10005174:	68a0      	ldr	r0, [r4, #8]
10005176:	4798      	blx	r3
10005178:	e7d8      	b.n	1000512c <tud_task_ext+0x2c>
1000517a:	207f      	movs	r0, #127	@ 0x7f
1000517c:	7921      	ldrb	r1, [r4, #4]
1000517e:	4dac      	ldr	r5, [pc, #688]	@ (10005430 <tud_task_ext+0x330>)
10005180:	4008      	ands	r0, r1
10005182:	0043      	lsls	r3, r0, #1
10005184:	09ca      	lsrs	r2, r1, #7
10005186:	18eb      	adds	r3, r5, r3
10005188:	189b      	adds	r3, r3, r2
1000518a:	001d      	movs	r5, r3
1000518c:	2701      	movs	r7, #1
1000518e:	3530      	adds	r5, #48	@ 0x30
10005190:	78ea      	ldrb	r2, [r5, #3]
10005192:	43ba      	bics	r2, r7
10005194:	70ea      	strb	r2, [r5, #3]
10005196:	78ea      	ldrb	r2, [r5, #3]
10005198:	3703      	adds	r7, #3
1000519a:	43ba      	bics	r2, r7
1000519c:	70ea      	strb	r2, [r5, #3]
1000519e:	2800      	cmp	r0, #0
100051a0:	d100      	bne.n	100051a4 <tud_task_ext+0xa4>
100051a2:	e0f2      	b.n	1000538a <tud_task_ext+0x28a>
100051a4:	4fa4      	ldr	r7, [pc, #656]	@ (10005438 <tud_task_ext+0x338>)
100051a6:	7cdb      	ldrb	r3, [r3, #19]
100051a8:	2f00      	cmp	r7, #0
100051aa:	d006      	beq.n	100051ba <tud_task_ext+0xba>
100051ac:	4aa3      	ldr	r2, [pc, #652]	@ (1000543c <tud_task_ext+0x33c>)
100051ae:	7812      	ldrb	r2, [r2, #0]
100051b0:	4293      	cmp	r3, r2
100051b2:	d200      	bcs.n	100051b6 <tud_task_ext+0xb6>
100051b4:	e0f1      	b.n	1000539a <tud_task_ext+0x29a>
100051b6:	1a9b      	subs	r3, r3, r2
100051b8:	b2db      	uxtb	r3, r3
100051ba:	2b00      	cmp	r3, #0
100051bc:	d000      	beq.n	100051c0 <tud_task_ext+0xc0>
100051be:	e0a8      	b.n	10005312 <tud_task_ext+0x212>
100051c0:	4d9f      	ldr	r5, [pc, #636]	@ (10005440 <tud_task_ext+0x340>)
100051c2:	68a3      	ldr	r3, [r4, #8]
100051c4:	7962      	ldrb	r2, [r4, #5]
100051c6:	7820      	ldrb	r0, [r4, #0]
100051c8:	47a8      	blx	r5
100051ca:	e7af      	b.n	1000512c <tud_task_ext+0x2c>
100051cc:	2201      	movs	r2, #1
100051ce:	4d98      	ldr	r5, [pc, #608]	@ (10005430 <tud_task_ext+0x330>)
100051d0:	2001      	movs	r0, #1
100051d2:	782b      	ldrb	r3, [r5, #0]
100051d4:	2104      	movs	r1, #4
100051d6:	4313      	orrs	r3, r2
100051d8:	702b      	strb	r3, [r5, #0]
100051da:	2333      	movs	r3, #51	@ 0x33
100051dc:	5cea      	ldrb	r2, [r5, r3]
100051de:	4382      	bics	r2, r0
100051e0:	54ea      	strb	r2, [r5, r3]
100051e2:	5cea      	ldrb	r2, [r5, r3]
100051e4:	438a      	bics	r2, r1
100051e6:	54ea      	strb	r2, [r5, r3]
100051e8:	3301      	adds	r3, #1
100051ea:	5cea      	ldrb	r2, [r5, r3]
100051ec:	4382      	bics	r2, r0
100051ee:	54ea      	strb	r2, [r5, r3]
100051f0:	5cea      	ldrb	r2, [r5, r3]
100051f2:	2000      	movs	r0, #0
100051f4:	438a      	bics	r2, r1
100051f6:	54ea      	strb	r2, [r5, r3]
100051f8:	7823      	ldrb	r3, [r4, #0]
100051fa:	469a      	mov	sl, r3
100051fc:	f000 fcf8 	bl	10005bf0 <usbd_control_set_complete_callback>
10005200:	2260      	movs	r2, #96	@ 0x60
10005202:	7923      	ldrb	r3, [r4, #4]
10005204:	401a      	ands	r2, r3
10005206:	2a60      	cmp	r2, #96	@ 0x60
10005208:	d100      	bne.n	1000520c <tud_task_ext+0x10c>
1000520a:	e0b5      	b.n	10005378 <tud_task_ext+0x278>
1000520c:	2a40      	cmp	r2, #64	@ 0x40
1000520e:	d100      	bne.n	10005212 <tud_task_ext+0x112>
10005210:	e0af      	b.n	10005372 <tud_task_ext+0x272>
10005212:	06db      	lsls	r3, r3, #27
10005214:	0edb      	lsrs	r3, r3, #27
10005216:	2b01      	cmp	r3, #1
10005218:	d100      	bne.n	1000521c <tud_task_ext+0x11c>
1000521a:	e0d3      	b.n	100053c4 <tud_task_ext+0x2c4>
1000521c:	2b02      	cmp	r3, #2
1000521e:	d100      	bne.n	10005222 <tud_task_ext+0x122>
10005220:	e120      	b.n	10005464 <tud_task_ext+0x364>
10005222:	2b00      	cmp	r3, #0
10005224:	d000      	beq.n	10005228 <tud_task_ext+0x128>
10005226:	e0a7      	b.n	10005378 <tud_task_ext+0x278>
10005228:	2a20      	cmp	r2, #32
1000522a:	d100      	bne.n	1000522e <tud_task_ext+0x12e>
1000522c:	e153      	b.n	100054d6 <tud_task_ext+0x3d6>
1000522e:	2a00      	cmp	r2, #0
10005230:	d000      	beq.n	10005234 <tud_task_ext+0x134>
10005232:	e0a1      	b.n	10005378 <tud_task_ext+0x278>
10005234:	7963      	ldrb	r3, [r4, #5]
10005236:	2b09      	cmp	r3, #9
10005238:	d900      	bls.n	1000523c <tud_task_ext+0x13c>
1000523a:	e09d      	b.n	10005378 <tud_task_ext+0x278>
1000523c:	4a81      	ldr	r2, [pc, #516]	@ (10005444 <tud_task_ext+0x344>)
1000523e:	009b      	lsls	r3, r3, #2
10005240:	58d3      	ldr	r3, [r2, r3]
10005242:	469f      	mov	pc, r3
10005244:	9b02      	ldr	r3, [sp, #8]
10005246:	781b      	ldrb	r3, [r3, #0]
10005248:	07db      	lsls	r3, r3, #31
1000524a:	d400      	bmi.n	1000524e <tud_task_ext+0x14e>
1000524c:	e76e      	b.n	1000512c <tud_task_ext+0x2c>
1000524e:	4b7e      	ldr	r3, [pc, #504]	@ (10005448 <tud_task_ext+0x348>)
10005250:	2b00      	cmp	r3, #0
10005252:	d100      	bne.n	10005256 <tud_task_ext+0x156>
10005254:	e76a      	b.n	1000512c <tud_task_ext+0x2c>
10005256:	e000      	b.n	1000525a <tud_task_ext+0x15a>
10005258:	bf00      	nop
1000525a:	e767      	b.n	1000512c <tud_task_ext+0x2c>
1000525c:	4d74      	ldr	r5, [pc, #464]	@ (10005430 <tud_task_ext+0x330>)
1000525e:	782b      	ldrb	r3, [r5, #0]
10005260:	07db      	lsls	r3, r3, #31
10005262:	d400      	bmi.n	10005266 <tud_task_ext+0x166>
10005264:	e762      	b.n	1000512c <tud_task_ext+0x2c>
10005266:	4b79      	ldr	r3, [pc, #484]	@ (1000544c <tud_task_ext+0x34c>)
10005268:	2b00      	cmp	r3, #0
1000526a:	d100      	bne.n	1000526e <tud_task_ext+0x16e>
1000526c:	e75e      	b.n	1000512c <tud_task_ext+0x2c>
1000526e:	7828      	ldrb	r0, [r5, #0]
10005270:	0700      	lsls	r0, r0, #28
10005272:	0fc0      	lsrs	r0, r0, #31
10005274:	e000      	b.n	10005278 <tud_task_ext+0x178>
10005276:	bf00      	nop
10005278:	e758      	b.n	1000512c <tud_task_ext+0x2c>
1000527a:	2500      	movs	r5, #0
1000527c:	7823      	ldrb	r3, [r4, #0]
1000527e:	4f6e      	ldr	r7, [pc, #440]	@ (10005438 <tud_task_ext+0x338>)
10005280:	469a      	mov	sl, r3
10005282:	4b6e      	ldr	r3, [pc, #440]	@ (1000543c <tud_task_ext+0x33c>)
10005284:	4698      	mov	r8, r3
10005286:	781b      	ldrb	r3, [r3, #0]
10005288:	2f00      	cmp	r7, #0
1000528a:	d049      	beq.n	10005320 <tud_task_ext+0x220>
1000528c:	465a      	mov	r2, fp
1000528e:	42ab      	cmp	r3, r5
10005290:	d863      	bhi.n	1000535a <tud_task_ext+0x25a>
10005292:	4650      	mov	r0, sl
10005294:	4790      	blx	r2
10005296:	4643      	mov	r3, r8
10005298:	3501      	adds	r5, #1
1000529a:	781b      	ldrb	r3, [r3, #0]
1000529c:	b2ed      	uxtb	r5, r5
1000529e:	42ab      	cmp	r3, r5
100052a0:	d2f2      	bcs.n	10005288 <tud_task_ext+0x188>
100052a2:	4d63      	ldr	r5, [pc, #396]	@ (10005430 <tud_task_ext+0x330>)
100052a4:	2253      	movs	r2, #83	@ 0x53
100052a6:	2100      	movs	r1, #0
100052a8:	0028      	movs	r0, r5
100052aa:	f7fe ffc1 	bl	10004230 <__wrap_memset>
100052ae:	2210      	movs	r2, #16
100052b0:	21ff      	movs	r1, #255	@ 0xff
100052b2:	1ce8      	adds	r0, r5, #3
100052b4:	f7fe ffbc 	bl	10004230 <__wrap_memset>
100052b8:	0028      	movs	r0, r5
100052ba:	2220      	movs	r2, #32
100052bc:	21ff      	movs	r1, #255	@ 0xff
100052be:	3013      	adds	r0, #19
100052c0:	f7fe ffb6 	bl	10004230 <__wrap_memset>
100052c4:	e02e      	b.n	10005324 <tud_task_ext+0x224>
100052c6:	2500      	movs	r5, #0
100052c8:	7823      	ldrb	r3, [r4, #0]
100052ca:	4f5b      	ldr	r7, [pc, #364]	@ (10005438 <tud_task_ext+0x338>)
100052cc:	469a      	mov	sl, r3
100052ce:	4b5b      	ldr	r3, [pc, #364]	@ (1000543c <tud_task_ext+0x33c>)
100052d0:	4698      	mov	r8, r3
100052d2:	781b      	ldrb	r3, [r3, #0]
100052d4:	2f00      	cmp	r7, #0
100052d6:	d02e      	beq.n	10005336 <tud_task_ext+0x236>
100052d8:	465a      	mov	r2, fp
100052da:	429d      	cmp	r5, r3
100052dc:	d333      	bcc.n	10005346 <tud_task_ext+0x246>
100052de:	4650      	mov	r0, sl
100052e0:	4790      	blx	r2
100052e2:	4643      	mov	r3, r8
100052e4:	3501      	adds	r5, #1
100052e6:	781b      	ldrb	r3, [r3, #0]
100052e8:	b2ed      	uxtb	r5, r5
100052ea:	42ab      	cmp	r3, r5
100052ec:	d2f2      	bcs.n	100052d4 <tud_task_ext+0x1d4>
100052ee:	4d50      	ldr	r5, [pc, #320]	@ (10005430 <tud_task_ext+0x330>)
100052f0:	2253      	movs	r2, #83	@ 0x53
100052f2:	2100      	movs	r1, #0
100052f4:	0028      	movs	r0, r5
100052f6:	f7fe ff9b 	bl	10004230 <__wrap_memset>
100052fa:	2210      	movs	r2, #16
100052fc:	21ff      	movs	r1, #255	@ 0xff
100052fe:	1ce8      	adds	r0, r5, #3
10005300:	f7fe ff96 	bl	10004230 <__wrap_memset>
10005304:	0028      	movs	r0, r5
10005306:	2220      	movs	r2, #32
10005308:	21ff      	movs	r1, #255	@ 0xff
1000530a:	3013      	adds	r0, #19
1000530c:	f7fe ff90 	bl	10004230 <__wrap_memset>
10005310:	e014      	b.n	1000533c <tud_task_ext+0x23c>
10005312:	b011      	add	sp, #68	@ 0x44
10005314:	bcf0      	pop	{r4, r5, r6, r7}
10005316:	46bb      	mov	fp, r7
10005318:	46b2      	mov	sl, r6
1000531a:	46a9      	mov	r9, r5
1000531c:	46a0      	mov	r8, r4
1000531e:	bdf0      	pop	{r4, r5, r6, r7, pc}
10005320:	2d00      	cmp	r5, #0
10005322:	d038      	beq.n	10005396 <tud_task_ext+0x296>
10005324:	f000 fc5a 	bl	10005bdc <usbd_control_reset>
10005328:	4b49      	ldr	r3, [pc, #292]	@ (10005450 <tud_task_ext+0x350>)
1000532a:	2b00      	cmp	r3, #0
1000532c:	d100      	bne.n	10005330 <tud_task_ext+0x230>
1000532e:	e6fd      	b.n	1000512c <tud_task_ext+0x2c>
10005330:	e000      	b.n	10005334 <tud_task_ext+0x234>
10005332:	bf00      	nop
10005334:	e6fa      	b.n	1000512c <tud_task_ext+0x2c>
10005336:	2d00      	cmp	r5, #0
10005338:	d019      	beq.n	1000536e <tud_task_ext+0x26e>
1000533a:	4d3d      	ldr	r5, [pc, #244]	@ (10005430 <tud_task_ext+0x330>)
1000533c:	f000 fc4e 	bl	10005bdc <usbd_control_reset>
10005340:	7923      	ldrb	r3, [r4, #4]
10005342:	70ab      	strb	r3, [r5, #2]
10005344:	e6f2      	b.n	1000512c <tud_task_ext+0x2c>
10005346:	4a43      	ldr	r2, [pc, #268]	@ (10005454 <tud_task_ext+0x354>)
10005348:	006b      	lsls	r3, r5, #1
1000534a:	6812      	ldr	r2, [r2, #0]
1000534c:	195b      	adds	r3, r3, r5
1000534e:	00db      	lsls	r3, r3, #3
10005350:	18d3      	adds	r3, r2, r3
10005352:	2b00      	cmp	r3, #0
10005354:	d0f1      	beq.n	1000533a <tud_task_ext+0x23a>
10005356:	685a      	ldr	r2, [r3, #4]
10005358:	e7c1      	b.n	100052de <tud_task_ext+0x1de>
1000535a:	4a3e      	ldr	r2, [pc, #248]	@ (10005454 <tud_task_ext+0x354>)
1000535c:	006b      	lsls	r3, r5, #1
1000535e:	6812      	ldr	r2, [r2, #0]
10005360:	195b      	adds	r3, r3, r5
10005362:	00db      	lsls	r3, r3, #3
10005364:	18d3      	adds	r3, r2, r3
10005366:	2b00      	cmp	r3, #0
10005368:	d0dc      	beq.n	10005324 <tud_task_ext+0x224>
1000536a:	685a      	ldr	r2, [r3, #4]
1000536c:	e791      	b.n	10005292 <tud_task_ext+0x192>
1000536e:	4a31      	ldr	r2, [pc, #196]	@ (10005434 <tud_task_ext+0x334>)
10005370:	e7b5      	b.n	100052de <tud_task_ext+0x1de>
10005372:	4839      	ldr	r0, [pc, #228]	@ (10005458 <tud_task_ext+0x358>)
10005374:	2800      	cmp	r0, #0
10005376:	d11a      	bne.n	100053ae <tud_task_ext+0x2ae>
10005378:	7820      	ldrb	r0, [r4, #0]
1000537a:	2100      	movs	r1, #0
1000537c:	f7ff fdc0 	bl	10004f00 <dcd_edpt_stall>
10005380:	2180      	movs	r1, #128	@ 0x80
10005382:	7820      	ldrb	r0, [r4, #0]
10005384:	f7ff fdbc 	bl	10004f00 <dcd_edpt_stall>
10005388:	e6d0      	b.n	1000512c <tud_task_ext+0x2c>
1000538a:	68a3      	ldr	r3, [r4, #8]
1000538c:	7962      	ldrb	r2, [r4, #5]
1000538e:	7820      	ldrb	r0, [r4, #0]
10005390:	f000 fc42 	bl	10005c18 <usbd_control_xfer_cb>
10005394:	e6ca      	b.n	1000512c <tud_task_ext+0x2c>
10005396:	4a27      	ldr	r2, [pc, #156]	@ (10005434 <tud_task_ext+0x334>)
10005398:	e77b      	b.n	10005292 <tud_task_ext+0x192>
1000539a:	4a2e      	ldr	r2, [pc, #184]	@ (10005454 <tud_task_ext+0x354>)
1000539c:	0058      	lsls	r0, r3, #1
1000539e:	6812      	ldr	r2, [r2, #0]
100053a0:	18c3      	adds	r3, r0, r3
100053a2:	00db      	lsls	r3, r3, #3
100053a4:	18d3      	adds	r3, r2, r3
100053a6:	2b00      	cmp	r3, #0
100053a8:	d0b3      	beq.n	10005312 <tud_task_ext+0x212>
100053aa:	691d      	ldr	r5, [r3, #16]
100053ac:	e709      	b.n	100051c2 <tud_task_ext+0xc2>
100053ae:	f000 fc1f 	bl	10005bf0 <usbd_control_set_complete_callback>
100053b2:	2101      	movs	r1, #1
100053b4:	4650      	mov	r0, sl
100053b6:	aa0e      	add	r2, sp, #56	@ 0x38
100053b8:	e000      	b.n	100053bc <tud_task_ext+0x2bc>
100053ba:	bf00      	nop
100053bc:	2800      	cmp	r0, #0
100053be:	d000      	beq.n	100053c2 <tud_task_ext+0x2c2>
100053c0:	e6b4      	b.n	1000512c <tud_task_ext+0x2c>
100053c2:	e7d9      	b.n	10005378 <tud_task_ext+0x278>
100053c4:	7a23      	ldrb	r3, [r4, #8]
100053c6:	2b0f      	cmp	r3, #15
100053c8:	d8d6      	bhi.n	10005378 <tud_task_ext+0x278>
100053ca:	4f1b      	ldr	r7, [pc, #108]	@ (10005438 <tud_task_ext+0x338>)
100053cc:	18eb      	adds	r3, r5, r3
100053ce:	78db      	ldrb	r3, [r3, #3]
100053d0:	2f00      	cmp	r7, #0
100053d2:	d006      	beq.n	100053e2 <tud_task_ext+0x2e2>
100053d4:	4a19      	ldr	r2, [pc, #100]	@ (1000543c <tud_task_ext+0x33c>)
100053d6:	7812      	ldrb	r2, [r2, #0]
100053d8:	4293      	cmp	r3, r2
100053da:	d200      	bcs.n	100053de <tud_task_ext+0x2de>
100053dc:	e09c      	b.n	10005518 <tud_task_ext+0x418>
100053de:	1a9b      	subs	r3, r3, r2
100053e0:	b2db      	uxtb	r3, r3
100053e2:	2b00      	cmp	r3, #0
100053e4:	d1c8      	bne.n	10005378 <tud_task_ext+0x278>
100053e6:	481d      	ldr	r0, [pc, #116]	@ (1000545c <tud_task_ext+0x35c>)
100053e8:	4d1d      	ldr	r5, [pc, #116]	@ (10005460 <tud_task_ext+0x360>)
100053ea:	f000 fc01 	bl	10005bf0 <usbd_control_set_complete_callback>
100053ee:	2101      	movs	r1, #1
100053f0:	4650      	mov	r0, sl
100053f2:	68eb      	ldr	r3, [r5, #12]
100053f4:	aa0e      	add	r2, sp, #56	@ 0x38
100053f6:	4798      	blx	r3
100053f8:	2800      	cmp	r0, #0
100053fa:	d000      	beq.n	100053fe <tud_task_ext+0x2fe>
100053fc:	e696      	b.n	1000512c <tud_task_ext+0x2c>
100053fe:	2260      	movs	r2, #96	@ 0x60
10005400:	0015      	movs	r5, r2
10005402:	7923      	ldrb	r3, [r4, #4]
10005404:	401d      	ands	r5, r3
10005406:	421a      	tst	r2, r3
10005408:	d1b6      	bne.n	10005378 <tud_task_ext+0x278>
1000540a:	7963      	ldrb	r3, [r4, #5]
1000540c:	3b0a      	subs	r3, #10
1000540e:	2b01      	cmp	r3, #1
10005410:	d8b2      	bhi.n	10005378 <tud_task_ext+0x278>
10005412:	f000 fbed 	bl	10005bf0 <usbd_control_set_complete_callback>
10005416:	7963      	ldrb	r3, [r4, #5]
10005418:	2b0a      	cmp	r3, #10
1000541a:	d100      	bne.n	1000541e <tud_task_ext+0x31e>
1000541c:	e17d      	b.n	1000571a <tud_task_ext+0x61a>
1000541e:	4650      	mov	r0, sl
10005420:	a90e      	add	r1, sp, #56	@ 0x38
10005422:	f000 fb6f 	bl	10005b04 <tud_control_status>
10005426:	e681      	b.n	1000512c <tud_task_ext+0x2c>
10005428:	10006dec 	.word	0x10006dec
1000542c:	20001590 	.word	0x20001590
10005430:	20001538 	.word	0x20001538
10005434:	10005f05 	.word	0x10005f05
10005438:	10004679 	.word	0x10004679
1000543c:	20001c59 	.word	0x20001c59
10005440:	100060f9 	.word	0x100060f9
10005444:	10006e10 	.word	0x10006e10
	...
10005454:	20001210 	.word	0x20001210
10005458:	00000000 	.word	0x00000000
1000545c:	10006015 	.word	0x10006015
10005460:	10006e78 	.word	0x10006e78
10005464:	2370      	movs	r3, #112	@ 0x70
10005466:	7a21      	ldrb	r1, [r4, #8]
10005468:	420b      	tst	r3, r1
1000546a:	d185      	bne.n	10005378 <tud_task_ext+0x278>
1000546c:	09c8      	lsrs	r0, r1, #7
1000546e:	4684      	mov	ip, r0
10005470:	330f      	adds	r3, #15
10005472:	400b      	ands	r3, r1
10005474:	005b      	lsls	r3, r3, #1
10005476:	18e8      	adds	r0, r5, r3
10005478:	4460      	add	r0, ip
1000547a:	7cc0      	ldrb	r0, [r0, #19]
1000547c:	4fb1      	ldr	r7, [pc, #708]	@ (10005744 <tud_task_ext+0x644>)
1000547e:	4680      	mov	r8, r0
10005480:	2f00      	cmp	r7, #0
10005482:	d007      	beq.n	10005494 <tud_task_ext+0x394>
10005484:	48b0      	ldr	r0, [pc, #704]	@ (10005748 <tud_task_ext+0x648>)
10005486:	7800      	ldrb	r0, [r0, #0]
10005488:	4580      	cmp	r8, r0
1000548a:	d350      	bcc.n	1000552e <tud_task_ext+0x42e>
1000548c:	4647      	mov	r7, r8
1000548e:	1a38      	subs	r0, r7, r0
10005490:	b2c0      	uxtb	r0, r0
10005492:	4680      	mov	r8, r0
10005494:	4640      	mov	r0, r8
10005496:	2800      	cmp	r0, #0
10005498:	d13a      	bne.n	10005510 <tud_task_ext+0x410>
1000549a:	2a00      	cmp	r2, #0
1000549c:	d000      	beq.n	100054a0 <tud_task_ext+0x3a0>
1000549e:	e0f5      	b.n	1000568c <tud_task_ext+0x58c>
100054a0:	4aaa      	ldr	r2, [pc, #680]	@ (1000574c <tud_task_ext+0x64c>)
100054a2:	4690      	mov	r8, r2
100054a4:	7967      	ldrb	r7, [r4, #5]
100054a6:	2002      	movs	r0, #2
100054a8:	003a      	movs	r2, r7
100054aa:	4382      	bics	r2, r0
100054ac:	2a01      	cmp	r2, #1
100054ae:	d100      	bne.n	100054b2 <tud_task_ext+0x3b2>
100054b0:	e0f0      	b.n	10005694 <tud_task_ext+0x594>
100054b2:	2f00      	cmp	r7, #0
100054b4:	d000      	beq.n	100054b8 <tud_task_ext+0x3b8>
100054b6:	e75f      	b.n	10005378 <tud_task_ext+0x278>
100054b8:	18eb      	adds	r3, r5, r3
100054ba:	4463      	add	r3, ip
100054bc:	3330      	adds	r3, #48	@ 0x30
100054be:	78db      	ldrb	r3, [r3, #3]
100054c0:	aa0c      	add	r2, sp, #48	@ 0x30
100054c2:	079b      	lsls	r3, r3, #30
100054c4:	0fdb      	lsrs	r3, r3, #31
100054c6:	3202      	adds	r2, #2
100054c8:	8013      	strh	r3, [r2, #0]
100054ca:	4650      	mov	r0, sl
100054cc:	2302      	movs	r3, #2
100054ce:	a90e      	add	r1, sp, #56	@ 0x38
100054d0:	f000 fb2e 	bl	10005b30 <tud_control_xfer>
100054d4:	e62a      	b.n	1000512c <tud_task_ext+0x2c>
100054d6:	7a23      	ldrb	r3, [r4, #8]
100054d8:	2b0f      	cmp	r3, #15
100054da:	d900      	bls.n	100054de <tud_task_ext+0x3de>
100054dc:	e74c      	b.n	10005378 <tud_task_ext+0x278>
100054de:	4f99      	ldr	r7, [pc, #612]	@ (10005744 <tud_task_ext+0x644>)
100054e0:	18eb      	adds	r3, r5, r3
100054e2:	78db      	ldrb	r3, [r3, #3]
100054e4:	2f00      	cmp	r7, #0
100054e6:	d006      	beq.n	100054f6 <tud_task_ext+0x3f6>
100054e8:	4a97      	ldr	r2, [pc, #604]	@ (10005748 <tud_task_ext+0x648>)
100054ea:	7812      	ldrb	r2, [r2, #0]
100054ec:	4293      	cmp	r3, r2
100054ee:	d200      	bcs.n	100054f2 <tud_task_ext+0x3f2>
100054f0:	e0f3      	b.n	100056da <tud_task_ext+0x5da>
100054f2:	1a9b      	subs	r3, r3, r2
100054f4:	b2db      	uxtb	r3, r3
100054f6:	2b00      	cmp	r3, #0
100054f8:	d000      	beq.n	100054fc <tud_task_ext+0x3fc>
100054fa:	e73d      	b.n	10005378 <tud_task_ext+0x278>
100054fc:	4894      	ldr	r0, [pc, #592]	@ (10005750 <tud_task_ext+0x650>)
100054fe:	4d93      	ldr	r5, [pc, #588]	@ (1000574c <tud_task_ext+0x64c>)
10005500:	f000 fb76 	bl	10005bf0 <usbd_control_set_complete_callback>
10005504:	2101      	movs	r1, #1
10005506:	4650      	mov	r0, sl
10005508:	68eb      	ldr	r3, [r5, #12]
1000550a:	aa0e      	add	r2, sp, #56	@ 0x38
1000550c:	4798      	blx	r3
1000550e:	e755      	b.n	100053bc <tud_task_ext+0x2bc>
10005510:	4690      	mov	r8, r2
10005512:	2a00      	cmp	r2, #0
10005514:	d0c6      	beq.n	100054a4 <tud_task_ext+0x3a4>
10005516:	e72f      	b.n	10005378 <tud_task_ext+0x278>
10005518:	4a8e      	ldr	r2, [pc, #568]	@ (10005754 <tud_task_ext+0x654>)
1000551a:	0059      	lsls	r1, r3, #1
1000551c:	6815      	ldr	r5, [r2, #0]
1000551e:	18cb      	adds	r3, r1, r3
10005520:	00db      	lsls	r3, r3, #3
10005522:	18ed      	adds	r5, r5, r3
10005524:	2d00      	cmp	r5, #0
10005526:	d100      	bne.n	1000552a <tud_task_ext+0x42a>
10005528:	e726      	b.n	10005378 <tud_task_ext+0x278>
1000552a:	68e8      	ldr	r0, [r5, #12]
1000552c:	e75d      	b.n	100053ea <tud_task_ext+0x2ea>
1000552e:	4647      	mov	r7, r8
10005530:	4888      	ldr	r0, [pc, #544]	@ (10005754 <tud_task_ext+0x654>)
10005532:	007f      	lsls	r7, r7, #1
10005534:	6800      	ldr	r0, [r0, #0]
10005536:	4447      	add	r7, r8
10005538:	4680      	mov	r8, r0
1000553a:	00ff      	lsls	r7, r7, #3
1000553c:	44b8      	add	r8, r7
1000553e:	2a00      	cmp	r2, #0
10005540:	d0b0      	beq.n	100054a4 <tud_task_ext+0x3a4>
10005542:	4643      	mov	r3, r8
10005544:	2b00      	cmp	r3, #0
10005546:	d100      	bne.n	1000554a <tud_task_ext+0x44a>
10005548:	e716      	b.n	10005378 <tud_task_ext+0x278>
1000554a:	68d8      	ldr	r0, [r3, #12]
1000554c:	f000 fb50 	bl	10005bf0 <usbd_control_set_complete_callback>
10005550:	4643      	mov	r3, r8
10005552:	2101      	movs	r1, #1
10005554:	4650      	mov	r0, sl
10005556:	68db      	ldr	r3, [r3, #12]
10005558:	aa0e      	add	r2, sp, #56	@ 0x38
1000555a:	4798      	blx	r3
1000555c:	e72e      	b.n	100053bc <tud_task_ext+0x2bc>
1000555e:	79a3      	ldrb	r3, [r4, #6]
10005560:	9303      	str	r3, [sp, #12]
10005562:	001a      	movs	r2, r3
10005564:	786b      	ldrb	r3, [r5, #1]
10005566:	429a      	cmp	r2, r3
10005568:	d007      	beq.n	1000557a <tud_task_ext+0x47a>
1000556a:	786b      	ldrb	r3, [r5, #1]
1000556c:	2b00      	cmp	r3, #0
1000556e:	d000      	beq.n	10005572 <tud_task_ext+0x472>
10005570:	e158      	b.n	10005824 <tud_task_ext+0x724>
10005572:	9b03      	ldr	r3, [sp, #12]
10005574:	2b00      	cmp	r3, #0
10005576:	d000      	beq.n	1000557a <tud_task_ext+0x47a>
10005578:	e0f8      	b.n	1000576c <tud_task_ext+0x66c>
1000557a:	9b03      	ldr	r3, [sp, #12]
1000557c:	4650      	mov	r0, sl
1000557e:	a90e      	add	r1, sp, #56	@ 0x38
10005580:	706b      	strb	r3, [r5, #1]
10005582:	f000 fabf 	bl	10005b04 <tud_control_status>
10005586:	e5d1      	b.n	1000512c <tud_task_ext+0x2c>
10005588:	786b      	ldrb	r3, [r5, #1]
1000558a:	aa0c      	add	r2, sp, #48	@ 0x30
1000558c:	3202      	adds	r2, #2
1000558e:	7013      	strb	r3, [r2, #0]
10005590:	4650      	mov	r0, sl
10005592:	2301      	movs	r3, #1
10005594:	a90e      	add	r1, sp, #56	@ 0x38
10005596:	f000 facb 	bl	10005b30 <tud_control_xfer>
1000559a:	e5c7      	b.n	1000512c <tud_task_ext+0x2c>
1000559c:	88e3      	ldrh	r3, [r4, #6]
1000559e:	0a1a      	lsrs	r2, r3, #8
100055a0:	b2d8      	uxtb	r0, r3
100055a2:	2a0f      	cmp	r2, #15
100055a4:	d900      	bls.n	100055a8 <tud_task_ext+0x4a8>
100055a6:	e6e7      	b.n	10005378 <tud_task_ext+0x278>
100055a8:	496b      	ldr	r1, [pc, #428]	@ (10005758 <tud_task_ext+0x658>)
100055aa:	0093      	lsls	r3, r2, #2
100055ac:	58cb      	ldr	r3, [r1, r3]
100055ae:	469f      	mov	pc, r3
100055b0:	a80e      	add	r0, sp, #56	@ 0x38
100055b2:	f000 fb23 	bl	10005bfc <usbd_control_set_request>
100055b6:	4650      	mov	r0, sl
100055b8:	79a1      	ldrb	r1, [r4, #6]
100055ba:	f7ff fb9b 	bl	10004cf4 <dcd_set_address>
100055be:	2202      	movs	r2, #2
100055c0:	782b      	ldrb	r3, [r5, #0]
100055c2:	4313      	orrs	r3, r2
100055c4:	702b      	strb	r3, [r5, #0]
100055c6:	e5b1      	b.n	1000512c <tud_task_ext+0x2c>
100055c8:	88e3      	ldrh	r3, [r4, #6]
100055ca:	2b01      	cmp	r3, #1
100055cc:	d000      	beq.n	100055d0 <tud_task_ext+0x4d0>
100055ce:	e6d3      	b.n	10005378 <tud_task_ext+0x278>
100055d0:	2208      	movs	r2, #8
100055d2:	782b      	ldrb	r3, [r5, #0]
100055d4:	4650      	mov	r0, sl
100055d6:	4393      	bics	r3, r2
100055d8:	a90e      	add	r1, sp, #56	@ 0x38
100055da:	702b      	strb	r3, [r5, #0]
100055dc:	f000 fa92 	bl	10005b04 <tud_control_status>
100055e0:	e5a4      	b.n	1000512c <tud_task_ext+0x2c>
100055e2:	2002      	movs	r0, #2
100055e4:	7829      	ldrb	r1, [r5, #0]
100055e6:	ab0c      	add	r3, sp, #48	@ 0x30
100055e8:	1c9a      	adds	r2, r3, #2
100055ea:	068b      	lsls	r3, r1, #26
100055ec:	0889      	lsrs	r1, r1, #2
100055ee:	0fdb      	lsrs	r3, r3, #31
100055f0:	4001      	ands	r1, r0
100055f2:	430b      	orrs	r3, r1
100055f4:	e768      	b.n	100054c8 <tud_task_ext+0x3c8>
100055f6:	88e3      	ldrh	r3, [r4, #6]
100055f8:	2b01      	cmp	r3, #1
100055fa:	d000      	beq.n	100055fe <tud_task_ext+0x4fe>
100055fc:	e6bc      	b.n	10005378 <tud_task_ext+0x278>
100055fe:	2208      	movs	r2, #8
10005600:	782b      	ldrb	r3, [r5, #0]
10005602:	4650      	mov	r0, sl
10005604:	4313      	orrs	r3, r2
10005606:	a90e      	add	r1, sp, #56	@ 0x38
10005608:	702b      	strb	r3, [r5, #0]
1000560a:	f000 fa7b 	bl	10005b04 <tud_control_status>
1000560e:	e58d      	b.n	1000512c <tud_task_ext+0x2c>
10005610:	4b52      	ldr	r3, [pc, #328]	@ (1000575c <tud_task_ext+0x65c>)
10005612:	2b00      	cmp	r3, #0
10005614:	d100      	bne.n	10005618 <tud_task_ext+0x518>
10005616:	e6af      	b.n	10005378 <tud_task_ext+0x278>
10005618:	e000      	b.n	1000561c <tud_task_ext+0x51c>
1000561a:	bf00      	nop
1000561c:	1e02      	subs	r2, r0, #0
1000561e:	d100      	bne.n	10005622 <tud_task_ext+0x522>
10005620:	e6aa      	b.n	10005378 <tud_task_ext+0x278>
10005622:	78d3      	ldrb	r3, [r2, #3]
10005624:	7891      	ldrb	r1, [r2, #2]
10005626:	021b      	lsls	r3, r3, #8
10005628:	430b      	orrs	r3, r1
1000562a:	4650      	mov	r0, sl
1000562c:	a90e      	add	r1, sp, #56	@ 0x38
1000562e:	f000 fa7f 	bl	10005b30 <tud_control_xfer>
10005632:	e6c3      	b.n	100053bc <tud_task_ext+0x2bc>
10005634:	4b4a      	ldr	r3, [pc, #296]	@ (10005760 <tud_task_ext+0x660>)
10005636:	2b00      	cmp	r3, #0
10005638:	d100      	bne.n	1000563c <tud_task_ext+0x53c>
1000563a:	e69d      	b.n	10005378 <tud_task_ext+0x278>
1000563c:	e000      	b.n	10005640 <tud_task_ext+0x540>
1000563e:	bf00      	nop
10005640:	1e02      	subs	r2, r0, #0
10005642:	d100      	bne.n	10005646 <tud_task_ext+0x546>
10005644:	e698      	b.n	10005378 <tud_task_ext+0x278>
10005646:	4650      	mov	r0, sl
10005648:	7813      	ldrb	r3, [r2, #0]
1000564a:	a90e      	add	r1, sp, #56	@ 0x38
1000564c:	f000 fa70 	bl	10005b30 <tud_control_xfer>
10005650:	e6b4      	b.n	100053bc <tud_task_ext+0x2bc>
10005652:	8921      	ldrh	r1, [r4, #8]
10005654:	f7ff fa12 	bl	10004a7c <tud_descriptor_string_cb>
10005658:	1e02      	subs	r2, r0, #0
1000565a:	d1f4      	bne.n	10005646 <tud_task_ext+0x546>
1000565c:	e68c      	b.n	10005378 <tud_task_ext+0x278>
1000565e:	2a02      	cmp	r2, #2
10005660:	d100      	bne.n	10005664 <tud_task_ext+0x564>
10005662:	e12d      	b.n	100058c0 <tud_task_ext+0x7c0>
10005664:	4b3f      	ldr	r3, [pc, #252]	@ (10005764 <tud_task_ext+0x664>)
10005666:	2b00      	cmp	r3, #0
10005668:	d100      	bne.n	1000566c <tud_task_ext+0x56c>
1000566a:	e685      	b.n	10005378 <tud_task_ext+0x278>
1000566c:	e000      	b.n	10005670 <tud_task_ext+0x570>
1000566e:	bf00      	nop
10005670:	0002      	movs	r2, r0
10005672:	2a00      	cmp	r2, #0
10005674:	d100      	bne.n	10005678 <tud_task_ext+0x578>
10005676:	e67f      	b.n	10005378 <tud_task_ext+0x278>
10005678:	e7d3      	b.n	10005622 <tud_task_ext+0x522>
1000567a:	f7ff f9f7 	bl	10004a6c <tud_descriptor_device_cb>
1000567e:	2312      	movs	r3, #18
10005680:	0002      	movs	r2, r0
10005682:	a90e      	add	r1, sp, #56	@ 0x38
10005684:	4650      	mov	r0, sl
10005686:	f000 fa53 	bl	10005b30 <tud_control_xfer>
1000568a:	e697      	b.n	100053bc <tud_task_ext+0x2bc>
1000568c:	4b2f      	ldr	r3, [pc, #188]	@ (1000574c <tud_task_ext+0x64c>)
1000568e:	4830      	ldr	r0, [pc, #192]	@ (10005750 <tud_task_ext+0x650>)
10005690:	4698      	mov	r8, r3
10005692:	e75b      	b.n	1000554c <tud_task_ext+0x44c>
10005694:	88e2      	ldrh	r2, [r4, #6]
10005696:	2a00      	cmp	r2, #0
10005698:	d109      	bne.n	100056ae <tud_task_ext+0x5ae>
1000569a:	4a33      	ldr	r2, [pc, #204]	@ (10005768 <tud_task_ext+0x668>)
1000569c:	7810      	ldrb	r0, [r2, #0]
1000569e:	2f01      	cmp	r7, #1
100056a0:	d026      	beq.n	100056f0 <tud_task_ext+0x5f0>
100056a2:	18ef      	adds	r7, r5, r3
100056a4:	4467      	add	r7, ip
100056a6:	3730      	adds	r7, #48	@ 0x30
100056a8:	78fb      	ldrb	r3, [r7, #3]
100056aa:	079b      	lsls	r3, r3, #30
100056ac:	d53e      	bpl.n	1000572c <tud_task_ext+0x62c>
100056ae:	4643      	mov	r3, r8
100056b0:	2b00      	cmp	r3, #0
100056b2:	d100      	bne.n	100056b6 <tud_task_ext+0x5b6>
100056b4:	e53a      	b.n	1000512c <tud_task_ext+0x2c>
100056b6:	68d8      	ldr	r0, [r3, #12]
100056b8:	f000 fa9a 	bl	10005bf0 <usbd_control_set_complete_callback>
100056bc:	4643      	mov	r3, r8
100056be:	2101      	movs	r1, #1
100056c0:	68db      	ldr	r3, [r3, #12]
100056c2:	aa0e      	add	r2, sp, #56	@ 0x38
100056c4:	4650      	mov	r0, sl
100056c6:	4798      	blx	r3
100056c8:	2000      	movs	r0, #0
100056ca:	f000 fa91 	bl	10005bf0 <usbd_control_set_complete_callback>
100056ce:	2334      	movs	r3, #52	@ 0x34
100056d0:	5ceb      	ldrb	r3, [r5, r3]
100056d2:	07db      	lsls	r3, r3, #31
100056d4:	d500      	bpl.n	100056d8 <tud_task_ext+0x5d8>
100056d6:	e529      	b.n	1000512c <tud_task_ext+0x2c>
100056d8:	e6a1      	b.n	1000541e <tud_task_ext+0x31e>
100056da:	4a1e      	ldr	r2, [pc, #120]	@ (10005754 <tud_task_ext+0x654>)
100056dc:	0059      	lsls	r1, r3, #1
100056de:	6815      	ldr	r5, [r2, #0]
100056e0:	18cb      	adds	r3, r1, r3
100056e2:	00db      	lsls	r3, r3, #3
100056e4:	18ed      	adds	r5, r5, r3
100056e6:	2d00      	cmp	r5, #0
100056e8:	d100      	bne.n	100056ec <tud_task_ext+0x5ec>
100056ea:	e645      	b.n	10005378 <tud_task_ext+0x278>
100056ec:	68e8      	ldr	r0, [r5, #12]
100056ee:	e707      	b.n	10005500 <tud_task_ext+0x400>
100056f0:	2230      	movs	r2, #48	@ 0x30
100056f2:	4691      	mov	r9, r2
100056f4:	18eb      	adds	r3, r5, r3
100056f6:	4463      	add	r3, ip
100056f8:	4499      	add	r9, r3
100056fa:	464b      	mov	r3, r9
100056fc:	78db      	ldrb	r3, [r3, #3]
100056fe:	079b      	lsls	r3, r3, #30
10005700:	d5d5      	bpl.n	100056ae <tud_task_ext+0x5ae>
10005702:	f7ff fc17 	bl	10004f34 <dcd_edpt_clear_stall>
10005706:	464b      	mov	r3, r9
10005708:	2202      	movs	r2, #2
1000570a:	78db      	ldrb	r3, [r3, #3]
1000570c:	4393      	bics	r3, r2
1000570e:	464a      	mov	r2, r9
10005710:	70d3      	strb	r3, [r2, #3]
10005712:	78d3      	ldrb	r3, [r2, #3]
10005714:	43bb      	bics	r3, r7
10005716:	70d3      	strb	r3, [r2, #3]
10005718:	e7c9      	b.n	100056ae <tud_task_ext+0x5ae>
1000571a:	ab0c      	add	r3, sp, #48	@ 0x30
1000571c:	1c9a      	adds	r2, r3, #2
1000571e:	4650      	mov	r0, sl
10005720:	2301      	movs	r3, #1
10005722:	a90e      	add	r1, sp, #56	@ 0x38
10005724:	7015      	strb	r5, [r2, #0]
10005726:	f000 fa03 	bl	10005b30 <tud_control_xfer>
1000572a:	e4ff      	b.n	1000512c <tud_task_ext+0x2c>
1000572c:	f7ff fbe8 	bl	10004f00 <dcd_edpt_stall>
10005730:	2202      	movs	r2, #2
10005732:	78fb      	ldrb	r3, [r7, #3]
10005734:	4313      	orrs	r3, r2
10005736:	2201      	movs	r2, #1
10005738:	70fb      	strb	r3, [r7, #3]
1000573a:	78fb      	ldrb	r3, [r7, #3]
1000573c:	4313      	orrs	r3, r2
1000573e:	70fb      	strb	r3, [r7, #3]
10005740:	e7b5      	b.n	100056ae <tud_task_ext+0x5ae>
10005742:	46c0      	nop			@ (mov r8, r8)
10005744:	10004679 	.word	0x10004679
10005748:	20001c59 	.word	0x20001c59
1000574c:	10006e78 	.word	0x10006e78
10005750:	10006015 	.word	0x10006015
10005754:	20001210 	.word	0x20001210
10005758:	10006e38 	.word	0x10006e38
	...
10005768:	20000ebc 	.word	0x20000ebc
1000576c:	1e58      	subs	r0, r3, #1
1000576e:	b2c0      	uxtb	r0, r0
10005770:	f7ff f980 	bl	10004a74 <tud_descriptor_configuration_cb>
10005774:	2800      	cmp	r0, #0
10005776:	d100      	bne.n	1000577a <tud_task_ext+0x67a>
10005778:	e5fe      	b.n	10005378 <tud_task_ext+0x278>
1000577a:	7843      	ldrb	r3, [r0, #1]
1000577c:	9307      	str	r3, [sp, #28]
1000577e:	2b02      	cmp	r3, #2
10005780:	d000      	beq.n	10005784 <tud_task_ext+0x684>
10005782:	e5f9      	b.n	10005378 <tud_task_ext+0x278>
10005784:	2101      	movs	r1, #1
10005786:	79c2      	ldrb	r2, [r0, #7]
10005788:	46b1      	mov	r9, r6
1000578a:	1193      	asrs	r3, r2, #6
1000578c:	1152      	asrs	r2, r2, #5
1000578e:	400b      	ands	r3, r1
10005790:	400a      	ands	r2, r1
10005792:	0112      	lsls	r2, r2, #4
10005794:	015b      	lsls	r3, r3, #5
10005796:	4313      	orrs	r3, r2
10005798:	782a      	ldrb	r2, [r5, #0]
1000579a:	312f      	adds	r1, #47	@ 0x2f
1000579c:	438a      	bics	r2, r1
1000579e:	4313      	orrs	r3, r2
100057a0:	702b      	strb	r3, [r5, #0]
100057a2:	2309      	movs	r3, #9
100057a4:	4698      	mov	r8, r3
100057a6:	4480      	add	r8, r0
100057a8:	4647      	mov	r7, r8
100057aa:	46a8      	mov	r8, r5
100057ac:	78c3      	ldrb	r3, [r0, #3]
100057ae:	7882      	ldrb	r2, [r0, #2]
100057b0:	021b      	lsls	r3, r3, #8
100057b2:	4313      	orrs	r3, r2
100057b4:	18c3      	adds	r3, r0, r3
100057b6:	9304      	str	r3, [sp, #16]
100057b8:	4b5c      	ldr	r3, [pc, #368]	@ (1000592c <tud_task_ext+0x82c>)
100057ba:	9309      	str	r3, [sp, #36]	@ 0x24
100057bc:	9b04      	ldr	r3, [sp, #16]
100057be:	42bb      	cmp	r3, r7
100057c0:	d800      	bhi.n	100057c4 <tud_task_ext+0x6c4>
100057c2:	e081      	b.n	100058c8 <tud_task_ext+0x7c8>
100057c4:	787b      	ldrb	r3, [r7, #1]
100057c6:	2201      	movs	r2, #1
100057c8:	2b0b      	cmp	r3, #11
100057ca:	d102      	bne.n	100057d2 <tud_task_ext+0x6d2>
100057cc:	783b      	ldrb	r3, [r7, #0]
100057ce:	78fa      	ldrb	r2, [r7, #3]
100057d0:	18ff      	adds	r7, r7, r3
100057d2:	787b      	ldrb	r3, [r7, #1]
100057d4:	2b04      	cmp	r3, #4
100057d6:	d123      	bne.n	10005820 <tud_task_ext+0x720>
100057d8:	2500      	movs	r5, #0
100057da:	9b04      	ldr	r3, [sp, #16]
100057dc:	920b      	str	r2, [sp, #44]	@ 0x2c
100057de:	1bdb      	subs	r3, r3, r7
100057e0:	b29b      	uxth	r3, r3
100057e2:	9305      	str	r3, [sp, #20]
100057e4:	4b52      	ldr	r3, [pc, #328]	@ (10005930 <tud_task_ext+0x830>)
100057e6:	7819      	ldrb	r1, [r3, #0]
100057e8:	9306      	str	r3, [sp, #24]
100057ea:	4b52      	ldr	r3, [pc, #328]	@ (10005934 <tud_task_ext+0x834>)
100057ec:	930a      	str	r3, [sp, #40]	@ 0x28
100057ee:	4b52      	ldr	r3, [pc, #328]	@ (10005938 <tud_task_ext+0x838>)
100057f0:	9308      	str	r3, [sp, #32]
100057f2:	9b0a      	ldr	r3, [sp, #40]	@ 0x28
100057f4:	2b00      	cmp	r3, #0
100057f6:	d052      	beq.n	1000589e <tud_task_ext+0x79e>
100057f8:	9b09      	ldr	r3, [sp, #36]	@ 0x24
100057fa:	9e08      	ldr	r6, [sp, #32]
100057fc:	428d      	cmp	r5, r1
100057fe:	d345      	bcc.n	1000588c <tud_task_ext+0x78c>
10005800:	0039      	movs	r1, r7
10005802:	4650      	mov	r0, sl
10005804:	9a05      	ldr	r2, [sp, #20]
10005806:	4798      	blx	r3
10005808:	4684      	mov	ip, r0
1000580a:	2808      	cmp	r0, #8
1000580c:	d902      	bls.n	10005814 <tud_task_ext+0x714>
1000580e:	9a05      	ldr	r2, [sp, #20]
10005810:	4282      	cmp	r2, r0
10005812:	d262      	bcs.n	100058da <tud_task_ext+0x7da>
10005814:	9b06      	ldr	r3, [sp, #24]
10005816:	3501      	adds	r5, #1
10005818:	7819      	ldrb	r1, [r3, #0]
1000581a:	b2ed      	uxtb	r5, r5
1000581c:	42a9      	cmp	r1, r5
1000581e:	d2e8      	bcs.n	100057f2 <tud_task_ext+0x6f2>
10005820:	464e      	mov	r6, r9
10005822:	e5a9      	b.n	10005378 <tud_task_ext+0x278>
10005824:	4650      	mov	r0, sl
10005826:	f7ff fb55 	bl	10004ed4 <dcd_edpt_close_all>
1000582a:	2200      	movs	r2, #0
1000582c:	4691      	mov	r9, r2
1000582e:	4a43      	ldr	r2, [pc, #268]	@ (1000593c <tud_task_ext+0x83c>)
10005830:	78ab      	ldrb	r3, [r5, #2]
10005832:	9205      	str	r2, [sp, #20]
10005834:	002a      	movs	r2, r5
10005836:	464d      	mov	r5, r9
10005838:	4691      	mov	r9, r2
1000583a:	9304      	str	r3, [sp, #16]
1000583c:	4b3c      	ldr	r3, [pc, #240]	@ (10005930 <tud_task_ext+0x830>)
1000583e:	4f3d      	ldr	r7, [pc, #244]	@ (10005934 <tud_task_ext+0x834>)
10005840:	4698      	mov	r8, r3
10005842:	781b      	ldrb	r3, [r3, #0]
10005844:	2f00      	cmp	r7, #0
10005846:	d01b      	beq.n	10005880 <tud_task_ext+0x780>
10005848:	9a05      	ldr	r2, [sp, #20]
1000584a:	429d      	cmp	r5, r3
1000584c:	d32c      	bcc.n	100058a8 <tud_task_ext+0x7a8>
1000584e:	4650      	mov	r0, sl
10005850:	4790      	blx	r2
10005852:	4643      	mov	r3, r8
10005854:	3501      	adds	r5, #1
10005856:	781b      	ldrb	r3, [r3, #0]
10005858:	b2ed      	uxtb	r5, r5
1000585a:	42ab      	cmp	r3, r5
1000585c:	d2f2      	bcs.n	10005844 <tud_task_ext+0x744>
1000585e:	464d      	mov	r5, r9
10005860:	2253      	movs	r2, #83	@ 0x53
10005862:	2100      	movs	r1, #0
10005864:	0028      	movs	r0, r5
10005866:	f7fe fce3 	bl	10004230 <__wrap_memset>
1000586a:	2210      	movs	r2, #16
1000586c:	21ff      	movs	r1, #255	@ 0xff
1000586e:	4834      	ldr	r0, [pc, #208]	@ (10005940 <tud_task_ext+0x840>)
10005870:	f7fe fcde 	bl	10004230 <__wrap_memset>
10005874:	2220      	movs	r2, #32
10005876:	21ff      	movs	r1, #255	@ 0xff
10005878:	4832      	ldr	r0, [pc, #200]	@ (10005944 <tud_task_ext+0x844>)
1000587a:	f7fe fcd9 	bl	10004230 <__wrap_memset>
1000587e:	e002      	b.n	10005886 <tud_task_ext+0x786>
10005880:	2d00      	cmp	r5, #0
10005882:	d01b      	beq.n	100058bc <tud_task_ext+0x7bc>
10005884:	464d      	mov	r5, r9
10005886:	9b04      	ldr	r3, [sp, #16]
10005888:	70ab      	strb	r3, [r5, #2]
1000588a:	e672      	b.n	10005572 <tud_task_ext+0x472>
1000588c:	2318      	movs	r3, #24
1000588e:	4a2e      	ldr	r2, [pc, #184]	@ (10005948 <tud_task_ext+0x848>)
10005890:	436b      	muls	r3, r5
10005892:	6816      	ldr	r6, [r2, #0]
10005894:	18f6      	adds	r6, r6, r3
10005896:	2e00      	cmp	r6, #0
10005898:	d0c2      	beq.n	10005820 <tud_task_ext+0x720>
1000589a:	68b3      	ldr	r3, [r6, #8]
1000589c:	e7b0      	b.n	10005800 <tud_task_ext+0x700>
1000589e:	2d00      	cmp	r5, #0
100058a0:	d1be      	bne.n	10005820 <tud_task_ext+0x720>
100058a2:	4b22      	ldr	r3, [pc, #136]	@ (1000592c <tud_task_ext+0x82c>)
100058a4:	4e24      	ldr	r6, [pc, #144]	@ (10005938 <tud_task_ext+0x838>)
100058a6:	e7ab      	b.n	10005800 <tud_task_ext+0x700>
100058a8:	4a27      	ldr	r2, [pc, #156]	@ (10005948 <tud_task_ext+0x848>)
100058aa:	006b      	lsls	r3, r5, #1
100058ac:	6812      	ldr	r2, [r2, #0]
100058ae:	195b      	adds	r3, r3, r5
100058b0:	00db      	lsls	r3, r3, #3
100058b2:	18d3      	adds	r3, r2, r3
100058b4:	2b00      	cmp	r3, #0
100058b6:	d0e5      	beq.n	10005884 <tud_task_ext+0x784>
100058b8:	685a      	ldr	r2, [r3, #4]
100058ba:	e7c8      	b.n	1000584e <tud_task_ext+0x74e>
100058bc:	4a1f      	ldr	r2, [pc, #124]	@ (1000593c <tud_task_ext+0x83c>)
100058be:	e7c6      	b.n	1000584e <tud_task_ext+0x74e>
100058c0:	f7ff f8d8 	bl	10004a74 <tud_descriptor_configuration_cb>
100058c4:	0002      	movs	r2, r0
100058c6:	e6d4      	b.n	10005672 <tud_task_ext+0x572>
100058c8:	4b20      	ldr	r3, [pc, #128]	@ (1000594c <tud_task_ext+0x84c>)
100058ca:	4645      	mov	r5, r8
100058cc:	464e      	mov	r6, r9
100058ce:	2b00      	cmp	r3, #0
100058d0:	d100      	bne.n	100058d4 <tud_task_ext+0x7d4>
100058d2:	e652      	b.n	1000557a <tud_task_ext+0x47a>
100058d4:	e000      	b.n	100058d8 <tud_task_ext+0x7d8>
100058d6:	bf00      	nop
100058d8:	e64f      	b.n	1000557a <tud_task_ext+0x47a>
100058da:	9a0b      	ldr	r2, [sp, #44]	@ 0x2c
100058dc:	2a01      	cmp	r2, #1
100058de:	d01f      	beq.n	10005920 <tud_task_ext+0x820>
100058e0:	2100      	movs	r1, #0
100058e2:	4646      	mov	r6, r8
100058e4:	e009      	b.n	100058fa <tud_task_ext+0x7fa>
100058e6:	78bb      	ldrb	r3, [r7, #2]
100058e8:	18cb      	adds	r3, r1, r3
100058ea:	b2db      	uxtb	r3, r3
100058ec:	18f3      	adds	r3, r6, r3
100058ee:	78d8      	ldrb	r0, [r3, #3]
100058f0:	28ff      	cmp	r0, #255	@ 0xff
100058f2:	d195      	bne.n	10005820 <tud_task_ext+0x720>
100058f4:	3101      	adds	r1, #1
100058f6:	70dd      	strb	r5, [r3, #3]
100058f8:	b2c9      	uxtb	r1, r1
100058fa:	4291      	cmp	r1, r2
100058fc:	d1f3      	bne.n	100058e6 <tud_task_ext+0x7e6>
100058fe:	46b0      	mov	r8, r6
10005900:	4666      	mov	r6, ip
10005902:	002b      	movs	r3, r5
10005904:	0039      	movs	r1, r7
10005906:	0032      	movs	r2, r6
10005908:	480e      	ldr	r0, [pc, #56]	@ (10005944 <tud_task_ext+0x844>)
1000590a:	f000 fd1f 	bl	1000634c <tu_edpt_bind_driver>
1000590e:	46b4      	mov	ip, r6
10005910:	9b06      	ldr	r3, [sp, #24]
10005912:	4467      	add	r7, ip
10005914:	781b      	ldrb	r3, [r3, #0]
10005916:	42ab      	cmp	r3, r5
10005918:	d300      	bcc.n	1000591c <tud_task_ext+0x81c>
1000591a:	e74f      	b.n	100057bc <tud_task_ext+0x6bc>
1000591c:	464e      	mov	r6, r9
1000591e:	e52b      	b.n	10005378 <tud_task_ext+0x278>
10005920:	4b02      	ldr	r3, [pc, #8]	@ (1000592c <tud_task_ext+0x82c>)
10005922:	68b1      	ldr	r1, [r6, #8]
10005924:	4299      	cmp	r1, r3
10005926:	d1db      	bne.n	100058e0 <tud_task_ext+0x7e0>
10005928:	9a07      	ldr	r2, [sp, #28]
1000592a:	e7d9      	b.n	100058e0 <tud_task_ext+0x7e0>
1000592c:	10005f31 	.word	0x10005f31
10005930:	20001c59 	.word	0x20001c59
10005934:	10004679 	.word	0x10004679
10005938:	10006e78 	.word	0x10006e78
1000593c:	10005f05 	.word	0x10005f05
10005940:	2000153b 	.word	0x2000153b
10005944:	2000154b 	.word	0x2000154b
10005948:	20001210 	.word	0x20001210
1000594c:	00000000 	.word	0x00000000

10005950 <usbd_open_edpt_pair>:
10005950:	b5f8      	push	{r3, r4, r5, r6, r7, lr}
10005952:	4657      	mov	r7, sl
10005954:	464e      	mov	r6, r9
10005956:	46de      	mov	lr, fp
10005958:	4645      	mov	r5, r8
1000595a:	000c      	movs	r4, r1
1000595c:	b5e0      	push	{r5, r6, r7, lr}
1000595e:	0016      	movs	r6, r2
10005960:	001f      	movs	r7, r3
10005962:	2a00      	cmp	r2, #0
10005964:	d03c      	beq.n	100059e0 <usbd_open_edpt_pair+0x90>
10005966:	4b1f      	ldr	r3, [pc, #124]	@ (100059e4 <usbd_open_edpt_pair+0x94>)
10005968:	2500      	movs	r5, #0
1000596a:	469a      	mov	sl, r3
1000596c:	2370      	movs	r3, #112	@ 0x70
1000596e:	4699      	mov	r9, r3
10005970:	4b1d      	ldr	r3, [pc, #116]	@ (100059e8 <usbd_open_edpt_pair+0x98>)
10005972:	469b      	mov	fp, r3
10005974:	e017      	b.n	100059a6 <usbd_open_edpt_pair+0x56>
10005976:	465b      	mov	r3, fp
10005978:	0020      	movs	r0, r4
1000597a:	7899      	ldrb	r1, [r3, #2]
1000597c:	f000 fca8 	bl	100062d0 <tu_edpt_validate>
10005980:	2800      	cmp	r0, #0
10005982:	d01f      	beq.n	100059c4 <usbd_open_edpt_pair+0x74>
10005984:	0021      	movs	r1, r4
10005986:	4640      	mov	r0, r8
10005988:	f7ff fa20 	bl	10004dcc <dcd_edpt_open>
1000598c:	2800      	cmp	r0, #0
1000598e:	d019      	beq.n	100059c4 <usbd_open_edpt_pair+0x74>
10005990:	78a3      	ldrb	r3, [r4, #2]
10005992:	09da      	lsrs	r2, r3, #7
10005994:	2a01      	cmp	r2, #1
10005996:	d01c      	beq.n	100059d2 <usbd_open_edpt_pair+0x82>
10005998:	9a0a      	ldr	r2, [sp, #40]	@ 0x28
1000599a:	3501      	adds	r5, #1
1000599c:	7013      	strb	r3, [r2, #0]
1000599e:	7823      	ldrb	r3, [r4, #0]
100059a0:	18e4      	adds	r4, r4, r3
100059a2:	42b5      	cmp	r5, r6
100059a4:	da1c      	bge.n	100059e0 <usbd_open_edpt_pair+0x90>
100059a6:	7863      	ldrb	r3, [r4, #1]
100059a8:	2b05      	cmp	r3, #5
100059aa:	d10b      	bne.n	100059c4 <usbd_open_edpt_pair+0x74>
100059ac:	78e3      	ldrb	r3, [r4, #3]
100059ae:	079b      	lsls	r3, r3, #30
100059b0:	0f9b      	lsrs	r3, r3, #30
100059b2:	42bb      	cmp	r3, r7
100059b4:	d106      	bne.n	100059c4 <usbd_open_edpt_pair+0x74>
100059b6:	4653      	mov	r3, sl
100059b8:	464a      	mov	r2, r9
100059ba:	781b      	ldrb	r3, [r3, #0]
100059bc:	4698      	mov	r8, r3
100059be:	78a3      	ldrb	r3, [r4, #2]
100059c0:	421a      	tst	r2, r3
100059c2:	d0d8      	beq.n	10005976 <usbd_open_edpt_pair+0x26>
100059c4:	2000      	movs	r0, #0
100059c6:	bcf0      	pop	{r4, r5, r6, r7}
100059c8:	46bb      	mov	fp, r7
100059ca:	46b2      	mov	sl, r6
100059cc:	46a9      	mov	r9, r5
100059ce:	46a0      	mov	r8, r4
100059d0:	bdf8      	pop	{r3, r4, r5, r6, r7, pc}
100059d2:	9a0b      	ldr	r2, [sp, #44]	@ 0x2c
100059d4:	3501      	adds	r5, #1
100059d6:	7013      	strb	r3, [r2, #0]
100059d8:	7823      	ldrb	r3, [r4, #0]
100059da:	18e4      	adds	r4, r4, r3
100059dc:	42b5      	cmp	r5, r6
100059de:	dbe2      	blt.n	100059a6 <usbd_open_edpt_pair+0x56>
100059e0:	2001      	movs	r0, #1
100059e2:	e7f0      	b.n	100059c6 <usbd_open_edpt_pair+0x76>
100059e4:	20000ebc 	.word	0x20000ebc
100059e8:	20001538 	.word	0x20001538

100059ec <usbd_defer_func>:
100059ec:	2380      	movs	r3, #128	@ 0x80
100059ee:	b510      	push	{r4, lr}
100059f0:	011b      	lsls	r3, r3, #4
100059f2:	b084      	sub	sp, #16
100059f4:	9301      	str	r3, [sp, #4]
100059f6:	4b0e      	ldr	r3, [pc, #56]	@ (10005a30 <usbd_defer_func+0x44>)
100059f8:	9002      	str	r0, [sp, #8]
100059fa:	681c      	ldr	r4, [r3, #0]
100059fc:	9103      	str	r1, [sp, #12]
100059fe:	6962      	ldr	r2, [r4, #20]
10005a00:	f3ef 8310 	mrs	r3, PRIMASK
10005a04:	b672      	cpsid	i
10005a06:	6811      	ldr	r1, [r2, #0]
10005a08:	2900      	cmp	r1, #0
10005a0a:	d0fc      	beq.n	10005a06 <usbd_defer_func+0x1a>
10005a0c:	f3bf 8f5f 	dmb	sy
10005a10:	61a3      	str	r3, [r4, #24]
10005a12:	0020      	movs	r0, r4
10005a14:	a901      	add	r1, sp, #4
10005a16:	f000 fddf 	bl	100065d8 <tu_fifo_write>
10005a1a:	6962      	ldr	r2, [r4, #20]
10005a1c:	69a3      	ldr	r3, [r4, #24]
10005a1e:	f3bf 8f5f 	dmb	sy
10005a22:	2100      	movs	r1, #0
10005a24:	6011      	str	r1, [r2, #0]
10005a26:	f383 8810 	msr	PRIMASK, r3
10005a2a:	b004      	add	sp, #16
10005a2c:	bd10      	pop	{r4, pc}
10005a2e:	46c0      	nop			@ (mov r8, r8)
10005a30:	20001590 	.word	0x20001590

10005a34 <usbd_edpt_open>:
10005a34:	2270      	movs	r2, #112	@ 0x70
10005a36:	b570      	push	{r4, r5, r6, lr}
10005a38:	4b09      	ldr	r3, [pc, #36]	@ (10005a60 <usbd_edpt_open+0x2c>)
10005a3a:	000c      	movs	r4, r1
10005a3c:	781d      	ldrb	r5, [r3, #0]
10005a3e:	788b      	ldrb	r3, [r1, #2]
10005a40:	421a      	tst	r2, r3
10005a42:	d001      	beq.n	10005a48 <usbd_edpt_open+0x14>
10005a44:	2000      	movs	r0, #0
10005a46:	bd70      	pop	{r4, r5, r6, pc}
10005a48:	4b06      	ldr	r3, [pc, #24]	@ (10005a64 <usbd_edpt_open+0x30>)
10005a4a:	0020      	movs	r0, r4
10005a4c:	7899      	ldrb	r1, [r3, #2]
10005a4e:	f000 fc3f 	bl	100062d0 <tu_edpt_validate>
10005a52:	2800      	cmp	r0, #0
10005a54:	d0f6      	beq.n	10005a44 <usbd_edpt_open+0x10>
10005a56:	0021      	movs	r1, r4
10005a58:	0028      	movs	r0, r5
10005a5a:	f7ff f9b7 	bl	10004dcc <dcd_edpt_open>
10005a5e:	e7f2      	b.n	10005a46 <usbd_edpt_open+0x12>
10005a60:	20000ebc 	.word	0x20000ebc
10005a64:	20001538 	.word	0x20001538

10005a68 <usbd_edpt_claim>:
10005a68:	000b      	movs	r3, r1
10005a6a:	207f      	movs	r0, #127	@ 0x7f
10005a6c:	b510      	push	{r4, lr}
10005a6e:	4018      	ands	r0, r3
10005a70:	09db      	lsrs	r3, r3, #7
10005a72:	3333      	adds	r3, #51	@ 0x33
10005a74:	0040      	lsls	r0, r0, #1
10005a76:	4a04      	ldr	r2, [pc, #16]	@ (10005a88 <usbd_edpt_claim+0x20>)
10005a78:	18c0      	adds	r0, r0, r3
10005a7a:	4b04      	ldr	r3, [pc, #16]	@ (10005a8c <usbd_edpt_claim+0x24>)
10005a7c:	6811      	ldr	r1, [r2, #0]
10005a7e:	18c0      	adds	r0, r0, r3
10005a80:	f000 fbe2 	bl	10006248 <tu_edpt_claim>
10005a84:	bd10      	pop	{r4, pc}
10005a86:	46c0      	nop			@ (mov r8, r8)
10005a88:	2000158c 	.word	0x2000158c
10005a8c:	20001538 	.word	0x20001538

10005a90 <usbd_edpt_release>:
10005a90:	000b      	movs	r3, r1
10005a92:	207f      	movs	r0, #127	@ 0x7f
10005a94:	b510      	push	{r4, lr}
10005a96:	4018      	ands	r0, r3
10005a98:	09db      	lsrs	r3, r3, #7
10005a9a:	3333      	adds	r3, #51	@ 0x33
10005a9c:	0040      	lsls	r0, r0, #1
10005a9e:	4a04      	ldr	r2, [pc, #16]	@ (10005ab0 <usbd_edpt_release+0x20>)
10005aa0:	18c0      	adds	r0, r0, r3
10005aa2:	4b04      	ldr	r3, [pc, #16]	@ (10005ab4 <usbd_edpt_release+0x24>)
10005aa4:	6811      	ldr	r1, [r2, #0]
10005aa6:	18c0      	adds	r0, r0, r3
10005aa8:	f000 fbf6 	bl	10006298 <tu_edpt_release>
10005aac:	bd10      	pop	{r4, pc}
10005aae:	46c0      	nop			@ (mov r8, r8)
10005ab0:	2000158c 	.word	0x2000158c
10005ab4:	20001538 	.word	0x20001538

10005ab8 <usbd_edpt_xfer>:
10005ab8:	b570      	push	{r4, r5, r6, lr}
10005aba:	247f      	movs	r4, #127	@ 0x7f
10005abc:	480f      	ldr	r0, [pc, #60]	@ (10005afc <usbd_edpt_xfer+0x44>)
10005abe:	400c      	ands	r4, r1
10005ac0:	0064      	lsls	r4, r4, #1
10005ac2:	1904      	adds	r4, r0, r4
10005ac4:	09cd      	lsrs	r5, r1, #7
10005ac6:	1964      	adds	r4, r4, r5
10005ac8:	3430      	adds	r4, #48	@ 0x30
10005aca:	78e0      	ldrb	r0, [r4, #3]
10005acc:	07c0      	lsls	r0, r0, #31
10005ace:	d501      	bpl.n	10005ad4 <usbd_edpt_xfer+0x1c>
10005ad0:	2000      	movs	r0, #0
10005ad2:	bd70      	pop	{r4, r5, r6, pc}
10005ad4:	2601      	movs	r6, #1
10005ad6:	78e5      	ldrb	r5, [r4, #3]
10005ad8:	4809      	ldr	r0, [pc, #36]	@ (10005b00 <usbd_edpt_xfer+0x48>)
10005ada:	4335      	orrs	r5, r6
10005adc:	7800      	ldrb	r0, [r0, #0]
10005ade:	70e5      	strb	r5, [r4, #3]
10005ae0:	f7ff f9fc 	bl	10004edc <dcd_edpt_xfer>
10005ae4:	2800      	cmp	r0, #0
10005ae6:	d1f4      	bne.n	10005ad2 <usbd_edpt_xfer+0x1a>
10005ae8:	2201      	movs	r2, #1
10005aea:	78e3      	ldrb	r3, [r4, #3]
10005aec:	4393      	bics	r3, r2
10005aee:	70e3      	strb	r3, [r4, #3]
10005af0:	78e3      	ldrb	r3, [r4, #3]
10005af2:	3203      	adds	r2, #3
10005af4:	4393      	bics	r3, r2
10005af6:	70e3      	strb	r3, [r4, #3]
10005af8:	e7ea      	b.n	10005ad0 <usbd_edpt_xfer+0x18>
10005afa:	46c0      	nop			@ (mov r8, r8)
10005afc:	20001538 	.word	0x20001538
10005b00:	20000ebc 	.word	0x20000ebc

10005b04 <tud_control_status>:
10005b04:	b570      	push	{r4, r5, r6, lr}
10005b06:	4c09      	ldr	r4, [pc, #36]	@ (10005b2c <tud_control_status+0x28>)
10005b08:	0006      	movs	r6, r0
10005b0a:	2208      	movs	r2, #8
10005b0c:	0020      	movs	r0, r4
10005b0e:	000d      	movs	r5, r1
10005b10:	f7fe fb94 	bl	1000423c <__wrap___aeabi_memcpy>
10005b14:	2300      	movs	r3, #0
10005b16:	2180      	movs	r1, #128	@ 0x80
10005b18:	60e3      	str	r3, [r4, #12]
10005b1a:	60a3      	str	r3, [r4, #8]
10005b1c:	782b      	ldrb	r3, [r5, #0]
10005b1e:	0030      	movs	r0, r6
10005b20:	4399      	bics	r1, r3
10005b22:	2200      	movs	r2, #0
10005b24:	2300      	movs	r3, #0
10005b26:	f7ff ffc7 	bl	10005ab8 <usbd_edpt_xfer>
10005b2a:	bd70      	pop	{r4, r5, r6, pc}
10005b2c:	200014dc 	.word	0x200014dc

10005b30 <tud_control_xfer>:
10005b30:	b5f8      	push	{r3, r4, r5, r6, r7, lr}
10005b32:	46ce      	mov	lr, r9
10005b34:	4647      	mov	r7, r8
10005b36:	4690      	mov	r8, r2
10005b38:	4e26      	ldr	r6, [pc, #152]	@ (10005bd4 <tud_control_xfer+0xa4>)
10005b3a:	b580      	push	{r7, lr}
10005b3c:	4681      	mov	r9, r0
10005b3e:	2208      	movs	r2, #8
10005b40:	0030      	movs	r0, r6
10005b42:	000d      	movs	r5, r1
10005b44:	001f      	movs	r7, r3
10005b46:	f7fe fb79 	bl	1000423c <__wrap___aeabi_memcpy>
10005b4a:	4643      	mov	r3, r8
10005b4c:	60b3      	str	r3, [r6, #8]
10005b4e:	2300      	movs	r3, #0
10005b50:	81f3      	strh	r3, [r6, #14]
10005b52:	79ec      	ldrb	r4, [r5, #7]
10005b54:	79ab      	ldrb	r3, [r5, #6]
10005b56:	0224      	lsls	r4, r4, #8
10005b58:	431c      	orrs	r4, r3
10005b5a:	1c23      	adds	r3, r4, #0
10005b5c:	42bc      	cmp	r4, r7
10005b5e:	d900      	bls.n	10005b62 <tud_control_xfer+0x32>
10005b60:	1c3b      	adds	r3, r7, #0
10005b62:	b29f      	uxth	r7, r3
10005b64:	81b3      	strh	r3, [r6, #12]
10005b66:	2c00      	cmp	r4, #0
10005b68:	d00e      	beq.n	10005b88 <tud_control_xfer+0x58>
10005b6a:	2f00      	cmp	r7, #0
10005b6c:	d018      	beq.n	10005ba0 <tud_control_xfer+0x70>
10005b6e:	4643      	mov	r3, r8
10005b70:	2b00      	cmp	r3, #0
10005b72:	d02c      	beq.n	10005bce <tud_control_xfer+0x9e>
10005b74:	1c3b      	adds	r3, r7, #0
10005b76:	2f40      	cmp	r7, #64	@ 0x40
10005b78:	d81b      	bhi.n	10005bb2 <tud_control_xfer+0x82>
10005b7a:	b29f      	uxth	r7, r3
10005b7c:	7833      	ldrb	r3, [r6, #0]
10005b7e:	2b7f      	cmp	r3, #127	@ 0x7f
10005b80:	d81c      	bhi.n	10005bbc <tud_control_xfer+0x8c>
10005b82:	2100      	movs	r1, #0
10005b84:	4a14      	ldr	r2, [pc, #80]	@ (10005bd8 <tud_control_xfer+0xa8>)
10005b86:	e00f      	b.n	10005ba8 <tud_control_xfer+0x78>
10005b88:	2180      	movs	r1, #128	@ 0x80
10005b8a:	782b      	ldrb	r3, [r5, #0]
10005b8c:	2200      	movs	r2, #0
10005b8e:	4399      	bics	r1, r3
10005b90:	4648      	mov	r0, r9
10005b92:	2300      	movs	r3, #0
10005b94:	f7ff ff90 	bl	10005ab8 <usbd_edpt_xfer>
10005b98:	bcc0      	pop	{r6, r7}
10005b9a:	46b9      	mov	r9, r7
10005b9c:	46b0      	mov	r8, r6
10005b9e:	bdf8      	pop	{r3, r4, r5, r6, r7, pc}
10005ba0:	237f      	movs	r3, #127	@ 0x7f
10005ba2:	2200      	movs	r2, #0
10005ba4:	7831      	ldrb	r1, [r6, #0]
10005ba6:	4399      	bics	r1, r3
10005ba8:	003b      	movs	r3, r7
10005baa:	4648      	mov	r0, r9
10005bac:	f7ff ff84 	bl	10005ab8 <usbd_edpt_xfer>
10005bb0:	e7f2      	b.n	10005b98 <tud_control_xfer+0x68>
10005bb2:	2340      	movs	r3, #64	@ 0x40
10005bb4:	b29f      	uxth	r7, r3
10005bb6:	7833      	ldrb	r3, [r6, #0]
10005bb8:	2b7f      	cmp	r3, #127	@ 0x7f
10005bba:	d9e2      	bls.n	10005b82 <tud_control_xfer+0x52>
10005bbc:	4c06      	ldr	r4, [pc, #24]	@ (10005bd8 <tud_control_xfer+0xa8>)
10005bbe:	003a      	movs	r2, r7
10005bc0:	4641      	mov	r1, r8
10005bc2:	0020      	movs	r0, r4
10005bc4:	f7fe fb3a 	bl	1000423c <__wrap___aeabi_memcpy>
10005bc8:	2180      	movs	r1, #128	@ 0x80
10005bca:	0022      	movs	r2, r4
10005bcc:	e7ec      	b.n	10005ba8 <tud_control_xfer+0x78>
10005bce:	2000      	movs	r0, #0
10005bd0:	e7e2      	b.n	10005b98 <tud_control_xfer+0x68>
10005bd2:	46c0      	nop			@ (mov r8, r8)
10005bd4:	200014dc 	.word	0x200014dc
10005bd8:	200014f8 	.word	0x200014f8

10005bdc <usbd_control_reset>:
10005bdc:	b510      	push	{r4, lr}
10005bde:	2214      	movs	r2, #20
10005be0:	2100      	movs	r1, #0
10005be2:	4802      	ldr	r0, [pc, #8]	@ (10005bec <usbd_control_reset+0x10>)
10005be4:	f7fe fb24 	bl	10004230 <__wrap_memset>
10005be8:	bd10      	pop	{r4, pc}
10005bea:	46c0      	nop			@ (mov r8, r8)
10005bec:	200014dc 	.word	0x200014dc

10005bf0 <usbd_control_set_complete_callback>:
10005bf0:	4b01      	ldr	r3, [pc, #4]	@ (10005bf8 <usbd_control_set_complete_callback+0x8>)
10005bf2:	6118      	str	r0, [r3, #16]
10005bf4:	4770      	bx	lr
10005bf6:	46c0      	nop			@ (mov r8, r8)
10005bf8:	200014dc 	.word	0x200014dc

10005bfc <usbd_control_set_request>:
10005bfc:	b510      	push	{r4, lr}
10005bfe:	4c05      	ldr	r4, [pc, #20]	@ (10005c14 <usbd_control_set_request+0x18>)
10005c00:	0001      	movs	r1, r0
10005c02:	2208      	movs	r2, #8
10005c04:	0020      	movs	r0, r4
10005c06:	f7fe fb19 	bl	1000423c <__wrap___aeabi_memcpy>
10005c0a:	2300      	movs	r3, #0
10005c0c:	60a3      	str	r3, [r4, #8]
10005c0e:	60e3      	str	r3, [r4, #12]
10005c10:	bd10      	pop	{r4, pc}
10005c12:	46c0      	nop			@ (mov r8, r8)
10005c14:	200014dc 	.word	0x200014dc

10005c18 <usbd_control_xfer_cb>:
10005c18:	b570      	push	{r4, r5, r6, lr}
10005c1a:	4c39      	ldr	r4, [pc, #228]	@ (10005d00 <usbd_control_xfer_cb+0xe8>)
10005c1c:	001d      	movs	r5, r3
10005c1e:	7823      	ldrb	r3, [r4, #0]
10005c20:	0006      	movs	r6, r0
10005c22:	09da      	lsrs	r2, r3, #7
10005c24:	09c9      	lsrs	r1, r1, #7
10005c26:	428a      	cmp	r2, r1
10005c28:	d013      	beq.n	10005c52 <usbd_control_xfer_cb+0x3a>
10005c2a:	2000      	movs	r0, #0
10005c2c:	2d00      	cmp	r5, #0
10005c2e:	d000      	beq.n	10005c32 <usbd_control_xfer_cb+0x1a>
10005c30:	bd70      	pop	{r4, r5, r6, pc}
10005c32:	4b34      	ldr	r3, [pc, #208]	@ (10005d04 <usbd_control_xfer_cb+0xec>)
10005c34:	2b00      	cmp	r3, #0
10005c36:	d003      	beq.n	10005c40 <usbd_control_xfer_cb+0x28>
10005c38:	0021      	movs	r1, r4
10005c3a:	0030      	movs	r0, r6
10005c3c:	f7ff f8b8 	bl	10004db0 <dcd_edpt0_status_complete>
10005c40:	6923      	ldr	r3, [r4, #16]
10005c42:	2b00      	cmp	r3, #0
10005c44:	d003      	beq.n	10005c4e <usbd_control_xfer_cb+0x36>
10005c46:	0022      	movs	r2, r4
10005c48:	2103      	movs	r1, #3
10005c4a:	0030      	movs	r0, r6
10005c4c:	4798      	blx	r3
10005c4e:	2001      	movs	r0, #1
10005c50:	e7ee      	b.n	10005c30 <usbd_control_xfer_cb+0x18>
10005c52:	68a0      	ldr	r0, [r4, #8]
10005c54:	2b7f      	cmp	r3, #127	@ 0x7f
10005c56:	d805      	bhi.n	10005c64 <usbd_control_xfer_cb+0x4c>
10005c58:	2800      	cmp	r0, #0
10005c5a:	d034      	beq.n	10005cc6 <usbd_control_xfer_cb+0xae>
10005c5c:	002a      	movs	r2, r5
10005c5e:	492a      	ldr	r1, [pc, #168]	@ (10005d08 <usbd_control_xfer_cb+0xf0>)
10005c60:	f7fe faec 	bl	1000423c <__wrap___aeabi_memcpy>
10005c64:	89e2      	ldrh	r2, [r4, #14]
10005c66:	68a1      	ldr	r1, [r4, #8]
10005c68:	1952      	adds	r2, r2, r5
10005c6a:	88e3      	ldrh	r3, [r4, #6]
10005c6c:	b292      	uxth	r2, r2
10005c6e:	1949      	adds	r1, r1, r5
10005c70:	81e2      	strh	r2, [r4, #14]
10005c72:	60a1      	str	r1, [r4, #8]
10005c74:	4293      	cmp	r3, r2
10005c76:	d014      	beq.n	10005ca2 <usbd_control_xfer_cb+0x8a>
10005c78:	2d3f      	cmp	r5, #63	@ 0x3f
10005c7a:	d912      	bls.n	10005ca2 <usbd_control_xfer_cb+0x8a>
10005c7c:	89a3      	ldrh	r3, [r4, #12]
10005c7e:	1a98      	subs	r0, r3, r2
10005c80:	1c05      	adds	r5, r0, #0
10005c82:	b280      	uxth	r0, r0
10005c84:	2840      	cmp	r0, #64	@ 0x40
10005c86:	d82a      	bhi.n	10005cde <usbd_control_xfer_cb+0xc6>
10005c88:	7820      	ldrb	r0, [r4, #0]
10005c8a:	b2ad      	uxth	r5, r5
10005c8c:	287f      	cmp	r0, #127	@ 0x7f
10005c8e:	d828      	bhi.n	10005ce2 <usbd_control_xfer_cb+0xca>
10005c90:	2100      	movs	r1, #0
10005c92:	429a      	cmp	r2, r3
10005c94:	d032      	beq.n	10005cfc <usbd_control_xfer_cb+0xe4>
10005c96:	4a1c      	ldr	r2, [pc, #112]	@ (10005d08 <usbd_control_xfer_cb+0xf0>)
10005c98:	002b      	movs	r3, r5
10005c9a:	0030      	movs	r0, r6
10005c9c:	f7ff ff0c 	bl	10005ab8 <usbd_edpt_xfer>
10005ca0:	e7c6      	b.n	10005c30 <usbd_control_xfer_cb+0x18>
10005ca2:	6923      	ldr	r3, [r4, #16]
10005ca4:	2b00      	cmp	r3, #0
10005ca6:	d005      	beq.n	10005cb4 <usbd_control_xfer_cb+0x9c>
10005ca8:	0022      	movs	r2, r4
10005caa:	2102      	movs	r1, #2
10005cac:	0030      	movs	r0, r6
10005cae:	4798      	blx	r3
10005cb0:	2800      	cmp	r0, #0
10005cb2:	d00a      	beq.n	10005cca <usbd_control_xfer_cb+0xb2>
10005cb4:	2180      	movs	r1, #128	@ 0x80
10005cb6:	7823      	ldrb	r3, [r4, #0]
10005cb8:	2200      	movs	r2, #0
10005cba:	4399      	bics	r1, r3
10005cbc:	0030      	movs	r0, r6
10005cbe:	2300      	movs	r3, #0
10005cc0:	f7ff fefa 	bl	10005ab8 <usbd_edpt_xfer>
10005cc4:	e7b4      	b.n	10005c30 <usbd_control_xfer_cb+0x18>
10005cc6:	2000      	movs	r0, #0
10005cc8:	e7b2      	b.n	10005c30 <usbd_control_xfer_cb+0x18>
10005cca:	2100      	movs	r1, #0
10005ccc:	0030      	movs	r0, r6
10005cce:	f7ff f917 	bl	10004f00 <dcd_edpt_stall>
10005cd2:	0030      	movs	r0, r6
10005cd4:	2180      	movs	r1, #128	@ 0x80
10005cd6:	f7ff f913 	bl	10004f00 <dcd_edpt_stall>
10005cda:	2001      	movs	r0, #1
10005cdc:	e7a8      	b.n	10005c30 <usbd_control_xfer_cb+0x18>
10005cde:	2540      	movs	r5, #64	@ 0x40
10005ce0:	e7d2      	b.n	10005c88 <usbd_control_xfer_cb+0x70>
10005ce2:	429a      	cmp	r2, r3
10005ce4:	d007      	beq.n	10005cf6 <usbd_control_xfer_cb+0xde>
10005ce6:	4c08      	ldr	r4, [pc, #32]	@ (10005d08 <usbd_control_xfer_cb+0xf0>)
10005ce8:	002a      	movs	r2, r5
10005cea:	0020      	movs	r0, r4
10005cec:	f7fe faa6 	bl	1000423c <__wrap___aeabi_memcpy>
10005cf0:	2180      	movs	r1, #128	@ 0x80
10005cf2:	0022      	movs	r2, r4
10005cf4:	e7d0      	b.n	10005c98 <usbd_control_xfer_cb+0x80>
10005cf6:	2180      	movs	r1, #128	@ 0x80
10005cf8:	2200      	movs	r2, #0
10005cfa:	e7cd      	b.n	10005c98 <usbd_control_xfer_cb+0x80>
10005cfc:	2200      	movs	r2, #0
10005cfe:	e7cb      	b.n	10005c98 <usbd_control_xfer_cb+0x80>
10005d00:	200014dc 	.word	0x200014dc
10005d04:	10004db1 	.word	0x10004db1
10005d08:	200014f8 	.word	0x200014f8

10005d0c <tud_cdc_n_connected>:
10005d0c:	b510      	push	{r4, lr}
10005d0e:	0004      	movs	r4, r0
10005d10:	f7ff f96e 	bl	10004ff0 <tud_mounted>
10005d14:	2800      	cmp	r0, #0
10005d16:	d101      	bne.n	10005d1c <tud_cdc_n_connected+0x10>
10005d18:	2000      	movs	r0, #0
10005d1a:	bd10      	pop	{r4, pc}
10005d1c:	f7ff f970 	bl	10005000 <tud_suspended>
10005d20:	2800      	cmp	r0, #0
10005d22:	d1f9      	bne.n	10005d18 <tud_cdc_n_connected+0xc>
10005d24:	22b2      	movs	r2, #178	@ 0xb2
10005d26:	0092      	lsls	r2, r2, #2
10005d28:	4362      	muls	r2, r4
10005d2a:	4b03      	ldr	r3, [pc, #12]	@ (10005d38 <tud_cdc_n_connected+0x2c>)
10005d2c:	3001      	adds	r0, #1
10005d2e:	189b      	adds	r3, r3, r2
10005d30:	791b      	ldrb	r3, [r3, #4]
10005d32:	4018      	ands	r0, r3
10005d34:	e7f1      	b.n	10005d1a <tud_cdc_n_connected+0xe>
10005d36:	46c0      	nop			@ (mov r8, r8)
10005d38:	20001214 	.word	0x20001214

10005d3c <tud_cdc_n_available>:
10005d3c:	23b2      	movs	r3, #178	@ 0xb2
10005d3e:	009b      	lsls	r3, r3, #2
10005d40:	4343      	muls	r3, r0
10005d42:	b510      	push	{r4, lr}
10005d44:	4802      	ldr	r0, [pc, #8]	@ (10005d50 <tud_cdc_n_available+0x14>)
10005d46:	1818      	adds	r0, r3, r0
10005d48:	f000 fb50 	bl	100063ec <tu_fifo_count>
10005d4c:	bd10      	pop	{r4, pc}
10005d4e:	46c0      	nop			@ (mov r8, r8)
10005d50:	20001224 	.word	0x20001224

10005d54 <tud_cdc_n_read>:
10005d54:	b5f0      	push	{r4, r5, r6, r7, lr}
10005d56:	25b2      	movs	r5, #178	@ 0xb2
10005d58:	00ad      	lsls	r5, r5, #2
10005d5a:	4345      	muls	r5, r0
10005d5c:	002c      	movs	r4, r5
10005d5e:	46c6      	mov	lr, r8
10005d60:	4f17      	ldr	r7, [pc, #92]	@ (10005dc0 <tud_cdc_n_read+0x6c>)
10005d62:	3410      	adds	r4, #16
10005d64:	19e4      	adds	r4, r4, r7
10005d66:	b500      	push	{lr}
10005d68:	0020      	movs	r0, r4
10005d6a:	b292      	uxth	r2, r2
10005d6c:	f000 fbc0 	bl	100064f0 <tu_fifo_read_n>
10005d70:	0006      	movs	r6, r0
10005d72:	0020      	movs	r0, r4
10005d74:	f000 fb58 	bl	10006428 <tu_fifo_remaining>
10005d78:	283f      	cmp	r0, #63	@ 0x3f
10005d7a:	d803      	bhi.n	10005d84 <tud_cdc_n_read+0x30>
10005d7c:	0030      	movs	r0, r6
10005d7e:	bc80      	pop	{r7}
10005d80:	46b8      	mov	r8, r7
10005d82:	bdf0      	pop	{r4, r5, r6, r7, pc}
10005d84:	197b      	adds	r3, r7, r5
10005d86:	2000      	movs	r0, #0
10005d88:	78d9      	ldrb	r1, [r3, #3]
10005d8a:	4698      	mov	r8, r3
10005d8c:	f7ff fe6c 	bl	10005a68 <usbd_edpt_claim>
10005d90:	2800      	cmp	r0, #0
10005d92:	d0f3      	beq.n	10005d7c <tud_cdc_n_read+0x28>
10005d94:	0020      	movs	r0, r4
10005d96:	f000 fb47 	bl	10006428 <tu_fifo_remaining>
10005d9a:	283f      	cmp	r0, #63	@ 0x3f
10005d9c:	d90a      	bls.n	10005db4 <tud_cdc_n_read+0x60>
10005d9e:	2392      	movs	r3, #146	@ 0x92
10005da0:	009b      	lsls	r3, r3, #2
10005da2:	18ea      	adds	r2, r5, r3
10005da4:	4643      	mov	r3, r8
10005da6:	19d2      	adds	r2, r2, r7
10005da8:	78d9      	ldrb	r1, [r3, #3]
10005daa:	2000      	movs	r0, #0
10005dac:	2340      	movs	r3, #64	@ 0x40
10005dae:	f7ff fe83 	bl	10005ab8 <usbd_edpt_xfer>
10005db2:	e7e3      	b.n	10005d7c <tud_cdc_n_read+0x28>
10005db4:	4643      	mov	r3, r8
10005db6:	2000      	movs	r0, #0
10005db8:	78d9      	ldrb	r1, [r3, #3]
10005dba:	f7ff fe69 	bl	10005a90 <usbd_edpt_release>
10005dbe:	e7dd      	b.n	10005d7c <tud_cdc_n_read+0x28>
10005dc0:	20001214 	.word	0x20001214

10005dc4 <tud_cdc_n_write_flush>:
10005dc4:	b5f8      	push	{r3, r4, r5, r6, r7, lr}
10005dc6:	0004      	movs	r4, r0
10005dc8:	f7ff f912 	bl	10004ff0 <tud_mounted>
10005dcc:	2800      	cmp	r0, #0
10005dce:	d101      	bne.n	10005dd4 <tud_cdc_n_write_flush+0x10>
10005dd0:	2000      	movs	r0, #0
10005dd2:	bdf8      	pop	{r3, r4, r5, r6, r7, pc}
10005dd4:	f7ff f914 	bl	10005000 <tud_suspended>
10005dd8:	2800      	cmp	r0, #0
10005dda:	d1f9      	bne.n	10005dd0 <tud_cdc_n_write_flush+0xc>
10005ddc:	23b2      	movs	r3, #178	@ 0xb2
10005dde:	009b      	lsls	r3, r3, #2
10005de0:	435c      	muls	r4, r3
10005de2:	0025      	movs	r5, r4
10005de4:	4e14      	ldr	r6, [pc, #80]	@ (10005e38 <tud_cdc_n_write_flush+0x74>)
10005de6:	3524      	adds	r5, #36	@ 0x24
10005de8:	19ad      	adds	r5, r5, r6
10005dea:	0028      	movs	r0, r5
10005dec:	f000 fafe 	bl	100063ec <tu_fifo_count>
10005df0:	2800      	cmp	r0, #0
10005df2:	d0ed      	beq.n	10005dd0 <tud_cdc_n_write_flush+0xc>
10005df4:	1937      	adds	r7, r6, r4
10005df6:	2000      	movs	r0, #0
10005df8:	78b9      	ldrb	r1, [r7, #2]
10005dfa:	f7ff fe35 	bl	10005a68 <usbd_edpt_claim>
10005dfe:	2800      	cmp	r0, #0
10005e00:	d0e6      	beq.n	10005dd0 <tud_cdc_n_write_flush+0xc>
10005e02:	23a2      	movs	r3, #162	@ 0xa2
10005e04:	009b      	lsls	r3, r3, #2
10005e06:	469c      	mov	ip, r3
10005e08:	4464      	add	r4, ip
10005e0a:	19a4      	adds	r4, r4, r6
10005e0c:	0021      	movs	r1, r4
10005e0e:	0028      	movs	r0, r5
10005e10:	2240      	movs	r2, #64	@ 0x40
10005e12:	f000 fb6d 	bl	100064f0 <tu_fifo_read_n>
10005e16:	78b9      	ldrb	r1, [r7, #2]
10005e18:	1e05      	subs	r5, r0, #0
10005e1a:	d008      	beq.n	10005e2e <tud_cdc_n_write_flush+0x6a>
10005e1c:	0003      	movs	r3, r0
10005e1e:	0022      	movs	r2, r4
10005e20:	2000      	movs	r0, #0
10005e22:	f7ff fe49 	bl	10005ab8 <usbd_edpt_xfer>
10005e26:	2800      	cmp	r0, #0
10005e28:	d0d2      	beq.n	10005dd0 <tud_cdc_n_write_flush+0xc>
10005e2a:	0028      	movs	r0, r5
10005e2c:	e7d1      	b.n	10005dd2 <tud_cdc_n_write_flush+0xe>
10005e2e:	2000      	movs	r0, #0
10005e30:	f7ff fe2e 	bl	10005a90 <usbd_edpt_release>
10005e34:	e7cc      	b.n	10005dd0 <tud_cdc_n_write_flush+0xc>
10005e36:	46c0      	nop			@ (mov r8, r8)
10005e38:	20001214 	.word	0x20001214

10005e3c <tud_cdc_n_write>:
10005e3c:	b570      	push	{r4, r5, r6, lr}
10005e3e:	24b2      	movs	r4, #178	@ 0xb2
10005e40:	00a4      	lsls	r4, r4, #2
10005e42:	4344      	muls	r4, r0
10005e44:	4b09      	ldr	r3, [pc, #36]	@ (10005e6c <tud_cdc_n_write+0x30>)
10005e46:	0005      	movs	r5, r0
10005e48:	18e4      	adds	r4, r4, r3
10005e4a:	0020      	movs	r0, r4
10005e4c:	b292      	uxth	r2, r2
10005e4e:	f000 fc17 	bl	10006680 <tu_fifo_write_n>
10005e52:	0006      	movs	r6, r0
10005e54:	0020      	movs	r0, r4
10005e56:	f000 fac9 	bl	100063ec <tu_fifo_count>
10005e5a:	283f      	cmp	r0, #63	@ 0x3f
10005e5c:	d801      	bhi.n	10005e62 <tud_cdc_n_write+0x26>
10005e5e:	0030      	movs	r0, r6
10005e60:	bd70      	pop	{r4, r5, r6, pc}
10005e62:	0028      	movs	r0, r5
10005e64:	f7ff ffae 	bl	10005dc4 <tud_cdc_n_write_flush>
10005e68:	e7f9      	b.n	10005e5e <tud_cdc_n_write+0x22>
10005e6a:	46c0      	nop			@ (mov r8, r8)
10005e6c:	20001238 	.word	0x20001238

10005e70 <tud_cdc_n_write_available>:
10005e70:	23b2      	movs	r3, #178	@ 0xb2
10005e72:	009b      	lsls	r3, r3, #2
10005e74:	4343      	muls	r3, r0
10005e76:	b510      	push	{r4, lr}
10005e78:	4802      	ldr	r0, [pc, #8]	@ (10005e84 <tud_cdc_n_write_available+0x14>)
10005e7a:	1818      	adds	r0, r3, r0
10005e7c:	f000 fad4 	bl	10006428 <tu_fifo_remaining>
10005e80:	bd10      	pop	{r4, pc}
10005e82:	46c0      	nop			@ (mov r8, r8)
10005e84:	20001238 	.word	0x20001238

10005e88 <cdcd_init>:
10005e88:	22b2      	movs	r2, #178	@ 0xb2
10005e8a:	b5f0      	push	{r4, r5, r6, r7, lr}
10005e8c:	4c1b      	ldr	r4, [pc, #108]	@ (10005efc <cdcd_init+0x74>)
10005e8e:	b083      	sub	sp, #12
10005e90:	2100      	movs	r1, #0
10005e92:	0020      	movs	r0, r4
10005e94:	0092      	lsls	r2, r2, #2
10005e96:	f7fe f9cb 	bl	10004230 <__wrap_memset>
10005e9a:	23ff      	movs	r3, #255	@ 0xff
10005e9c:	7163      	strb	r3, [r4, #5]
10005e9e:	4b18      	ldr	r3, [pc, #96]	@ (10005f00 <cdcd_init+0x78>)
10005ea0:	2680      	movs	r6, #128	@ 0x80
10005ea2:	2500      	movs	r5, #0
10005ea4:	80e3      	strh	r3, [r4, #6]
10005ea6:	2701      	movs	r7, #1
10005ea8:	2308      	movs	r3, #8
10005eaa:	0021      	movs	r1, r4
10005eac:	0020      	movs	r0, r4
10005eae:	0076      	lsls	r6, r6, #1
10005eb0:	7323      	strb	r3, [r4, #12]
10005eb2:	0032      	movs	r2, r6
10005eb4:	8127      	strh	r7, [r4, #8]
10005eb6:	3138      	adds	r1, #56	@ 0x38
10005eb8:	9500      	str	r5, [sp, #0]
10005eba:	3b07      	subs	r3, #7
10005ebc:	3010      	adds	r0, #16
10005ebe:	f000 fa5f 	bl	10006380 <tu_fifo_config>
10005ec2:	0021      	movs	r1, r4
10005ec4:	0020      	movs	r0, r4
10005ec6:	3139      	adds	r1, #57	@ 0x39
10005ec8:	0032      	movs	r2, r6
10005eca:	31ff      	adds	r1, #255	@ 0xff
10005ecc:	2301      	movs	r3, #1
10005ece:	9700      	str	r7, [sp, #0]
10005ed0:	3024      	adds	r0, #36	@ 0x24
10005ed2:	f000 fa55 	bl	10006380 <tu_fifo_config>
10005ed6:	238e      	movs	r3, #142	@ 0x8e
10005ed8:	009b      	lsls	r3, r3, #2
10005eda:	18e6      	adds	r6, r4, r3
10005edc:	0030      	movs	r0, r6
10005ede:	f7fa fd97 	bl	10000a10 <mutex_init>
10005ee2:	2390      	movs	r3, #144	@ 0x90
10005ee4:	009b      	lsls	r3, r3, #2
10005ee6:	6226      	str	r6, [r4, #32]
10005ee8:	18e6      	adds	r6, r4, r3
10005eea:	0030      	movs	r0, r6
10005eec:	61e5      	str	r5, [r4, #28]
10005eee:	f7fa fd8f 	bl	10000a10 <mutex_init>
10005ef2:	6326      	str	r6, [r4, #48]	@ 0x30
10005ef4:	6365      	str	r5, [r4, #52]	@ 0x34
10005ef6:	b003      	add	sp, #12
10005ef8:	bdf0      	pop	{r4, r5, r6, r7, pc}
10005efa:	46c0      	nop			@ (mov r8, r8)
10005efc:	20001214 	.word	0x20001214
10005f00:	ffffc200 	.word	0xffffc200

10005f04 <cdcd_reset>:
10005f04:	b510      	push	{r4, lr}
10005f06:	4c09      	ldr	r4, [pc, #36]	@ (10005f2c <cdcd_reset+0x28>)
10005f08:	2205      	movs	r2, #5
10005f0a:	2100      	movs	r1, #0
10005f0c:	0020      	movs	r0, r4
10005f0e:	f7fe f98f 	bl	10004230 <__wrap_memset>
10005f12:	0020      	movs	r0, r4
10005f14:	3424      	adds	r4, #36	@ 0x24
10005f16:	3010      	adds	r0, #16
10005f18:	f000 fc6e 	bl	100067f8 <tu_fifo_clear>
10005f1c:	0020      	movs	r0, r4
10005f1e:	f000 fc6b 	bl	100067f8 <tu_fifo_clear>
10005f22:	2101      	movs	r1, #1
10005f24:	0020      	movs	r0, r4
10005f26:	f000 fc87 	bl	10006838 <tu_fifo_set_overwritable>
10005f2a:	bd10      	pop	{r4, pc}
10005f2c:	20001214 	.word	0x20001214

10005f30 <cdcd_open>:
10005f30:	b5f0      	push	{r4, r5, r6, r7, lr}
10005f32:	794b      	ldrb	r3, [r1, #5]
10005f34:	0006      	movs	r6, r0
10005f36:	b083      	sub	sp, #12
10005f38:	2b02      	cmp	r3, #2
10005f3a:	d102      	bne.n	10005f42 <cdcd_open+0x12>
10005f3c:	798b      	ldrb	r3, [r1, #6]
10005f3e:	2b02      	cmp	r3, #2
10005f40:	d003      	beq.n	10005f4a <cdcd_open+0x1a>
10005f42:	2500      	movs	r5, #0
10005f44:	0028      	movs	r0, r5
10005f46:	b003      	add	sp, #12
10005f48:	bdf0      	pop	{r4, r5, r6, r7, pc}
10005f4a:	4f2f      	ldr	r7, [pc, #188]	@ (10006008 <cdcd_open+0xd8>)
10005f4c:	78bb      	ldrb	r3, [r7, #2]
10005f4e:	2b00      	cmp	r3, #0
10005f50:	d1f7      	bne.n	10005f42 <cdcd_open+0x12>
10005f52:	788b      	ldrb	r3, [r1, #2]
10005f54:	2509      	movs	r5, #9
10005f56:	703b      	strb	r3, [r7, #0]
10005f58:	780c      	ldrb	r4, [r1, #0]
10005f5a:	190c      	adds	r4, r1, r4
10005f5c:	7863      	ldrb	r3, [r4, #1]
10005f5e:	2b24      	cmp	r3, #36	@ 0x24
10005f60:	d10b      	bne.n	10005f7a <cdcd_open+0x4a>
10005f62:	2a08      	cmp	r2, #8
10005f64:	d802      	bhi.n	10005f6c <cdcd_open+0x3c>
10005f66:	e01f      	b.n	10005fa8 <cdcd_open+0x78>
10005f68:	42aa      	cmp	r2, r5
10005f6a:	d31d      	bcc.n	10005fa8 <cdcd_open+0x78>
10005f6c:	7823      	ldrb	r3, [r4, #0]
10005f6e:	18e4      	adds	r4, r4, r3
10005f70:	195d      	adds	r5, r3, r5
10005f72:	7863      	ldrb	r3, [r4, #1]
10005f74:	b2ad      	uxth	r5, r5
10005f76:	2b24      	cmp	r3, #36	@ 0x24
10005f78:	d0f6      	beq.n	10005f68 <cdcd_open+0x38>
10005f7a:	2b05      	cmp	r3, #5
10005f7c:	d031      	beq.n	10005fe2 <cdcd_open+0xb2>
10005f7e:	2b04      	cmp	r3, #4
10005f80:	d112      	bne.n	10005fa8 <cdcd_open+0x78>
10005f82:	7963      	ldrb	r3, [r4, #5]
10005f84:	2b0a      	cmp	r3, #10
10005f86:	d10f      	bne.n	10005fa8 <cdcd_open+0x78>
10005f88:	4b20      	ldr	r3, [pc, #128]	@ (1000600c <cdcd_open+0xdc>)
10005f8a:	7827      	ldrb	r7, [r4, #0]
10005f8c:	9301      	str	r3, [sp, #4]
10005f8e:	3301      	adds	r3, #1
10005f90:	9300      	str	r3, [sp, #0]
10005f92:	2202      	movs	r2, #2
10005f94:	2302      	movs	r3, #2
10005f96:	0030      	movs	r0, r6
10005f98:	19e1      	adds	r1, r4, r7
10005f9a:	f7ff fcd9 	bl	10005950 <usbd_open_edpt_pair>
10005f9e:	2800      	cmp	r0, #0
10005fa0:	d0cf      	beq.n	10005f42 <cdcd_open+0x12>
10005fa2:	350e      	adds	r5, #14
10005fa4:	19ed      	adds	r5, r5, r7
10005fa6:	b2ad      	uxth	r5, r5
10005fa8:	4c19      	ldr	r4, [pc, #100]	@ (10006010 <cdcd_open+0xe0>)
10005faa:	0020      	movs	r0, r4
10005fac:	f000 fa3c 	bl	10006428 <tu_fifo_remaining>
10005fb0:	283f      	cmp	r0, #63	@ 0x3f
10005fb2:	d9c7      	bls.n	10005f44 <cdcd_open+0x14>
10005fb4:	0026      	movs	r6, r4
10005fb6:	3e10      	subs	r6, #16
10005fb8:	2000      	movs	r0, #0
10005fba:	78f1      	ldrb	r1, [r6, #3]
10005fbc:	f7ff fd54 	bl	10005a68 <usbd_edpt_claim>
10005fc0:	2800      	cmp	r0, #0
10005fc2:	d0bf      	beq.n	10005f44 <cdcd_open+0x14>
10005fc4:	0020      	movs	r0, r4
10005fc6:	f000 fa2f 	bl	10006428 <tu_fifo_remaining>
10005fca:	283f      	cmp	r0, #63	@ 0x3f
10005fcc:	d917      	bls.n	10005ffe <cdcd_open+0xce>
10005fce:	238e      	movs	r3, #142	@ 0x8e
10005fd0:	009b      	lsls	r3, r3, #2
10005fd2:	18e2      	adds	r2, r4, r3
10005fd4:	3bf9      	subs	r3, #249	@ 0xf9
10005fd6:	78f1      	ldrb	r1, [r6, #3]
10005fd8:	3bff      	subs	r3, #255	@ 0xff
10005fda:	2000      	movs	r0, #0
10005fdc:	f7ff fd6c 	bl	10005ab8 <usbd_edpt_xfer>
10005fe0:	e7b0      	b.n	10005f44 <cdcd_open+0x14>
10005fe2:	0021      	movs	r1, r4
10005fe4:	0030      	movs	r0, r6
10005fe6:	f7ff fd25 	bl	10005a34 <usbd_edpt_open>
10005fea:	2800      	cmp	r0, #0
10005fec:	d0a9      	beq.n	10005f42 <cdcd_open+0x12>
10005fee:	78a3      	ldrb	r3, [r4, #2]
10005ff0:	707b      	strb	r3, [r7, #1]
10005ff2:	7823      	ldrb	r3, [r4, #0]
10005ff4:	195d      	adds	r5, r3, r5
10005ff6:	18e4      	adds	r4, r4, r3
10005ff8:	7863      	ldrb	r3, [r4, #1]
10005ffa:	b2ad      	uxth	r5, r5
10005ffc:	e7bf      	b.n	10005f7e <cdcd_open+0x4e>
10005ffe:	78f1      	ldrb	r1, [r6, #3]
10006000:	2000      	movs	r0, #0
10006002:	f7ff fd45 	bl	10005a90 <usbd_edpt_release>
10006006:	e79d      	b.n	10005f44 <cdcd_open+0x14>
10006008:	20001214 	.word	0x20001214
1000600c:	20001216 	.word	0x20001216
10006010:	20001224 	.word	0x20001224

10006014 <cdcd_control_xfer_cb>:
10006014:	b5f8      	push	{r3, r4, r5, r6, r7, lr}
10006016:	2360      	movs	r3, #96	@ 0x60
10006018:	0014      	movs	r4, r2
1000601a:	7812      	ldrb	r2, [r2, #0]
1000601c:	0005      	movs	r5, r0
1000601e:	4013      	ands	r3, r2
10006020:	2000      	movs	r0, #0
10006022:	2b20      	cmp	r3, #32
10006024:	d112      	bne.n	1000604c <cdcd_control_xfer_cb+0x38>
10006026:	4a2f      	ldr	r2, [pc, #188]	@ (100060e4 <cdcd_control_xfer_cb+0xd0>)
10006028:	7963      	ldrb	r3, [r4, #5]
1000602a:	7927      	ldrb	r7, [r4, #4]
1000602c:	7816      	ldrb	r6, [r2, #0]
1000602e:	021b      	lsls	r3, r3, #8
10006030:	433b      	orrs	r3, r7
10006032:	429e      	cmp	r6, r3
10006034:	d10a      	bne.n	1000604c <cdcd_control_xfer_cb+0x38>
10006036:	7863      	ldrb	r3, [r4, #1]
10006038:	2b22      	cmp	r3, #34	@ 0x22
1000603a:	d01a      	beq.n	10006072 <cdcd_control_xfer_cb+0x5e>
1000603c:	d807      	bhi.n	1000604e <cdcd_control_xfer_cb+0x3a>
1000603e:	2b20      	cmp	r3, #32
10006040:	d03c      	beq.n	100060bc <cdcd_control_xfer_cb+0xa8>
10006042:	2b21      	cmp	r3, #33	@ 0x21
10006044:	d102      	bne.n	1000604c <cdcd_control_xfer_cb+0x38>
10006046:	2901      	cmp	r1, #1
10006048:	d030      	beq.n	100060ac <cdcd_control_xfer_cb+0x98>
1000604a:	2001      	movs	r0, #1
1000604c:	bdf8      	pop	{r3, r4, r5, r6, r7, pc}
1000604e:	2b23      	cmp	r3, #35	@ 0x23
10006050:	d1fc      	bne.n	1000604c <cdcd_control_xfer_cb+0x38>
10006052:	2901      	cmp	r1, #1
10006054:	d03f      	beq.n	100060d6 <cdcd_control_xfer_cb+0xc2>
10006056:	2903      	cmp	r1, #3
10006058:	d1f7      	bne.n	1000604a <cdcd_control_xfer_cb+0x36>
1000605a:	4b23      	ldr	r3, [pc, #140]	@ (100060e8 <cdcd_control_xfer_cb+0xd4>)
1000605c:	2b00      	cmp	r3, #0
1000605e:	d0f4      	beq.n	1000604a <cdcd_control_xfer_cb+0x36>
10006060:	78e1      	ldrb	r1, [r4, #3]
10006062:	78a3      	ldrb	r3, [r4, #2]
10006064:	0209      	lsls	r1, r1, #8
10006066:	2000      	movs	r0, #0
10006068:	4319      	orrs	r1, r3
1000606a:	e000      	b.n	1000606e <cdcd_control_xfer_cb+0x5a>
1000606c:	bf00      	nop
1000606e:	2001      	movs	r0, #1
10006070:	e7ec      	b.n	1000604c <cdcd_control_xfer_cb+0x38>
10006072:	2901      	cmp	r1, #1
10006074:	d02f      	beq.n	100060d6 <cdcd_control_xfer_cb+0xc2>
10006076:	2903      	cmp	r1, #3
10006078:	d1e7      	bne.n	1000604a <cdcd_control_xfer_cb+0x36>
1000607a:	2501      	movs	r5, #1
1000607c:	002e      	movs	r6, r5
1000607e:	78a3      	ldrb	r3, [r4, #2]
10006080:	78e4      	ldrb	r4, [r4, #3]
10006082:	3902      	subs	r1, #2
10006084:	0224      	lsls	r4, r4, #8
10006086:	431c      	orrs	r4, r3
10006088:	7114      	strb	r4, [r2, #4]
1000608a:	4026      	ands	r6, r4
1000608c:	3224      	adds	r2, #36	@ 0x24
1000608e:	0010      	movs	r0, r2
10006090:	4071      	eors	r1, r6
10006092:	f000 fbd1 	bl	10006838 <tu_fifo_set_overwritable>
10006096:	4b15      	ldr	r3, [pc, #84]	@ (100060ec <cdcd_control_xfer_cb+0xd8>)
10006098:	2b00      	cmp	r3, #0
1000609a:	d0d6      	beq.n	1000604a <cdcd_control_xfer_cb+0x36>
1000609c:	0862      	lsrs	r2, r4, #1
1000609e:	2000      	movs	r0, #0
100060a0:	0031      	movs	r1, r6
100060a2:	402a      	ands	r2, r5
100060a4:	e000      	b.n	100060a8 <cdcd_control_xfer_cb+0x94>
100060a6:	bf00      	nop
100060a8:	2001      	movs	r0, #1
100060aa:	e7cf      	b.n	1000604c <cdcd_control_xfer_cb+0x38>
100060ac:	2307      	movs	r3, #7
100060ae:	0021      	movs	r1, r4
100060b0:	0028      	movs	r0, r5
100060b2:	4a0f      	ldr	r2, [pc, #60]	@ (100060f0 <cdcd_control_xfer_cb+0xdc>)
100060b4:	f7ff fd3c 	bl	10005b30 <tud_control_xfer>
100060b8:	2001      	movs	r0, #1
100060ba:	e7c7      	b.n	1000604c <cdcd_control_xfer_cb+0x38>
100060bc:	2901      	cmp	r1, #1
100060be:	d0f5      	beq.n	100060ac <cdcd_control_xfer_cb+0x98>
100060c0:	2903      	cmp	r1, #3
100060c2:	d1c2      	bne.n	1000604a <cdcd_control_xfer_cb+0x36>
100060c4:	4b0b      	ldr	r3, [pc, #44]	@ (100060f4 <cdcd_control_xfer_cb+0xe0>)
100060c6:	2b00      	cmp	r3, #0
100060c8:	d0bf      	beq.n	1000604a <cdcd_control_xfer_cb+0x36>
100060ca:	2000      	movs	r0, #0
100060cc:	1d91      	adds	r1, r2, #6
100060ce:	f7fe fad9 	bl	10004684 <tud_cdc_line_coding_cb>
100060d2:	2001      	movs	r0, #1
100060d4:	e7ba      	b.n	1000604c <cdcd_control_xfer_cb+0x38>
100060d6:	0021      	movs	r1, r4
100060d8:	0028      	movs	r0, r5
100060da:	f7ff fd13 	bl	10005b04 <tud_control_status>
100060de:	2001      	movs	r0, #1
100060e0:	e7b4      	b.n	1000604c <cdcd_control_xfer_cb+0x38>
100060e2:	46c0      	nop			@ (mov r8, r8)
100060e4:	20001214 	.word	0x20001214
	...
100060f0:	2000121a 	.word	0x2000121a
100060f4:	10004685 	.word	0x10004685

100060f8 <cdcd_xfer_cb>:
100060f8:	b5f8      	push	{r3, r4, r5, r6, r7, lr}
100060fa:	4645      	mov	r5, r8
100060fc:	4657      	mov	r7, sl
100060fe:	46de      	mov	lr, fp
10006100:	464e      	mov	r6, r9
10006102:	b5e0      	push	{r5, r6, r7, lr}
10006104:	4d46      	ldr	r5, [pc, #280]	@ (10006220 <cdcd_xfer_cb+0x128>)
10006106:	001f      	movs	r7, r3
10006108:	78ea      	ldrb	r2, [r5, #3]
1000610a:	4680      	mov	r8, r0
1000610c:	000c      	movs	r4, r1
1000610e:	78ab      	ldrb	r3, [r5, #2]
10006110:	428a      	cmp	r2, r1
10006112:	d046      	beq.n	100061a2 <cdcd_xfer_cb+0xaa>
10006114:	2000      	movs	r0, #0
10006116:	428b      	cmp	r3, r1
10006118:	d01a      	beq.n	10006150 <cdcd_xfer_cb+0x58>
1000611a:	bcf0      	pop	{r4, r5, r6, r7}
1000611c:	46bb      	mov	fp, r7
1000611e:	46b2      	mov	sl, r6
10006120:	46a9      	mov	r9, r5
10006122:	46a0      	mov	r8, r4
10006124:	bdf8      	pop	{r3, r4, r5, r6, r7, pc}
10006126:	4b3f      	ldr	r3, [pc, #252]	@ (10006224 <cdcd_xfer_cb+0x12c>)
10006128:	2b00      	cmp	r3, #0
1000612a:	d004      	beq.n	10006136 <cdcd_xfer_cb+0x3e>
1000612c:	4648      	mov	r0, r9
1000612e:	f000 f973 	bl	10006418 <tu_fifo_empty>
10006132:	2800      	cmp	r0, #0
10006134:	d06c      	beq.n	10006210 <cdcd_xfer_cb+0x118>
10006136:	4648      	mov	r0, r9
10006138:	f000 f976 	bl	10006428 <tu_fifo_remaining>
1000613c:	283f      	cmp	r0, #63	@ 0x3f
1000613e:	d907      	bls.n	10006150 <cdcd_xfer_cb+0x58>
10006140:	464e      	mov	r6, r9
10006142:	3e10      	subs	r6, #16
10006144:	2000      	movs	r0, #0
10006146:	78f1      	ldrb	r1, [r6, #3]
10006148:	f7ff fc8e 	bl	10005a68 <usbd_edpt_claim>
1000614c:	2800      	cmp	r0, #0
1000614e:	d151      	bne.n	100061f4 <cdcd_xfer_cb+0xfc>
10006150:	78ab      	ldrb	r3, [r5, #2]
10006152:	42a3      	cmp	r3, r4
10006154:	d001      	beq.n	1000615a <cdcd_xfer_cb+0x62>
10006156:	2001      	movs	r0, #1
10006158:	e7df      	b.n	1000611a <cdcd_xfer_cb+0x22>
1000615a:	4b33      	ldr	r3, [pc, #204]	@ (10006228 <cdcd_xfer_cb+0x130>)
1000615c:	2b00      	cmp	r3, #0
1000615e:	d002      	beq.n	10006166 <cdcd_xfer_cb+0x6e>
10006160:	2000      	movs	r0, #0
10006162:	e000      	b.n	10006166 <cdcd_xfer_cb+0x6e>
10006164:	bf00      	nop
10006166:	2000      	movs	r0, #0
10006168:	f7ff fe2c 	bl	10005dc4 <tud_cdc_n_write_flush>
1000616c:	2800      	cmp	r0, #0
1000616e:	d1f2      	bne.n	10006156 <cdcd_xfer_cb+0x5e>
10006170:	4c2e      	ldr	r4, [pc, #184]	@ (1000622c <cdcd_xfer_cb+0x134>)
10006172:	0020      	movs	r0, r4
10006174:	f000 f93a 	bl	100063ec <tu_fifo_count>
10006178:	2800      	cmp	r0, #0
1000617a:	d1ec      	bne.n	10006156 <cdcd_xfer_cb+0x5e>
1000617c:	2f00      	cmp	r7, #0
1000617e:	d0ea      	beq.n	10006156 <cdcd_xfer_cb+0x5e>
10006180:	06bf      	lsls	r7, r7, #26
10006182:	d1e8      	bne.n	10006156 <cdcd_xfer_cb+0x5e>
10006184:	3c24      	subs	r4, #36	@ 0x24
10006186:	4640      	mov	r0, r8
10006188:	78a1      	ldrb	r1, [r4, #2]
1000618a:	f7ff fc6d 	bl	10005a68 <usbd_edpt_claim>
1000618e:	2800      	cmp	r0, #0
10006190:	d0e1      	beq.n	10006156 <cdcd_xfer_cb+0x5e>
10006192:	2300      	movs	r3, #0
10006194:	2200      	movs	r2, #0
10006196:	4640      	mov	r0, r8
10006198:	78a1      	ldrb	r1, [r4, #2]
1000619a:	f7ff fc8d 	bl	10005ab8 <usbd_edpt_xfer>
1000619e:	2001      	movs	r0, #1
100061a0:	e7bb      	b.n	1000611a <cdcd_xfer_cb+0x22>
100061a2:	2392      	movs	r3, #146	@ 0x92
100061a4:	009b      	lsls	r3, r3, #2
100061a6:	18ee      	adds	r6, r5, r3
100061a8:	2310      	movs	r3, #16
100061aa:	469b      	mov	fp, r3
100061ac:	44ab      	add	fp, r5
100061ae:	0031      	movs	r1, r6
100061b0:	4658      	mov	r0, fp
100061b2:	b2ba      	uxth	r2, r7
100061b4:	f000 fa64 	bl	10006680 <tu_fifo_write_n>
100061b8:	4b1d      	ldr	r3, [pc, #116]	@ (10006230 <cdcd_xfer_cb+0x138>)
100061ba:	46d9      	mov	r9, fp
100061bc:	2b00      	cmp	r3, #0
100061be:	d0b2      	beq.n	10006126 <cdcd_xfer_cb+0x2e>
100061c0:	796b      	ldrb	r3, [r5, #5]
100061c2:	2bff      	cmp	r3, #255	@ 0xff
100061c4:	d0af      	beq.n	10006126 <cdcd_xfer_cb+0x2e>
100061c6:	2f00      	cmp	r7, #0
100061c8:	d0ad      	beq.n	10006126 <cdcd_xfer_cb+0x2e>
100061ca:	19f2      	adds	r2, r6, r7
100061cc:	4692      	mov	sl, r2
100061ce:	e003      	b.n	100061d8 <cdcd_xfer_cb+0xe0>
100061d0:	3601      	adds	r6, #1
100061d2:	45b2      	cmp	sl, r6
100061d4:	d0a7      	beq.n	10006126 <cdcd_xfer_cb+0x2e>
100061d6:	796b      	ldrb	r3, [r5, #5]
100061d8:	7832      	ldrb	r2, [r6, #0]
100061da:	429a      	cmp	r2, r3
100061dc:	d1f8      	bne.n	100061d0 <cdcd_xfer_cb+0xd8>
100061de:	4648      	mov	r0, r9
100061e0:	f000 f91a 	bl	10006418 <tu_fifo_empty>
100061e4:	2800      	cmp	r0, #0
100061e6:	d1f3      	bne.n	100061d0 <cdcd_xfer_cb+0xd8>
100061e8:	464b      	mov	r3, r9
100061ea:	3b10      	subs	r3, #16
100061ec:	7959      	ldrb	r1, [r3, #5]
100061ee:	e000      	b.n	100061f2 <cdcd_xfer_cb+0xfa>
100061f0:	bf00      	nop
100061f2:	e7ed      	b.n	100061d0 <cdcd_xfer_cb+0xd8>
100061f4:	4648      	mov	r0, r9
100061f6:	f000 f917 	bl	10006428 <tu_fifo_remaining>
100061fa:	283f      	cmp	r0, #63	@ 0x3f
100061fc:	d90b      	bls.n	10006216 <cdcd_xfer_cb+0x11e>
100061fe:	228e      	movs	r2, #142	@ 0x8e
10006200:	0092      	lsls	r2, r2, #2
10006202:	2340      	movs	r3, #64	@ 0x40
10006204:	78f1      	ldrb	r1, [r6, #3]
10006206:	444a      	add	r2, r9
10006208:	2000      	movs	r0, #0
1000620a:	f7ff fc55 	bl	10005ab8 <usbd_edpt_xfer>
1000620e:	e79f      	b.n	10006150 <cdcd_xfer_cb+0x58>
10006210:	f7fe fbac 	bl	1000496c <tud_cdc_rx_cb>
10006214:	e78f      	b.n	10006136 <cdcd_xfer_cb+0x3e>
10006216:	78f1      	ldrb	r1, [r6, #3]
10006218:	2000      	movs	r0, #0
1000621a:	f7ff fc39 	bl	10005a90 <usbd_edpt_release>
1000621e:	e797      	b.n	10006150 <cdcd_xfer_cb+0x58>
10006220:	20001214 	.word	0x20001214
10006224:	1000496d 	.word	0x1000496d
10006228:	00000000 	.word	0x00000000
1000622c:	20001238 	.word	0x20001238
10006230:	00000000 	.word	0x00000000

10006234 <tusb_init>:
10006234:	b510      	push	{r4, lr}
10006236:	2000      	movs	r0, #0
10006238:	f7fe fef4 	bl	10005024 <tud_init>
1000623c:	bd10      	pop	{r4, pc}
1000623e:	46c0      	nop			@ (mov r8, r8)

10006240 <tusb_inited>:
10006240:	b510      	push	{r4, lr}
10006242:	f7fe fee5 	bl	10005010 <tud_inited>
10006246:	bd10      	pop	{r4, pc}

10006248 <tu_edpt_claim>:
10006248:	7803      	ldrb	r3, [r0, #0]
1000624a:	b570      	push	{r4, r5, r6, lr}
1000624c:	07db      	lsls	r3, r3, #31
1000624e:	0004      	movs	r4, r0
10006250:	000e      	movs	r6, r1
10006252:	0fdd      	lsrs	r5, r3, #31
10006254:	2b00      	cmp	r3, #0
10006256:	d117      	bne.n	10006288 <tu_edpt_claim+0x40>
10006258:	7803      	ldrb	r3, [r0, #0]
1000625a:	075b      	lsls	r3, r3, #29
1000625c:	d501      	bpl.n	10006262 <tu_edpt_claim+0x1a>
1000625e:	0028      	movs	r0, r5
10006260:	bd70      	pop	{r4, r5, r6, pc}
10006262:	2101      	movs	r1, #1
10006264:	0030      	movs	r0, r6
10006266:	4249      	negs	r1, r1
10006268:	f000 fb72 	bl	10006950 <__mutex_enter_timeout_ms_veneer>
1000626c:	7823      	ldrb	r3, [r4, #0]
1000626e:	07db      	lsls	r3, r3, #31
10006270:	0fdd      	lsrs	r5, r3, #31
10006272:	2b00      	cmp	r3, #0
10006274:	d10a      	bne.n	1000628c <tu_edpt_claim+0x44>
10006276:	7823      	ldrb	r3, [r4, #0]
10006278:	075b      	lsls	r3, r3, #29
1000627a:	d408      	bmi.n	1000628e <tu_edpt_claim+0x46>
1000627c:	2204      	movs	r2, #4
1000627e:	7823      	ldrb	r3, [r4, #0]
10006280:	2501      	movs	r5, #1
10006282:	4313      	orrs	r3, r2
10006284:	7023      	strb	r3, [r4, #0]
10006286:	e002      	b.n	1000628e <tu_edpt_claim+0x46>
10006288:	2500      	movs	r5, #0
1000628a:	e7e8      	b.n	1000625e <tu_edpt_claim+0x16>
1000628c:	2500      	movs	r5, #0
1000628e:	0030      	movs	r0, r6
10006290:	f000 fb36 	bl	10006900 <__mutex_exit_veneer>
10006294:	e7e3      	b.n	1000625e <tu_edpt_claim+0x16>
10006296:	46c0      	nop			@ (mov r8, r8)

10006298 <tu_edpt_release>:
10006298:	b570      	push	{r4, r5, r6, lr}
1000629a:	000c      	movs	r4, r1
1000629c:	2101      	movs	r1, #1
1000629e:	0006      	movs	r6, r0
100062a0:	4249      	negs	r1, r1
100062a2:	0020      	movs	r0, r4
100062a4:	f000 fb54 	bl	10006950 <__mutex_enter_timeout_ms_veneer>
100062a8:	7833      	ldrb	r3, [r6, #0]
100062aa:	075b      	lsls	r3, r3, #29
100062ac:	0fdd      	lsrs	r5, r3, #31
100062ae:	2b00      	cmp	r3, #0
100062b0:	db04      	blt.n	100062bc <tu_edpt_release+0x24>
100062b2:	0020      	movs	r0, r4
100062b4:	f000 fb24 	bl	10006900 <__mutex_exit_veneer>
100062b8:	0028      	movs	r0, r5
100062ba:	bd70      	pop	{r4, r5, r6, pc}
100062bc:	7833      	ldrb	r3, [r6, #0]
100062be:	07db      	lsls	r3, r3, #31
100062c0:	d404      	bmi.n	100062cc <tu_edpt_release+0x34>
100062c2:	2204      	movs	r2, #4
100062c4:	7833      	ldrb	r3, [r6, #0]
100062c6:	4393      	bics	r3, r2
100062c8:	7033      	strb	r3, [r6, #0]
100062ca:	e7f2      	b.n	100062b2 <tu_edpt_release+0x1a>
100062cc:	2500      	movs	r5, #0
100062ce:	e7f0      	b.n	100062b2 <tu_edpt_release+0x1a>

100062d0 <tu_edpt_validate>:
100062d0:	7943      	ldrb	r3, [r0, #5]
100062d2:	7902      	ldrb	r2, [r0, #4]
100062d4:	021b      	lsls	r3, r3, #8
100062d6:	4313      	orrs	r3, r2
100062d8:	78c2      	ldrb	r2, [r0, #3]
100062da:	055b      	lsls	r3, r3, #21
100062dc:	0792      	lsls	r2, r2, #30
100062de:	0d5b      	lsrs	r3, r3, #21
100062e0:	0f92      	lsrs	r2, r2, #30
100062e2:	2a02      	cmp	r2, #2
100062e4:	d01d      	beq.n	10006322 <tu_edpt_validate+0x52>
100062e6:	2a03      	cmp	r2, #3
100062e8:	d00c      	beq.n	10006304 <tu_edpt_validate+0x34>
100062ea:	2000      	movs	r0, #0
100062ec:	2a01      	cmp	r2, #1
100062ee:	d108      	bne.n	10006302 <tu_edpt_validate+0x32>
100062f0:	3902      	subs	r1, #2
100062f2:	424a      	negs	r2, r1
100062f4:	4151      	adcs	r1, r2
100062f6:	4a12      	ldr	r2, [pc, #72]	@ (10006340 <tu_edpt_validate+0x70>)
100062f8:	4694      	mov	ip, r2
100062fa:	4461      	add	r1, ip
100062fc:	4299      	cmp	r1, r3
100062fe:	4140      	adcs	r0, r0
10006300:	b2c0      	uxtb	r0, r0
10006302:	4770      	bx	lr
10006304:	3902      	subs	r1, #2
10006306:	1e4a      	subs	r2, r1, #1
10006308:	4191      	sbcs	r1, r2
1000630a:	4a0e      	ldr	r2, [pc, #56]	@ (10006344 <tu_edpt_validate+0x74>)
1000630c:	4249      	negs	r1, r1
1000630e:	4011      	ands	r1, r2
10006310:	2280      	movs	r2, #128	@ 0x80
10006312:	00d2      	lsls	r2, r2, #3
10006314:	4694      	mov	ip, r2
10006316:	2000      	movs	r0, #0
10006318:	4461      	add	r1, ip
1000631a:	4299      	cmp	r1, r3
1000631c:	4140      	adcs	r0, r0
1000631e:	b2c0      	uxtb	r0, r0
10006320:	e7ef      	b.n	10006302 <tu_edpt_validate+0x32>
10006322:	2902      	cmp	r1, #2
10006324:	d005      	beq.n	10006332 <tu_edpt_validate+0x62>
10006326:	2000      	movs	r0, #0
10006328:	2240      	movs	r2, #64	@ 0x40
1000632a:	429a      	cmp	r2, r3
1000632c:	4140      	adcs	r0, r0
1000632e:	b2c0      	uxtb	r0, r0
10006330:	e7e7      	b.n	10006302 <tu_edpt_validate+0x32>
10006332:	4a05      	ldr	r2, [pc, #20]	@ (10006348 <tu_edpt_validate+0x78>)
10006334:	1898      	adds	r0, r3, r2
10006336:	4243      	negs	r3, r0
10006338:	4158      	adcs	r0, r3
1000633a:	b2c0      	uxtb	r0, r0
1000633c:	e7e1      	b.n	10006302 <tu_edpt_validate+0x32>
1000633e:	46c0      	nop			@ (mov r8, r8)
10006340:	000003ff 	.word	0x000003ff
10006344:	fffffc40 	.word	0xfffffc40
10006348:	fffffe00 	.word	0xfffffe00

1000634c <tu_edpt_bind_driver>:
1000634c:	188a      	adds	r2, r1, r2
1000634e:	b570      	push	{r4, r5, r6, lr}
10006350:	4291      	cmp	r1, r2
10006352:	d207      	bcs.n	10006364 <tu_edpt_bind_driver+0x18>
10006354:	267f      	movs	r6, #127	@ 0x7f
10006356:	784c      	ldrb	r4, [r1, #1]
10006358:	2c05      	cmp	r4, #5
1000635a:	d004      	beq.n	10006366 <tu_edpt_bind_driver+0x1a>
1000635c:	780c      	ldrb	r4, [r1, #0]
1000635e:	1909      	adds	r1, r1, r4
10006360:	428a      	cmp	r2, r1
10006362:	d8f8      	bhi.n	10006356 <tu_edpt_bind_driver+0xa>
10006364:	bd70      	pop	{r4, r5, r6, pc}
10006366:	0034      	movs	r4, r6
10006368:	788d      	ldrb	r5, [r1, #2]
1000636a:	402c      	ands	r4, r5
1000636c:	0064      	lsls	r4, r4, #1
1000636e:	1904      	adds	r4, r0, r4
10006370:	09ed      	lsrs	r5, r5, #7
10006372:	5563      	strb	r3, [r4, r5]
10006374:	780c      	ldrb	r4, [r1, #0]
10006376:	1909      	adds	r1, r1, r4
10006378:	428a      	cmp	r2, r1
1000637a:	d8ec      	bhi.n	10006356 <tu_edpt_bind_driver+0xa>
1000637c:	e7f2      	b.n	10006364 <tu_edpt_bind_driver+0x18>
1000637e:	46c0      	nop			@ (mov r8, r8)

10006380 <tu_fifo_config>:
10006380:	b5f0      	push	{r4, r5, r6, r7, lr}
10006382:	46c6      	mov	lr, r8
10006384:	b500      	push	{lr}
10006386:	0004      	movs	r4, r0
10006388:	a806      	add	r0, sp, #24
1000638a:	7805      	ldrb	r5, [r0, #0]
1000638c:	2080      	movs	r0, #128	@ 0x80
1000638e:	4688      	mov	r8, r1
10006390:	0017      	movs	r7, r2
10006392:	001e      	movs	r6, r3
10006394:	0200      	lsls	r0, r0, #8
10006396:	4282      	cmp	r2, r0
10006398:	d826      	bhi.n	100063e8 <tu_fifo_config+0x68>
1000639a:	68e0      	ldr	r0, [r4, #12]
1000639c:	2800      	cmp	r0, #0
1000639e:	d003      	beq.n	100063a8 <tu_fifo_config+0x28>
100063a0:	2101      	movs	r1, #1
100063a2:	4249      	negs	r1, r1
100063a4:	f000 fad4 	bl	10006950 <__mutex_enter_timeout_ms_veneer>
100063a8:	6920      	ldr	r0, [r4, #16]
100063aa:	2800      	cmp	r0, #0
100063ac:	d003      	beq.n	100063b6 <tu_fifo_config+0x36>
100063ae:	2101      	movs	r1, #1
100063b0:	4249      	negs	r1, r1
100063b2:	f000 facd 	bl	10006950 <__mutex_enter_timeout_ms_veneer>
100063b6:	4643      	mov	r3, r8
100063b8:	6023      	str	r3, [r4, #0]
100063ba:	0473      	lsls	r3, r6, #17
100063bc:	0c5b      	lsrs	r3, r3, #17
100063be:	03ed      	lsls	r5, r5, #15
100063c0:	431d      	orrs	r5, r3
100063c2:	2300      	movs	r3, #0
100063c4:	68e0      	ldr	r0, [r4, #12]
100063c6:	8163      	strh	r3, [r4, #10]
100063c8:	80a7      	strh	r7, [r4, #4]
100063ca:	80e5      	strh	r5, [r4, #6]
100063cc:	8123      	strh	r3, [r4, #8]
100063ce:	2800      	cmp	r0, #0
100063d0:	d001      	beq.n	100063d6 <tu_fifo_config+0x56>
100063d2:	f000 fa95 	bl	10006900 <__mutex_exit_veneer>
100063d6:	6920      	ldr	r0, [r4, #16]
100063d8:	2800      	cmp	r0, #0
100063da:	d001      	beq.n	100063e0 <tu_fifo_config+0x60>
100063dc:	f000 fa90 	bl	10006900 <__mutex_exit_veneer>
100063e0:	2001      	movs	r0, #1
100063e2:	bc80      	pop	{r7}
100063e4:	46b8      	mov	r8, r7
100063e6:	bdf0      	pop	{r4, r5, r6, r7, pc}
100063e8:	2000      	movs	r0, #0
100063ea:	e7fa      	b.n	100063e2 <tu_fifo_config+0x62>

100063ec <tu_fifo_count>:
100063ec:	b510      	push	{r4, lr}
100063ee:	8904      	ldrh	r4, [r0, #8]
100063f0:	8941      	ldrh	r1, [r0, #10]
100063f2:	8882      	ldrh	r2, [r0, #4]
100063f4:	b2a3      	uxth	r3, r4
100063f6:	b288      	uxth	r0, r1
100063f8:	428c      	cmp	r4, r1
100063fa:	d307      	bcc.n	1000640c <tu_fifo_count+0x20>
100063fc:	1a1b      	subs	r3, r3, r0
100063fe:	b29b      	uxth	r3, r3
10006400:	1c10      	adds	r0, r2, #0
10006402:	429a      	cmp	r2, r3
10006404:	d900      	bls.n	10006408 <tu_fifo_count+0x1c>
10006406:	1c18      	adds	r0, r3, #0
10006408:	b280      	uxth	r0, r0
1000640a:	bd10      	pop	{r4, pc}
1000640c:	0051      	lsls	r1, r2, #1
1000640e:	1a09      	subs	r1, r1, r0
10006410:	185b      	adds	r3, r3, r1
10006412:	b29b      	uxth	r3, r3
10006414:	e7f4      	b.n	10006400 <tu_fifo_count+0x14>
10006416:	46c0      	nop			@ (mov r8, r8)

10006418 <tu_fifo_empty>:
10006418:	8903      	ldrh	r3, [r0, #8]
1000641a:	8940      	ldrh	r0, [r0, #10]
1000641c:	1a18      	subs	r0, r3, r0
1000641e:	4243      	negs	r3, r0
10006420:	4158      	adcs	r0, r3
10006422:	b2c0      	uxtb	r0, r0
10006424:	4770      	bx	lr
10006426:	46c0      	nop			@ (mov r8, r8)

10006428 <tu_fifo_remaining>:
10006428:	b510      	push	{r4, lr}
1000642a:	8904      	ldrh	r4, [r0, #8]
1000642c:	8941      	ldrh	r1, [r0, #10]
1000642e:	8882      	ldrh	r2, [r0, #4]
10006430:	b2a3      	uxth	r3, r4
10006432:	b288      	uxth	r0, r1
10006434:	428c      	cmp	r4, r1
10006436:	d307      	bcc.n	10006448 <tu_fifo_remaining+0x20>
10006438:	1a1b      	subs	r3, r3, r0
1000643a:	b29b      	uxth	r3, r3
1000643c:	2000      	movs	r0, #0
1000643e:	429a      	cmp	r2, r3
10006440:	d901      	bls.n	10006446 <tu_fifo_remaining+0x1e>
10006442:	1ad2      	subs	r2, r2, r3
10006444:	b290      	uxth	r0, r2
10006446:	bd10      	pop	{r4, pc}
10006448:	0051      	lsls	r1, r2, #1
1000644a:	1a09      	subs	r1, r1, r0
1000644c:	185b      	adds	r3, r3, r1
1000644e:	b29b      	uxth	r3, r3
10006450:	e7f4      	b.n	1000643c <tu_fifo_remaining+0x14>
10006452:	46c0      	nop			@ (mov r8, r8)

10006454 <tu_fifo_read>:
10006454:	b570      	push	{r4, r5, r6, lr}
10006456:	0004      	movs	r4, r0
10006458:	6900      	ldr	r0, [r0, #16]
1000645a:	000e      	movs	r6, r1
1000645c:	2800      	cmp	r0, #0
1000645e:	d003      	beq.n	10006468 <tu_fifo_read+0x14>
10006460:	2101      	movs	r1, #1
10006462:	4249      	negs	r1, r1
10006464:	f000 fa74 	bl	10006950 <__mutex_enter_timeout_ms_veneer>
10006468:	8925      	ldrh	r5, [r4, #8]
1000646a:	8960      	ldrh	r0, [r4, #10]
1000646c:	88a2      	ldrh	r2, [r4, #4]
1000646e:	b2a9      	uxth	r1, r5
10006470:	b283      	uxth	r3, r0
10006472:	4285      	cmp	r5, r0
10006474:	d32c      	bcc.n	100064d0 <tu_fifo_read+0x7c>
10006476:	1acd      	subs	r5, r1, r3
10006478:	b2ad      	uxth	r5, r5
1000647a:	2d00      	cmp	r5, #0
1000647c:	d02e      	beq.n	100064dc <tu_fifo_read+0x88>
1000647e:	42aa      	cmp	r2, r5
10006480:	d208      	bcs.n	10006494 <tu_fifo_read+0x40>
10006482:	4291      	cmp	r1, r2
10006484:	d330      	bcc.n	100064e8 <tu_fifo_read+0x94>
10006486:	1a89      	subs	r1, r1, r2
10006488:	b28b      	uxth	r3, r1
1000648a:	8163      	strh	r3, [r4, #10]
1000648c:	429a      	cmp	r2, r3
1000648e:	d803      	bhi.n	10006498 <tu_fifo_read+0x44>
10006490:	1a9b      	subs	r3, r3, r2
10006492:	b29b      	uxth	r3, r3
10006494:	429a      	cmp	r2, r3
10006496:	d9fb      	bls.n	10006490 <tu_fifo_read+0x3c>
10006498:	88e2      	ldrh	r2, [r4, #6]
1000649a:	6821      	ldr	r1, [r4, #0]
1000649c:	0452      	lsls	r2, r2, #17
1000649e:	0c52      	lsrs	r2, r2, #17
100064a0:	4353      	muls	r3, r2
100064a2:	0030      	movs	r0, r6
100064a4:	18c9      	adds	r1, r1, r3
100064a6:	f7fd fec9 	bl	1000423c <__wrap___aeabi_memcpy>
100064aa:	8963      	ldrh	r3, [r4, #10]
100064ac:	2501      	movs	r5, #1
100064ae:	1c59      	adds	r1, r3, #1
100064b0:	b289      	uxth	r1, r1
100064b2:	88a2      	ldrh	r2, [r4, #4]
100064b4:	428b      	cmp	r3, r1
100064b6:	d913      	bls.n	100064e0 <tu_fifo_read+0x8c>
100064b8:	2100      	movs	r1, #0
100064ba:	0052      	lsls	r2, r2, #1
100064bc:	1a89      	subs	r1, r1, r2
100064be:	b289      	uxth	r1, r1
100064c0:	6920      	ldr	r0, [r4, #16]
100064c2:	8161      	strh	r1, [r4, #10]
100064c4:	2800      	cmp	r0, #0
100064c6:	d001      	beq.n	100064cc <tu_fifo_read+0x78>
100064c8:	f000 fa1a 	bl	10006900 <__mutex_exit_veneer>
100064cc:	0028      	movs	r0, r5
100064ce:	bd70      	pop	{r4, r5, r6, pc}
100064d0:	0055      	lsls	r5, r2, #1
100064d2:	1aed      	subs	r5, r5, r3
100064d4:	194d      	adds	r5, r1, r5
100064d6:	b2ad      	uxth	r5, r5
100064d8:	2d00      	cmp	r5, #0
100064da:	d1d0      	bne.n	1000647e <tu_fifo_read+0x2a>
100064dc:	8961      	ldrh	r1, [r4, #10]
100064de:	b289      	uxth	r1, r1
100064e0:	0052      	lsls	r2, r2, #1
100064e2:	4291      	cmp	r1, r2
100064e4:	dbec      	blt.n	100064c0 <tu_fifo_read+0x6c>
100064e6:	e7e9      	b.n	100064bc <tu_fifo_read+0x68>
100064e8:	1889      	adds	r1, r1, r2
100064ea:	b28b      	uxth	r3, r1
100064ec:	8163      	strh	r3, [r4, #10]
100064ee:	e7cd      	b.n	1000648c <tu_fifo_read+0x38>

100064f0 <tu_fifo_read_n>:
100064f0:	b5f0      	push	{r4, r5, r6, r7, lr}
100064f2:	4646      	mov	r6, r8
100064f4:	464f      	mov	r7, r9
100064f6:	46d6      	mov	lr, sl
100064f8:	b5c0      	push	{r6, r7, lr}
100064fa:	0006      	movs	r6, r0
100064fc:	6900      	ldr	r0, [r0, #16]
100064fe:	4689      	mov	r9, r1
10006500:	4690      	mov	r8, r2
10006502:	2800      	cmp	r0, #0
10006504:	d003      	beq.n	1000650e <tu_fifo_read_n+0x1e>
10006506:	2101      	movs	r1, #1
10006508:	4249      	negs	r1, r1
1000650a:	f000 fa21 	bl	10006950 <__mutex_enter_timeout_ms_veneer>
1000650e:	8931      	ldrh	r1, [r6, #8]
10006510:	8972      	ldrh	r2, [r6, #10]
10006512:	88b5      	ldrh	r5, [r6, #4]
10006514:	b28b      	uxth	r3, r1
10006516:	b294      	uxth	r4, r2
10006518:	4291      	cmp	r1, r2
1000651a:	d354      	bcc.n	100065c6 <tu_fifo_read_n+0xd6>
1000651c:	1b1f      	subs	r7, r3, r4
1000651e:	b2bf      	uxth	r7, r7
10006520:	2f00      	cmp	r7, #0
10006522:	d04a      	beq.n	100065ba <tu_fifo_read_n+0xca>
10006524:	42bd      	cmp	r5, r7
10006526:	d205      	bcs.n	10006534 <tu_fifo_read_n+0x44>
10006528:	42ab      	cmp	r3, r5
1000652a:	d251      	bcs.n	100065d0 <tu_fifo_read_n+0xe0>
1000652c:	195b      	adds	r3, r3, r5
1000652e:	b29c      	uxth	r4, r3
10006530:	002f      	movs	r7, r5
10006532:	8174      	strh	r4, [r6, #10]
10006534:	4643      	mov	r3, r8
10006536:	45b8      	cmp	r8, r7
10006538:	d83d      	bhi.n	100065b6 <tu_fifo_read_n+0xc6>
1000653a:	b29f      	uxth	r7, r3
1000653c:	42a5      	cmp	r5, r4
1000653e:	d803      	bhi.n	10006548 <tu_fifo_read_n+0x58>
10006540:	1b64      	subs	r4, r4, r5
10006542:	b2a4      	uxth	r4, r4
10006544:	42a5      	cmp	r5, r4
10006546:	d9fb      	bls.n	10006540 <tu_fifo_read_n+0x50>
10006548:	88f2      	ldrh	r2, [r6, #6]
1000654a:	6831      	ldr	r1, [r6, #0]
1000654c:	0452      	lsls	r2, r2, #17
1000654e:	0c52      	lsrs	r2, r2, #17
10006550:	4690      	mov	r8, r2
10006552:	4362      	muls	r2, r4
10006554:	1b2b      	subs	r3, r5, r4
10006556:	b29b      	uxth	r3, r3
10006558:	1889      	adds	r1, r1, r2
1000655a:	4642      	mov	r2, r8
1000655c:	429f      	cmp	r7, r3
1000655e:	d925      	bls.n	100065ac <tu_fifo_read_n+0xbc>
10006560:	4353      	muls	r3, r2
10006562:	b29b      	uxth	r3, r3
10006564:	001a      	movs	r2, r3
10006566:	4648      	mov	r0, r9
10006568:	469a      	mov	sl, r3
1000656a:	f7fd fe67 	bl	1000423c <__wrap___aeabi_memcpy>
1000656e:	4643      	mov	r3, r8
10006570:	4648      	mov	r0, r9
10006572:	1b7d      	subs	r5, r7, r5
10006574:	1964      	adds	r4, r4, r5
10006576:	435c      	muls	r4, r3
10006578:	6831      	ldr	r1, [r6, #0]
1000657a:	4450      	add	r0, sl
1000657c:	b2a2      	uxth	r2, r4
1000657e:	f7fd fe5d 	bl	1000423c <__wrap___aeabi_memcpy>
10006582:	8971      	ldrh	r1, [r6, #10]
10006584:	88b5      	ldrh	r5, [r6, #4]
10006586:	19cb      	adds	r3, r1, r7
10006588:	b29b      	uxth	r3, r3
1000658a:	006a      	lsls	r2, r5, #1
1000658c:	4299      	cmp	r1, r3
1000658e:	d916      	bls.n	100065be <tu_fifo_read_n+0xce>
10006590:	1a9b      	subs	r3, r3, r2
10006592:	b29b      	uxth	r3, r3
10006594:	6930      	ldr	r0, [r6, #16]
10006596:	8173      	strh	r3, [r6, #10]
10006598:	2800      	cmp	r0, #0
1000659a:	d001      	beq.n	100065a0 <tu_fifo_read_n+0xb0>
1000659c:	f000 f9b0 	bl	10006900 <__mutex_exit_veneer>
100065a0:	0038      	movs	r0, r7
100065a2:	bce0      	pop	{r5, r6, r7}
100065a4:	46ba      	mov	sl, r7
100065a6:	46b1      	mov	r9, r6
100065a8:	46a8      	mov	r8, r5
100065aa:	bdf0      	pop	{r4, r5, r6, r7, pc}
100065ac:	4648      	mov	r0, r9
100065ae:	437a      	muls	r2, r7
100065b0:	f7fd fe44 	bl	1000423c <__wrap___aeabi_memcpy>
100065b4:	e7e5      	b.n	10006582 <tu_fifo_read_n+0x92>
100065b6:	1c3b      	adds	r3, r7, #0
100065b8:	e7bf      	b.n	1000653a <tu_fifo_read_n+0x4a>
100065ba:	8973      	ldrh	r3, [r6, #10]
100065bc:	b29b      	uxth	r3, r3
100065be:	006a      	lsls	r2, r5, #1
100065c0:	4293      	cmp	r3, r2
100065c2:	dbe7      	blt.n	10006594 <tu_fifo_read_n+0xa4>
100065c4:	e7e4      	b.n	10006590 <tu_fifo_read_n+0xa0>
100065c6:	006f      	lsls	r7, r5, #1
100065c8:	1b3f      	subs	r7, r7, r4
100065ca:	19df      	adds	r7, r3, r7
100065cc:	b2bf      	uxth	r7, r7
100065ce:	e7a7      	b.n	10006520 <tu_fifo_read_n+0x30>
100065d0:	1b5b      	subs	r3, r3, r5
100065d2:	b29c      	uxth	r4, r3
100065d4:	e7ac      	b.n	10006530 <tu_fifo_read_n+0x40>
100065d6:	46c0      	nop			@ (mov r8, r8)

100065d8 <tu_fifo_write>:
100065d8:	b5f8      	push	{r3, r4, r5, r6, r7, lr}
100065da:	0004      	movs	r4, r0
100065dc:	68c0      	ldr	r0, [r0, #12]
100065de:	000e      	movs	r6, r1
100065e0:	2800      	cmp	r0, #0
100065e2:	d003      	beq.n	100065ec <tu_fifo_write+0x14>
100065e4:	2101      	movs	r1, #1
100065e6:	4249      	negs	r1, r1
100065e8:	f000 f9b2 	bl	10006950 <__mutex_enter_timeout_ms_veneer>
100065ec:	8925      	ldrh	r5, [r4, #8]
100065ee:	8920      	ldrh	r0, [r4, #8]
100065f0:	8961      	ldrh	r1, [r4, #10]
100065f2:	88a2      	ldrh	r2, [r4, #4]
100065f4:	b2ad      	uxth	r5, r5
100065f6:	b283      	uxth	r3, r0
100065f8:	b28f      	uxth	r7, r1
100065fa:	4288      	cmp	r0, r1
100065fc:	d329      	bcc.n	10006652 <tu_fifo_write+0x7a>
100065fe:	1bdb      	subs	r3, r3, r7
10006600:	b29b      	uxth	r3, r3
10006602:	429a      	cmp	r2, r3
10006604:	d809      	bhi.n	1000661a <tu_fifo_write+0x42>
10006606:	79e7      	ldrb	r7, [r4, #7]
10006608:	09ff      	lsrs	r7, r7, #7
1000660a:	d106      	bne.n	1000661a <tu_fifo_write+0x42>
1000660c:	68e0      	ldr	r0, [r4, #12]
1000660e:	2800      	cmp	r0, #0
10006610:	d001      	beq.n	10006616 <tu_fifo_write+0x3e>
10006612:	f000 f975 	bl	10006900 <__mutex_exit_veneer>
10006616:	0038      	movs	r0, r7
10006618:	bdf8      	pop	{r3, r4, r5, r6, r7, pc}
1000661a:	4295      	cmp	r5, r2
1000661c:	d31e      	bcc.n	1000665c <tu_fifo_write+0x84>
1000661e:	002b      	movs	r3, r5
10006620:	1a9b      	subs	r3, r3, r2
10006622:	b29b      	uxth	r3, r3
10006624:	4293      	cmp	r3, r2
10006626:	d2fb      	bcs.n	10006620 <tu_fifo_write+0x48>
10006628:	88e2      	ldrh	r2, [r4, #6]
1000662a:	6820      	ldr	r0, [r4, #0]
1000662c:	0452      	lsls	r2, r2, #17
1000662e:	0c52      	lsrs	r2, r2, #17
10006630:	4353      	muls	r3, r2
10006632:	0031      	movs	r1, r6
10006634:	18c0      	adds	r0, r0, r3
10006636:	f7fd fe01 	bl	1000423c <__wrap___aeabi_memcpy>
1000663a:	1c6b      	adds	r3, r5, #1
1000663c:	b29b      	uxth	r3, r3
1000663e:	88a2      	ldrh	r2, [r4, #4]
10006640:	429d      	cmp	r5, r3
10006642:	d918      	bls.n	10006676 <tu_fifo_write+0x9e>
10006644:	2300      	movs	r3, #0
10006646:	0052      	lsls	r2, r2, #1
10006648:	1a9b      	subs	r3, r3, r2
1000664a:	b29b      	uxth	r3, r3
1000664c:	2701      	movs	r7, #1
1000664e:	8123      	strh	r3, [r4, #8]
10006650:	e7dc      	b.n	1000660c <tu_fifo_write+0x34>
10006652:	0051      	lsls	r1, r2, #1
10006654:	1bc9      	subs	r1, r1, r7
10006656:	185b      	adds	r3, r3, r1
10006658:	b29b      	uxth	r3, r3
1000665a:	e7d2      	b.n	10006602 <tu_fifo_write+0x2a>
1000665c:	002b      	movs	r3, r5
1000665e:	88e2      	ldrh	r2, [r4, #6]
10006660:	6820      	ldr	r0, [r4, #0]
10006662:	0452      	lsls	r2, r2, #17
10006664:	0c52      	lsrs	r2, r2, #17
10006666:	4353      	muls	r3, r2
10006668:	0031      	movs	r1, r6
1000666a:	18c0      	adds	r0, r0, r3
1000666c:	f7fd fde6 	bl	1000423c <__wrap___aeabi_memcpy>
10006670:	3501      	adds	r5, #1
10006672:	88a2      	ldrh	r2, [r4, #4]
10006674:	b2ab      	uxth	r3, r5
10006676:	0052      	lsls	r2, r2, #1
10006678:	4293      	cmp	r3, r2
1000667a:	dbe7      	blt.n	1000664c <tu_fifo_write+0x74>
1000667c:	e7e4      	b.n	10006648 <tu_fifo_write+0x70>
1000667e:	46c0      	nop			@ (mov r8, r8)

10006680 <tu_fifo_write_n>:
10006680:	b5f0      	push	{r4, r5, r6, r7, lr}
10006682:	4657      	mov	r7, sl
10006684:	4645      	mov	r5, r8
10006686:	46de      	mov	lr, fp
10006688:	464e      	mov	r6, r9
1000668a:	b5e0      	push	{r5, r6, r7, lr}
1000668c:	0014      	movs	r4, r2
1000668e:	0005      	movs	r5, r0
10006690:	000f      	movs	r7, r1
10006692:	b083      	sub	sp, #12
10006694:	2a00      	cmp	r2, #0
10006696:	d075      	beq.n	10006784 <tu_fifo_write_n+0x104>
10006698:	68c0      	ldr	r0, [r0, #12]
1000669a:	2800      	cmp	r0, #0
1000669c:	d003      	beq.n	100066a6 <tu_fifo_write_n+0x26>
1000669e:	2101      	movs	r1, #1
100066a0:	4249      	negs	r1, r1
100066a2:	f000 f955 	bl	10006950 <__mutex_enter_timeout_ms_veneer>
100066a6:	892e      	ldrh	r6, [r5, #8]
100066a8:	79e9      	ldrb	r1, [r5, #7]
100066aa:	896a      	ldrh	r2, [r5, #10]
100066ac:	88ab      	ldrh	r3, [r5, #4]
100066ae:	b2b6      	uxth	r6, r6
100066b0:	b292      	uxth	r2, r2
100066b2:	09c9      	lsrs	r1, r1, #7
100066b4:	d145      	bne.n	10006742 <tu_fifo_write_n+0xc2>
100066b6:	4296      	cmp	r6, r2
100066b8:	d300      	bcc.n	100066bc <tu_fifo_write_n+0x3c>
100066ba:	e06d      	b.n	10006798 <tu_fifo_write_n+0x118>
100066bc:	0059      	lsls	r1, r3, #1
100066be:	1a8a      	subs	r2, r1, r2
100066c0:	18b2      	adds	r2, r6, r2
100066c2:	b292      	uxth	r2, r2
100066c4:	2100      	movs	r1, #0
100066c6:	4689      	mov	r9, r1
100066c8:	429a      	cmp	r2, r3
100066ca:	d234      	bcs.n	10006736 <tu_fifo_write_n+0xb6>
100066cc:	1a9a      	subs	r2, r3, r2
100066ce:	1c11      	adds	r1, r2, #0
100066d0:	b292      	uxth	r2, r2
100066d2:	42a2      	cmp	r2, r4
100066d4:	d900      	bls.n	100066d8 <tu_fifo_write_n+0x58>
100066d6:	1c21      	adds	r1, r4, #0
100066d8:	b28a      	uxth	r2, r1
100066da:	4691      	mov	r9, r2
100066dc:	88ea      	ldrh	r2, [r5, #6]
100066de:	0452      	lsls	r2, r2, #17
100066e0:	0c52      	lsrs	r2, r2, #17
100066e2:	4690      	mov	r8, r2
100066e4:	464a      	mov	r2, r9
100066e6:	18b2      	adds	r2, r6, r2
100066e8:	b292      	uxth	r2, r2
100066ea:	4692      	mov	sl, r2
100066ec:	464a      	mov	r2, r9
100066ee:	1ad2      	subs	r2, r2, r3
100066f0:	b292      	uxth	r2, r2
100066f2:	4693      	mov	fp, r2
100066f4:	0034      	movs	r4, r6
100066f6:	429e      	cmp	r6, r3
100066f8:	d303      	bcc.n	10006702 <tu_fifo_write_n+0x82>
100066fa:	1ae4      	subs	r4, r4, r3
100066fc:	b2a4      	uxth	r4, r4
100066fe:	429c      	cmp	r4, r3
10006700:	d2fb      	bcs.n	100066fa <tu_fifo_write_n+0x7a>
10006702:	4642      	mov	r2, r8
10006704:	4362      	muls	r2, r4
10006706:	6828      	ldr	r0, [r5, #0]
10006708:	1b1b      	subs	r3, r3, r4
1000670a:	b29b      	uxth	r3, r3
1000670c:	1880      	adds	r0, r0, r2
1000670e:	4642      	mov	r2, r8
10006710:	454b      	cmp	r3, r9
10006712:	d354      	bcc.n	100067be <tu_fifo_write_n+0x13e>
10006714:	464b      	mov	r3, r9
10006716:	0039      	movs	r1, r7
10006718:	435a      	muls	r2, r3
1000671a:	f7fd fd8f 	bl	1000423c <__wrap___aeabi_memcpy>
1000671e:	88ab      	ldrh	r3, [r5, #4]
10006720:	005b      	lsls	r3, r3, #1
10006722:	45b2      	cmp	sl, r6
10006724:	d301      	bcc.n	1000672a <tu_fifo_write_n+0xaa>
10006726:	459a      	cmp	sl, r3
10006728:	db03      	blt.n	10006732 <tu_fifo_write_n+0xb2>
1000672a:	4652      	mov	r2, sl
1000672c:	1ad3      	subs	r3, r2, r3
1000672e:	b29b      	uxth	r3, r3
10006730:	469a      	mov	sl, r3
10006732:	4653      	mov	r3, sl
10006734:	812b      	strh	r3, [r5, #8]
10006736:	68e8      	ldr	r0, [r5, #12]
10006738:	2800      	cmp	r0, #0
1000673a:	d025      	beq.n	10006788 <tu_fifo_write_n+0x108>
1000673c:	f000 f8e0 	bl	10006900 <__mutex_exit_veneer>
10006740:	e022      	b.n	10006788 <tu_fifo_write_n+0x108>
10006742:	88e9      	ldrh	r1, [r5, #6]
10006744:	0449      	lsls	r1, r1, #17
10006746:	0c49      	lsrs	r1, r1, #17
10006748:	4688      	mov	r8, r1
1000674a:	429c      	cmp	r4, r3
1000674c:	d227      	bcs.n	1000679e <tu_fifo_write_n+0x11e>
1000674e:	4296      	cmp	r6, r2
10006750:	d347      	bcc.n	100067e2 <tu_fifo_write_n+0x162>
10006752:	1ab1      	subs	r1, r6, r2
10006754:	b289      	uxth	r1, r1
10006756:	468c      	mov	ip, r1
10006758:	0058      	lsls	r0, r3, #1
1000675a:	1ae1      	subs	r1, r4, r3
1000675c:	b289      	uxth	r1, r1
1000675e:	468b      	mov	fp, r1
10006760:	4661      	mov	r1, ip
10006762:	1909      	adds	r1, r1, r4
10006764:	4281      	cmp	r1, r0
10006766:	db08      	blt.n	1000677a <tu_fifo_write_n+0xfa>
10006768:	18d1      	adds	r1, r2, r3
1000676a:	b289      	uxth	r1, r1
1000676c:	1b0e      	subs	r6, r1, r4
1000676e:	b2b6      	uxth	r6, r6
10006770:	468a      	mov	sl, r1
10006772:	42b2      	cmp	r2, r6
10006774:	d93b      	bls.n	100067ee <tu_fifo_write_n+0x16e>
10006776:	1a36      	subs	r6, r6, r0
10006778:	b2b6      	uxth	r6, r6
1000677a:	19a2      	adds	r2, r4, r6
1000677c:	b292      	uxth	r2, r2
1000677e:	4692      	mov	sl, r2
10006780:	46a1      	mov	r9, r4
10006782:	e7b7      	b.n	100066f4 <tu_fifo_write_n+0x74>
10006784:	2300      	movs	r3, #0
10006786:	4699      	mov	r9, r3
10006788:	4648      	mov	r0, r9
1000678a:	b003      	add	sp, #12
1000678c:	bcf0      	pop	{r4, r5, r6, r7}
1000678e:	46bb      	mov	fp, r7
10006790:	46b2      	mov	sl, r6
10006792:	46a9      	mov	r9, r5
10006794:	46a0      	mov	r8, r4
10006796:	bdf0      	pop	{r4, r5, r6, r7, pc}
10006798:	1ab2      	subs	r2, r6, r2
1000679a:	b292      	uxth	r2, r2
1000679c:	e792      	b.n	100066c4 <tu_fifo_write_n+0x44>
1000679e:	2100      	movs	r1, #0
100067a0:	4689      	mov	r9, r1
100067a2:	2b00      	cmp	r3, #0
100067a4:	d0c7      	beq.n	10006736 <tu_fifo_write_n+0xb6>
100067a6:	4641      	mov	r1, r8
100067a8:	1ae4      	subs	r4, r4, r3
100067aa:	434c      	muls	r4, r1
100067ac:	0016      	movs	r6, r2
100067ae:	18d1      	adds	r1, r2, r3
100067b0:	2200      	movs	r2, #0
100067b2:	b289      	uxth	r1, r1
100067b4:	468a      	mov	sl, r1
100067b6:	4699      	mov	r9, r3
100067b8:	4693      	mov	fp, r2
100067ba:	193f      	adds	r7, r7, r4
100067bc:	e79a      	b.n	100066f4 <tu_fifo_write_n+0x74>
100067be:	4353      	muls	r3, r2
100067c0:	b29b      	uxth	r3, r3
100067c2:	001a      	movs	r2, r3
100067c4:	0039      	movs	r1, r7
100067c6:	445c      	add	r4, fp
100067c8:	9301      	str	r3, [sp, #4]
100067ca:	f7fd fd37 	bl	1000423c <__wrap___aeabi_memcpy>
100067ce:	4641      	mov	r1, r8
100067d0:	0022      	movs	r2, r4
100067d2:	434a      	muls	r2, r1
100067d4:	9b01      	ldr	r3, [sp, #4]
100067d6:	6828      	ldr	r0, [r5, #0]
100067d8:	b292      	uxth	r2, r2
100067da:	18f9      	adds	r1, r7, r3
100067dc:	f7fd fd2e 	bl	1000423c <__wrap___aeabi_memcpy>
100067e0:	e79d      	b.n	1000671e <tu_fifo_write_n+0x9e>
100067e2:	0058      	lsls	r0, r3, #1
100067e4:	1a81      	subs	r1, r0, r2
100067e6:	1871      	adds	r1, r6, r1
100067e8:	b289      	uxth	r1, r1
100067ea:	468c      	mov	ip, r1
100067ec:	e7b5      	b.n	1000675a <tu_fifo_write_n+0xda>
100067ee:	46a1      	mov	r9, r4
100067f0:	42b0      	cmp	r0, r6
100067f2:	dd00      	ble.n	100067f6 <tu_fifo_write_n+0x176>
100067f4:	e77e      	b.n	100066f4 <tu_fifo_write_n+0x74>
100067f6:	e7be      	b.n	10006776 <tu_fifo_write_n+0xf6>

100067f8 <tu_fifo_clear>:
100067f8:	b510      	push	{r4, lr}
100067fa:	0004      	movs	r4, r0
100067fc:	68c0      	ldr	r0, [r0, #12]
100067fe:	2800      	cmp	r0, #0
10006800:	d003      	beq.n	1000680a <tu_fifo_clear+0x12>
10006802:	2101      	movs	r1, #1
10006804:	4249      	negs	r1, r1
10006806:	f000 f8a3 	bl	10006950 <__mutex_enter_timeout_ms_veneer>
1000680a:	6920      	ldr	r0, [r4, #16]
1000680c:	2800      	cmp	r0, #0
1000680e:	d003      	beq.n	10006818 <tu_fifo_clear+0x20>
10006810:	2101      	movs	r1, #1
10006812:	4249      	negs	r1, r1
10006814:	f000 f89c 	bl	10006950 <__mutex_enter_timeout_ms_veneer>
10006818:	2300      	movs	r3, #0
1000681a:	68e0      	ldr	r0, [r4, #12]
1000681c:	8163      	strh	r3, [r4, #10]
1000681e:	8123      	strh	r3, [r4, #8]
10006820:	2800      	cmp	r0, #0
10006822:	d001      	beq.n	10006828 <tu_fifo_clear+0x30>
10006824:	f000 f86c 	bl	10006900 <__mutex_exit_veneer>
10006828:	6920      	ldr	r0, [r4, #16]
1000682a:	2800      	cmp	r0, #0
1000682c:	d001      	beq.n	10006832 <tu_fifo_clear+0x3a>
1000682e:	f000 f867 	bl	10006900 <__mutex_exit_veneer>
10006832:	2001      	movs	r0, #1
10006834:	bd10      	pop	{r4, pc}
10006836:	46c0      	nop			@ (mov r8, r8)

10006838 <tu_fifo_set_overwritable>:
10006838:	b570      	push	{r4, r5, r6, lr}
1000683a:	0004      	movs	r4, r0
1000683c:	68c0      	ldr	r0, [r0, #12]
1000683e:	000d      	movs	r5, r1
10006840:	2800      	cmp	r0, #0
10006842:	d003      	beq.n	1000684c <tu_fifo_set_overwritable+0x14>
10006844:	2101      	movs	r1, #1
10006846:	4249      	negs	r1, r1
10006848:	f000 f882 	bl	10006950 <__mutex_enter_timeout_ms_veneer>
1000684c:	6920      	ldr	r0, [r4, #16]
1000684e:	2800      	cmp	r0, #0
10006850:	d003      	beq.n	1000685a <tu_fifo_set_overwritable+0x22>
10006852:	2101      	movs	r1, #1
10006854:	4249      	negs	r1, r1
10006856:	f000 f87b 	bl	10006950 <__mutex_enter_timeout_ms_veneer>
1000685a:	217f      	movs	r1, #127	@ 0x7f
1000685c:	79e3      	ldrb	r3, [r4, #7]
1000685e:	01ed      	lsls	r5, r5, #7
10006860:	4019      	ands	r1, r3
10006862:	68e0      	ldr	r0, [r4, #12]
10006864:	4329      	orrs	r1, r5
10006866:	71e1      	strb	r1, [r4, #7]
10006868:	2800      	cmp	r0, #0
1000686a:	d001      	beq.n	10006870 <tu_fifo_set_overwritable+0x38>
1000686c:	f000 f848 	bl	10006900 <__mutex_exit_veneer>
10006870:	6920      	ldr	r0, [r4, #16]
10006872:	2800      	cmp	r0, #0
10006874:	d001      	beq.n	1000687a <tu_fifo_set_overwritable+0x42>
10006876:	f000 f843 	bl	10006900 <__mutex_exit_veneer>
1000687a:	2001      	movs	r0, #1
1000687c:	bd70      	pop	{r4, r5, r6, pc}
1000687e:	46c0      	nop			@ (mov r8, r8)

10006880 <strlen>:
10006880:	b510      	push	{r4, lr}
10006882:	0783      	lsls	r3, r0, #30
10006884:	d00a      	beq.n	1000689c <strlen+0x1c>
10006886:	0003      	movs	r3, r0
10006888:	2103      	movs	r1, #3
1000688a:	e002      	b.n	10006892 <strlen+0x12>
1000688c:	3301      	adds	r3, #1
1000688e:	420b      	tst	r3, r1
10006890:	d005      	beq.n	1000689e <strlen+0x1e>
10006892:	781a      	ldrb	r2, [r3, #0]
10006894:	2a00      	cmp	r2, #0
10006896:	d1f9      	bne.n	1000688c <strlen+0xc>
10006898:	1a18      	subs	r0, r3, r0
1000689a:	bd10      	pop	{r4, pc}
1000689c:	0003      	movs	r3, r0
1000689e:	6819      	ldr	r1, [r3, #0]
100068a0:	4a0c      	ldr	r2, [pc, #48]	@ (100068d4 <strlen+0x54>)
100068a2:	4c0d      	ldr	r4, [pc, #52]	@ (100068d8 <strlen+0x58>)
100068a4:	188a      	adds	r2, r1, r2
100068a6:	438a      	bics	r2, r1
100068a8:	4222      	tst	r2, r4
100068aa:	d10f      	bne.n	100068cc <strlen+0x4c>
100068ac:	6859      	ldr	r1, [r3, #4]
100068ae:	4a09      	ldr	r2, [pc, #36]	@ (100068d4 <strlen+0x54>)
100068b0:	3304      	adds	r3, #4
100068b2:	188a      	adds	r2, r1, r2
100068b4:	438a      	bics	r2, r1
100068b6:	4222      	tst	r2, r4
100068b8:	d108      	bne.n	100068cc <strlen+0x4c>
100068ba:	6859      	ldr	r1, [r3, #4]
100068bc:	4a05      	ldr	r2, [pc, #20]	@ (100068d4 <strlen+0x54>)
100068be:	3304      	adds	r3, #4
100068c0:	188a      	adds	r2, r1, r2
100068c2:	438a      	bics	r2, r1
100068c4:	4222      	tst	r2, r4
100068c6:	d0f1      	beq.n	100068ac <strlen+0x2c>
100068c8:	e000      	b.n	100068cc <strlen+0x4c>
100068ca:	3301      	adds	r3, #1
100068cc:	781a      	ldrb	r2, [r3, #0]
100068ce:	2a00      	cmp	r2, #0
100068d0:	d1fb      	bne.n	100068ca <strlen+0x4a>
100068d2:	e7e1      	b.n	10006898 <strlen+0x18>
100068d4:	fefefeff 	.word	0xfefefeff
100068d8:	80808080 	.word	0x80808080

100068dc <_fini>:
100068dc:	b5f8      	push	{r3, r4, r5, r6, r7, lr}
100068de:	46c0      	nop			@ (mov r8, r8)

100068e0 <__e15_is_critical_frame_period_veneer>:
100068e0:	b401      	push	{r0}
100068e2:	4802      	ldr	r0, [pc, #8]	@ (100068ec <__e15_is_critical_frame_period_veneer+0xc>)
100068e4:	4684      	mov	ip, r0
100068e6:	bc01      	pop	{r0}
100068e8:	4760      	bx	ip
100068ea:	bf00      	nop
100068ec:	200009d9 	.word	0x200009d9

100068f0 <__flash_do_cmd_veneer>:
100068f0:	b401      	push	{r0}
100068f2:	4802      	ldr	r0, [pc, #8]	@ (100068fc <__flash_do_cmd_veneer+0xc>)
100068f4:	4684      	mov	ip, r0
100068f6:	bc01      	pop	{r0}
100068f8:	4760      	bx	ip
100068fa:	bf00      	nop
100068fc:	200002c9 	.word	0x200002c9

10006900 <__mutex_exit_veneer>:
10006900:	b401      	push	{r0}
10006902:	4802      	ldr	r0, [pc, #8]	@ (1000690c <__mutex_exit_veneer+0xc>)
10006904:	4684      	mov	ip, r0
10006906:	bc01      	pop	{r0}
10006908:	4760      	bx	ip
1000690a:	bf00      	nop
1000690c:	2000022d 	.word	0x2000022d

10006910 <____aeabi_ldiv0_veneer>:
10006910:	b401      	push	{r0}
10006912:	4802      	ldr	r0, [pc, #8]	@ (1000691c <____aeabi_ldiv0_veneer+0xc>)
10006914:	4684      	mov	ip, r0
10006916:	bc01      	pop	{r0}
10006918:	4760      	bx	ip
1000691a:	bf00      	nop
1000691c:	20000d75 	.word	0x20000d75

10006920 <__reset_non_control_endpoints_veneer>:
10006920:	b401      	push	{r0}
10006922:	4802      	ldr	r0, [pc, #8]	@ (1000692c <__reset_non_control_endpoints_veneer+0xc>)
10006924:	4684      	mov	ip, r0
10006926:	bc01      	pop	{r0}
10006928:	4760      	bx	ip
1000692a:	bf00      	nop
1000692c:	20000389 	.word	0x20000389

10006930 <____aeabi_idiv0_veneer>:
10006930:	b401      	push	{r0}
10006932:	4802      	ldr	r0, [pc, #8]	@ (1000693c <____aeabi_idiv0_veneer+0xc>)
10006934:	4684      	mov	ip, r0
10006936:	bc01      	pop	{r0}
10006938:	4760      	bx	ip
1000693a:	bf00      	nop
1000693c:	20000d75 	.word	0x20000d75

10006940 <__mutex_try_enter_veneer>:
10006940:	b401      	push	{r0}
10006942:	4802      	ldr	r0, [pc, #8]	@ (1000694c <__mutex_try_enter_veneer+0xc>)
10006944:	4684      	mov	ip, r0
10006946:	bc01      	pop	{r0}
10006948:	4760      	bx	ip
1000694a:	bf00      	nop
1000694c:	200000c1 	.word	0x200000c1

10006950 <__mutex_enter_timeout_ms_veneer>:
10006950:	b401      	push	{r0}
10006952:	4802      	ldr	r0, [pc, #8]	@ (1000695c <__mutex_enter_timeout_ms_veneer+0xc>)
10006954:	4684      	mov	ip, r0
10006956:	bc01      	pop	{r0}
10006958:	4760      	bx	ip
1000695a:	bf00      	nop
1000695c:	2000019d 	.word	0x2000019d

10006960 <__mutex_try_enter_block_until_veneer>:
10006960:	b401      	push	{r0}
10006962:	4802      	ldr	r0, [pc, #8]	@ (1000696c <__mutex_try_enter_block_until_veneer+0xc>)
10006964:	4684      	mov	ip, r0
10006966:	bc01      	pop	{r0}
10006968:	4760      	bx	ip
1000696a:	bf00      	nop
1000696c:	20000101 	.word	0x20000101

10006970 <__hw_endpoint_start_next_buffer_veneer>:
10006970:	b401      	push	{r0}
10006972:	4802      	ldr	r0, [pc, #8]	@ (1000697c <__hw_endpoint_start_next_buffer_veneer+0xc>)
10006974:	4684      	mov	ip, r0
10006976:	bc01      	pop	{r0}
10006978:	4760      	bx	ip
1000697a:	bf00      	nop
1000697c:	20000b4d 	.word	0x20000b4d

10006980 <__e15_is_bulkin_ep_veneer>:
10006980:	b401      	push	{r0}
10006982:	4802      	ldr	r0, [pc, #8]	@ (1000698c <__e15_is_bulkin_ep_veneer+0xc>)
10006984:	4684      	mov	ip, r0
10006986:	bc01      	pop	{r0}
10006988:	4760      	bx	ip
1000698a:	bf00      	nop
1000698c:	200009b1 	.word	0x200009b1

10006990 <___hw_endpoint_buffer_control_update32_veneer>:
10006990:	b401      	push	{r0}
10006992:	4802      	ldr	r0, [pc, #8]	@ (1000699c <___hw_endpoint_buffer_control_update32_veneer+0xc>)
10006994:	4684      	mov	ip, r0
10006996:	bc01      	pop	{r0}
10006998:	4760      	bx	ip
1000699a:	bf00      	nop
1000699c:	20000af5 	.word	0x20000af5

Disassembly of section .data:

200000c0 <mutex_try_enter>:
200000c0:	0003      	movs	r3, r0
200000c2:	6800      	ldr	r0, [r0, #0]
200000c4:	f3ef 8c10 	mrs	ip, PRIMASK
200000c8:	b672      	cpsid	i
200000ca:	6802      	ldr	r2, [r0, #0]
200000cc:	2a00      	cmp	r2, #0
200000ce:	d0fc      	beq.n	200000ca <mutex_try_enter+0xa>
200000d0:	f3bf 8f5f 	dmb	sy
200000d4:	2204      	movs	r2, #4
200000d6:	569a      	ldrsb	r2, [r3, r2]
200000d8:	2a00      	cmp	r2, #0
200000da:	db04      	blt.n	200000e6 <mutex_try_enter+0x26>
200000dc:	2900      	cmp	r1, #0
200000de:	d000      	beq.n	200000e2 <mutex_try_enter+0x22>
200000e0:	600a      	str	r2, [r1, #0]
200000e2:	2000      	movs	r0, #0
200000e4:	e004      	b.n	200000f0 <mutex_try_enter+0x30>
200000e6:	22d0      	movs	r2, #208	@ 0xd0
200000e8:	2001      	movs	r0, #1
200000ea:	0612      	lsls	r2, r2, #24
200000ec:	6812      	ldr	r2, [r2, #0]
200000ee:	711a      	strb	r2, [r3, #4]
200000f0:	681b      	ldr	r3, [r3, #0]
200000f2:	f3bf 8f5f 	dmb	sy
200000f6:	2200      	movs	r2, #0
200000f8:	601a      	str	r2, [r3, #0]
200000fa:	f38c 8810 	msr	PRIMASK, ip
200000fe:	4770      	bx	lr

20000100 <mutex_try_enter_block_until>:
20000100:	b5f0      	push	{r4, r5, r6, r7, lr}
20000102:	46c6      	mov	lr, r8
20000104:	0015      	movs	r5, r2
20000106:	b500      	push	{lr}
20000108:	0004      	movs	r4, r0
2000010a:	001e      	movs	r6, r3
2000010c:	6802      	ldr	r2, [r0, #0]
2000010e:	f3ef 8110 	mrs	r1, PRIMASK
20000112:	b672      	cpsid	i
20000114:	6813      	ldr	r3, [r2, #0]
20000116:	2b00      	cmp	r3, #0
20000118:	d0fc      	beq.n	20000114 <mutex_try_enter_block_until+0x14>
2000011a:	f3bf 8f5f 	dmb	sy
2000011e:	2304      	movs	r3, #4
20000120:	56e3      	ldrsb	r3, [r4, r3]
20000122:	2b00      	cmp	r3, #0
20000124:	db2d      	blt.n	20000182 <mutex_try_enter_block_until+0x82>
20000126:	6822      	ldr	r2, [r4, #0]
20000128:	f3bf 8f5f 	dmb	sy
2000012c:	2000      	movs	r0, #0
2000012e:	6010      	str	r0, [r2, #0]
20000130:	f381 8810 	msr	PRIMASK, r1
20000134:	22d0      	movs	r2, #208	@ 0xd0
20000136:	0612      	lsls	r2, r2, #24
20000138:	7812      	ldrb	r2, [r2, #0]
2000013a:	b252      	sxtb	r2, r2
2000013c:	4690      	mov	r8, r2
2000013e:	429a      	cmp	r2, r3
20000140:	d103      	bne.n	2000014a <mutex_try_enter_block_until+0x4a>
20000142:	2000      	movs	r0, #0
20000144:	bc80      	pop	{r7}
20000146:	46b8      	mov	r8, r7
20000148:	bdf0      	pop	{r4, r5, r6, r7, pc}
2000014a:	2700      	movs	r7, #0
2000014c:	e00b      	b.n	20000166 <mutex_try_enter_block_until+0x66>
2000014e:	6823      	ldr	r3, [r4, #0]
20000150:	f3bf 8f5f 	dmb	sy
20000154:	601f      	str	r7, [r3, #0]
20000156:	f381 8810 	msr	PRIMASK, r1
2000015a:	0028      	movs	r0, r5
2000015c:	0031      	movs	r1, r6
2000015e:	f000 fe3b 	bl	20000dd8 <__best_effort_wfe_or_timeout_veneer>
20000162:	2800      	cmp	r0, #0
20000164:	d1ed      	bne.n	20000142 <mutex_try_enter_block_until+0x42>
20000166:	6822      	ldr	r2, [r4, #0]
20000168:	f3ef 8110 	mrs	r1, PRIMASK
2000016c:	b672      	cpsid	i
2000016e:	6813      	ldr	r3, [r2, #0]
20000170:	2b00      	cmp	r3, #0
20000172:	d0fc      	beq.n	2000016e <mutex_try_enter_block_until+0x6e>
20000174:	f3bf 8f5f 	dmb	sy
20000178:	7923      	ldrb	r3, [r4, #4]
2000017a:	2b7f      	cmp	r3, #127	@ 0x7f
2000017c:	d9e7      	bls.n	2000014e <mutex_try_enter_block_until+0x4e>
2000017e:	4643      	mov	r3, r8
20000180:	e002      	b.n	20000188 <mutex_try_enter_block_until+0x88>
20000182:	23d0      	movs	r3, #208	@ 0xd0
20000184:	061b      	lsls	r3, r3, #24
20000186:	681b      	ldr	r3, [r3, #0]
20000188:	7123      	strb	r3, [r4, #4]
2000018a:	6823      	ldr	r3, [r4, #0]
2000018c:	f3bf 8f5f 	dmb	sy
20000190:	2200      	movs	r2, #0
20000192:	601a      	str	r2, [r3, #0]
20000194:	f381 8810 	msr	PRIMASK, r1
20000198:	2001      	movs	r0, #1
2000019a:	e7d3      	b.n	20000144 <mutex_try_enter_block_until+0x44>

2000019c <mutex_enter_timeout_ms>:
2000019c:	b5f0      	push	{r4, r5, r6, r7, lr}
2000019e:	46c6      	mov	lr, r8
200001a0:	b500      	push	{lr}
200001a2:	000d      	movs	r5, r1
200001a4:	0004      	movs	r4, r0
200001a6:	f000 fdf7 	bl	20000d98 <__time_us_64_veneer>
200001aa:	22fa      	movs	r2, #250	@ 0xfa
200001ac:	0006      	movs	r6, r0
200001ae:	000f      	movs	r7, r1
200001b0:	2300      	movs	r3, #0
200001b2:	0028      	movs	r0, r5
200001b4:	2100      	movs	r1, #0
200001b6:	0092      	lsls	r2, r2, #2
200001b8:	f000 fdfe 	bl	20000db8 <____wrap___aeabi_lmul_veneer>
200001bc:	2380      	movs	r3, #128	@ 0x80
200001be:	1836      	adds	r6, r6, r0
200001c0:	414f      	adcs	r7, r1
200001c2:	061b      	lsls	r3, r3, #24
200001c4:	429f      	cmp	r7, r3
200001c6:	d302      	bcc.n	200001ce <mutex_enter_timeout_ms+0x32>
200001c8:	2601      	movs	r6, #1
200001ca:	4f17      	ldr	r7, [pc, #92]	@ (20000228 <mutex_enter_timeout_ms+0x8c>)
200001cc:	4276      	negs	r6, r6
200001ce:	23d0      	movs	r3, #208	@ 0xd0
200001d0:	061b      	lsls	r3, r3, #24
200001d2:	681b      	ldr	r3, [r3, #0]
200001d4:	2500      	movs	r5, #0
200001d6:	4698      	mov	r8, r3
200001d8:	e00b      	b.n	200001f2 <mutex_enter_timeout_ms+0x56>
200001da:	6823      	ldr	r3, [r4, #0]
200001dc:	f3bf 8f5f 	dmb	sy
200001e0:	601d      	str	r5, [r3, #0]
200001e2:	f381 8810 	msr	PRIMASK, r1
200001e6:	0030      	movs	r0, r6
200001e8:	0039      	movs	r1, r7
200001ea:	f000 fdf5 	bl	20000dd8 <__best_effort_wfe_or_timeout_veneer>
200001ee:	2800      	cmp	r0, #0
200001f0:	d118      	bne.n	20000224 <mutex_enter_timeout_ms+0x88>
200001f2:	6822      	ldr	r2, [r4, #0]
200001f4:	f3ef 8110 	mrs	r1, PRIMASK
200001f8:	b672      	cpsid	i
200001fa:	6813      	ldr	r3, [r2, #0]
200001fc:	2b00      	cmp	r3, #0
200001fe:	d0fc      	beq.n	200001fa <mutex_enter_timeout_ms+0x5e>
20000200:	f3bf 8f5f 	dmb	sy
20000204:	7923      	ldrb	r3, [r4, #4]
20000206:	2b7f      	cmp	r3, #127	@ 0x7f
20000208:	d9e7      	bls.n	200001da <mutex_enter_timeout_ms+0x3e>
2000020a:	4643      	mov	r3, r8
2000020c:	7123      	strb	r3, [r4, #4]
2000020e:	6823      	ldr	r3, [r4, #0]
20000210:	f3bf 8f5f 	dmb	sy
20000214:	2200      	movs	r2, #0
20000216:	601a      	str	r2, [r3, #0]
20000218:	f381 8810 	msr	PRIMASK, r1
2000021c:	2001      	movs	r0, #1
2000021e:	bc80      	pop	{r7}
20000220:	46b8      	mov	r8, r7
20000222:	bdf0      	pop	{r4, r5, r6, r7, pc}
20000224:	2000      	movs	r0, #0
20000226:	e7fa      	b.n	2000021e <mutex_enter_timeout_ms+0x82>
20000228:	7fffffff 	.word	0x7fffffff

2000022c <mutex_exit>:
2000022c:	6802      	ldr	r2, [r0, #0]
2000022e:	f3ef 8110 	mrs	r1, PRIMASK
20000232:	b672      	cpsid	i
20000234:	6813      	ldr	r3, [r2, #0]
20000236:	2b00      	cmp	r3, #0
20000238:	d0fc      	beq.n	20000234 <mutex_exit+0x8>
2000023a:	f3bf 8f5f 	dmb	sy
2000023e:	23ff      	movs	r3, #255	@ 0xff
20000240:	7103      	strb	r3, [r0, #4]
20000242:	6803      	ldr	r3, [r0, #0]
20000244:	f3bf 8f5f 	dmb	sy
20000248:	2200      	movs	r2, #0
2000024a:	601a      	str	r2, [r3, #0]
2000024c:	f381 8810 	msr	PRIMASK, r1
20000250:	bf40      	sev
20000252:	4770      	bx	lr

20000254 <flash_init_boot2_copyout>:
20000254:	b510      	push	{r4, lr}
20000256:	4c08      	ldr	r4, [pc, #32]	@ (20000278 <flash_init_boot2_copyout+0x24>)
20000258:	7823      	ldrb	r3, [r4, #0]
2000025a:	2b00      	cmp	r3, #0
2000025c:	d10a      	bne.n	20000274 <flash_init_boot2_copyout+0x20>
2000025e:	2380      	movs	r3, #128	@ 0x80
20000260:	4806      	ldr	r0, [pc, #24]	@ (2000027c <flash_init_boot2_copyout+0x28>)
20000262:	4907      	ldr	r1, [pc, #28]	@ (20000280 <flash_init_boot2_copyout+0x2c>)
20000264:	055b      	lsls	r3, r3, #21
20000266:	681a      	ldr	r2, [r3, #0]
20000268:	50c2      	str	r2, [r0, r3]
2000026a:	3304      	adds	r3, #4
2000026c:	428b      	cmp	r3, r1
2000026e:	d1fa      	bne.n	20000266 <flash_init_boot2_copyout+0x12>
20000270:	2301      	movs	r3, #1
20000272:	7023      	strb	r3, [r4, #0]
20000274:	bd10      	pop	{r4, pc}
20000276:	46c0      	nop			@ (mov r8, r8)
20000278:	20001c5b 	.word	0x20001c5b
2000027c:	10001664 	.word	0x10001664
20000280:	10000100 	.word	0x10000100

20000284 <flash_enable_xip_via_boot2>:
20000284:	b510      	push	{r4, lr}
20000286:	4b01      	ldr	r3, [pc, #4]	@ (2000028c <flash_enable_xip_via_boot2+0x8>)
20000288:	4798      	blx	r3
2000028a:	bd10      	pop	{r4, pc}
2000028c:	20001665 	.word	0x20001665

20000290 <flash_cs_force.constprop.0>:
20000290:	4b03      	ldr	r3, [pc, #12]	@ (200002a0 <flash_cs_force.constprop.0+0x10>)
20000292:	681a      	ldr	r2, [r3, #0]
20000294:	23c0      	movs	r3, #192	@ 0xc0
20000296:	009b      	lsls	r3, r3, #2
20000298:	4393      	bics	r3, r2
2000029a:	4a02      	ldr	r2, [pc, #8]	@ (200002a4 <flash_cs_force.constprop.0+0x14>)
2000029c:	6013      	str	r3, [r2, #0]
2000029e:	4770      	bx	lr
200002a0:	4001800c 	.word	0x4001800c
200002a4:	4001900c 	.word	0x4001900c

200002a8 <flash_cs_force.constprop.1>:
200002a8:	4b05      	ldr	r3, [pc, #20]	@ (200002c0 <flash_cs_force.constprop.1+0x18>)
200002aa:	681a      	ldr	r2, [r3, #0]
200002ac:	2380      	movs	r3, #128	@ 0x80
200002ae:	009b      	lsls	r3, r3, #2
200002b0:	4053      	eors	r3, r2
200002b2:	22c0      	movs	r2, #192	@ 0xc0
200002b4:	0092      	lsls	r2, r2, #2
200002b6:	4013      	ands	r3, r2
200002b8:	4a02      	ldr	r2, [pc, #8]	@ (200002c4 <flash_cs_force.constprop.1+0x1c>)
200002ba:	6013      	str	r3, [r2, #0]
200002bc:	4770      	bx	lr
200002be:	46c0      	nop			@ (mov r8, r8)
200002c0:	4001800c 	.word	0x4001800c
200002c4:	4001900c 	.word	0x4001900c

200002c8 <flash_do_cmd>:
200002c8:	2314      	movs	r3, #20
200002ca:	b5f0      	push	{r4, r5, r6, r7, lr}
200002cc:	46d6      	mov	lr, sl
200002ce:	464f      	mov	r7, r9
200002d0:	4646      	mov	r6, r8
200002d2:	469a      	mov	sl, r3
200002d4:	4681      	mov	r9, r0
200002d6:	8818      	ldrh	r0, [r3, #0]
200002d8:	3304      	adds	r3, #4
200002da:	b5c0      	push	{r6, r7, lr}
200002dc:	4698      	mov	r8, r3
200002de:	000e      	movs	r6, r1
200002e0:	881b      	ldrh	r3, [r3, #0]
200002e2:	4926      	ldr	r1, [pc, #152]	@ (2000037c <flash_do_cmd+0xb4>)
200002e4:	0014      	movs	r4, r2
200002e6:	4798      	blx	r3
200002e8:	4653      	mov	r3, sl
200002ea:	0007      	movs	r7, r0
200002ec:	8818      	ldrh	r0, [r3, #0]
200002ee:	4643      	mov	r3, r8
200002f0:	4923      	ldr	r1, [pc, #140]	@ (20000380 <flash_do_cmd+0xb8>)
200002f2:	881b      	ldrh	r3, [r3, #0]
200002f4:	4798      	blx	r3
200002f6:	4653      	mov	r3, sl
200002f8:	0005      	movs	r5, r0
200002fa:	8818      	ldrh	r0, [r3, #0]
200002fc:	4643      	mov	r3, r8
200002fe:	4921      	ldr	r1, [pc, #132]	@ (20000384 <flash_do_cmd+0xbc>)
20000300:	881b      	ldrh	r3, [r3, #0]
20000302:	4798      	blx	r3
20000304:	4680      	mov	r8, r0
20000306:	f7ff ffa5 	bl	20000254 <flash_init_boot2_copyout>
2000030a:	47b8      	blx	r7
2000030c:	47a8      	blx	r5
2000030e:	f7ff ffcb 	bl	200002a8 <flash_cs_force.constprop.1>
20000312:	1e22      	subs	r2, r4, #0
20000314:	d020      	beq.n	20000358 <flash_do_cmd+0x90>
20000316:	21c0      	movs	r1, #192	@ 0xc0
20000318:	2708      	movs	r7, #8
2000031a:	2002      	movs	r0, #2
2000031c:	0549      	lsls	r1, r1, #21
2000031e:	e011      	b.n	20000344 <flash_do_cmd+0x7c>
20000320:	2c00      	cmp	r4, #0
20000322:	d014      	beq.n	2000034e <flash_do_cmd+0x86>
20000324:	1b13      	subs	r3, r2, r4
20000326:	2b0d      	cmp	r3, #13
20000328:	d920      	bls.n	2000036c <flash_do_cmd+0xa4>
2000032a:	2d00      	cmp	r5, #0
2000032c:	d00a      	beq.n	20000344 <flash_do_cmd+0x7c>
2000032e:	0023      	movs	r3, r4
20000330:	2a00      	cmp	r2, #0
20000332:	d005      	beq.n	20000340 <flash_do_cmd+0x78>
20000334:	6e0b      	ldr	r3, [r1, #96]	@ 0x60
20000336:	3a01      	subs	r2, #1
20000338:	7033      	strb	r3, [r6, #0]
2000033a:	0013      	movs	r3, r2
2000033c:	3601      	adds	r6, #1
2000033e:	4323      	orrs	r3, r4
20000340:	2b00      	cmp	r3, #0
20000342:	d009      	beq.n	20000358 <flash_do_cmd+0x90>
20000344:	003d      	movs	r5, r7
20000346:	6a8b      	ldr	r3, [r1, #40]	@ 0x28
20000348:	401d      	ands	r5, r3
2000034a:	4218      	tst	r0, r3
2000034c:	d1e8      	bne.n	20000320 <flash_do_cmd+0x58>
2000034e:	2d00      	cmp	r5, #0
20000350:	d1ed      	bne.n	2000032e <flash_do_cmd+0x66>
20000352:	0023      	movs	r3, r4
20000354:	4313      	orrs	r3, r2
20000356:	d1f5      	bne.n	20000344 <flash_do_cmd+0x7c>
20000358:	f7ff ff9a 	bl	20000290 <flash_cs_force.constprop.0>
2000035c:	47c0      	blx	r8
2000035e:	f7ff ff91 	bl	20000284 <flash_enable_xip_via_boot2>
20000362:	bce0      	pop	{r5, r6, r7}
20000364:	46ba      	mov	sl, r7
20000366:	46b1      	mov	r9, r6
20000368:	46a8      	mov	r8, r5
2000036a:	bdf0      	pop	{r4, r5, r6, r7, pc}
2000036c:	464b      	mov	r3, r9
2000036e:	781b      	ldrb	r3, [r3, #0]
20000370:	3c01      	subs	r4, #1
20000372:	660b      	str	r3, [r1, #96]	@ 0x60
20000374:	2301      	movs	r3, #1
20000376:	469c      	mov	ip, r3
20000378:	44e1      	add	r9, ip
2000037a:	e7e8      	b.n	2000034e <flash_do_cmd+0x86>
2000037c:	00004649 	.word	0x00004649
20000380:	00005845 	.word	0x00005845
20000384:	00004346 	.word	0x00004346

20000388 <reset_non_control_endpoints>:
20000388:	2200      	movs	r2, #0
2000038a:	4b15      	ldr	r3, [pc, #84]	@ (200003e0 <reset_non_control_endpoints+0x58>)
2000038c:	b510      	push	{r4, lr}
2000038e:	609a      	str	r2, [r3, #8]
20000390:	60da      	str	r2, [r3, #12]
20000392:	611a      	str	r2, [r3, #16]
20000394:	615a      	str	r2, [r3, #20]
20000396:	619a      	str	r2, [r3, #24]
20000398:	61da      	str	r2, [r3, #28]
2000039a:	621a      	str	r2, [r3, #32]
2000039c:	625a      	str	r2, [r3, #36]	@ 0x24
2000039e:	629a      	str	r2, [r3, #40]	@ 0x28
200003a0:	62da      	str	r2, [r3, #44]	@ 0x2c
200003a2:	631a      	str	r2, [r3, #48]	@ 0x30
200003a4:	635a      	str	r2, [r3, #52]	@ 0x34
200003a6:	639a      	str	r2, [r3, #56]	@ 0x38
200003a8:	63da      	str	r2, [r3, #60]	@ 0x3c
200003aa:	641a      	str	r2, [r3, #64]	@ 0x40
200003ac:	645a      	str	r2, [r3, #68]	@ 0x44
200003ae:	649a      	str	r2, [r3, #72]	@ 0x48
200003b0:	64da      	str	r2, [r3, #76]	@ 0x4c
200003b2:	651a      	str	r2, [r3, #80]	@ 0x50
200003b4:	655a      	str	r2, [r3, #84]	@ 0x54
200003b6:	659a      	str	r2, [r3, #88]	@ 0x58
200003b8:	65da      	str	r2, [r3, #92]	@ 0x5c
200003ba:	661a      	str	r2, [r3, #96]	@ 0x60
200003bc:	665a      	str	r2, [r3, #100]	@ 0x64
200003be:	669a      	str	r2, [r3, #104]	@ 0x68
200003c0:	66da      	str	r2, [r3, #108]	@ 0x6c
200003c2:	671a      	str	r2, [r3, #112]	@ 0x70
200003c4:	675a      	str	r2, [r3, #116]	@ 0x74
200003c6:	679a      	str	r2, [r3, #120]	@ 0x78
200003c8:	67da      	str	r2, [r3, #124]	@ 0x7c
200003ca:	32f0      	adds	r2, #240	@ 0xf0
200003cc:	0092      	lsls	r2, r2, #2
200003ce:	2100      	movs	r1, #0
200003d0:	4804      	ldr	r0, [pc, #16]	@ (200003e4 <reset_non_control_endpoints+0x5c>)
200003d2:	f000 fcd1 	bl	20000d78 <____wrap_memset_veneer>
200003d6:	4b04      	ldr	r3, [pc, #16]	@ (200003e8 <reset_non_control_endpoints+0x60>)
200003d8:	4a04      	ldr	r2, [pc, #16]	@ (200003ec <reset_non_control_endpoints+0x64>)
200003da:	601a      	str	r2, [r3, #0]
200003dc:	bd10      	pop	{r4, pc}
200003de:	46c0      	nop			@ (mov r8, r8)
200003e0:	50100000 	.word	0x50100000
200003e4:	20001824 	.word	0x20001824
200003e8:	20001bec 	.word	0x20001bec
200003ec:	50100180 	.word	0x50100180

200003f0 <hw_handle_buff_status>:
200003f0:	b5f0      	push	{r4, r5, r6, r7, lr}
200003f2:	4657      	mov	r7, sl
200003f4:	464e      	mov	r6, r9
200003f6:	4645      	mov	r5, r8
200003f8:	46de      	mov	lr, fp
200003fa:	b5e0      	push	{r5, r6, r7, lr}
200003fc:	4b25      	ldr	r3, [pc, #148]	@ (20000494 <hw_handle_buff_status+0xa4>)
200003fe:	2500      	movs	r5, #0
20000400:	6d9f      	ldr	r7, [r3, #88]	@ 0x58
20000402:	2601      	movs	r6, #1
20000404:	b087      	sub	sp, #28
20000406:	2f00      	cmp	r7, #0
20000408:	d023      	beq.n	20000452 <hw_handle_buff_status+0x62>
2000040a:	4b23      	ldr	r3, [pc, #140]	@ (20000498 <hw_handle_buff_status+0xa8>)
2000040c:	4699      	mov	r9, r3
2000040e:	2301      	movs	r3, #1
20000410:	469b      	mov	fp, r3
20000412:	4b22      	ldr	r3, [pc, #136]	@ (2000049c <hw_handle_buff_status+0xac>)
20000414:	4698      	mov	r8, r3
20000416:	e001      	b.n	2000041c <hw_handle_buff_status+0x2c>
20000418:	2d20      	cmp	r5, #32
2000041a:	d01a      	beq.n	20000452 <hw_handle_buff_status+0x62>
2000041c:	0032      	movs	r2, r6
2000041e:	002c      	movs	r4, r5
20000420:	3501      	adds	r5, #1
20000422:	46b2      	mov	sl, r6
20000424:	403a      	ands	r2, r7
20000426:	b2ed      	uxtb	r5, r5
20000428:	0076      	lsls	r6, r6, #1
2000042a:	2a00      	cmp	r2, #0
2000042c:	d0f4      	beq.n	20000418 <hw_handle_buff_status+0x28>
2000042e:	464b      	mov	r3, r9
20000430:	4652      	mov	r2, sl
20000432:	659a      	str	r2, [r3, #88]	@ 0x58
20000434:	465b      	mov	r3, fp
20000436:	0864      	lsrs	r4, r4, #1
20000438:	0064      	lsls	r4, r4, #1
2000043a:	402b      	ands	r3, r5
2000043c:	18e4      	adds	r4, r4, r3
2000043e:	0164      	lsls	r4, r4, #5
20000440:	4444      	add	r4, r8
20000442:	0020      	movs	r0, r4
20000444:	f000 fbb8 	bl	20000bb8 <hw_endpoint_xfer_continue>
20000448:	2800      	cmp	r0, #0
2000044a:	d109      	bne.n	20000460 <hw_handle_buff_status+0x70>
2000044c:	4653      	mov	r3, sl
2000044e:	439f      	bics	r7, r3
20000450:	d1e2      	bne.n	20000418 <hw_handle_buff_status+0x28>
20000452:	b007      	add	sp, #28
20000454:	bcf0      	pop	{r4, r5, r6, r7}
20000456:	46bb      	mov	fp, r7
20000458:	46b2      	mov	sl, r6
2000045a:	46a9      	mov	r9, r5
2000045c:	46a0      	mov	r8, r4
2000045e:	bdf0      	pop	{r4, r5, r6, r7, pc}
20000460:	8ae2      	ldrh	r2, [r4, #22]
20000462:	78a3      	ldrb	r3, [r4, #2]
20000464:	a802      	add	r0, sp, #8
20000466:	9201      	str	r2, [sp, #4]
20000468:	2100      	movs	r1, #0
2000046a:	2206      	movs	r2, #6
2000046c:	3006      	adds	r0, #6
2000046e:	9300      	str	r3, [sp, #0]
20000470:	f000 fc82 	bl	20000d78 <____wrap_memset_veneer>
20000474:	23e0      	movs	r3, #224	@ 0xe0
20000476:	a902      	add	r1, sp, #8
20000478:	00db      	lsls	r3, r3, #3
2000047a:	808b      	strh	r3, [r1, #4]
2000047c:	9b00      	ldr	r3, [sp, #0]
2000047e:	9a01      	ldr	r2, [sp, #4]
20000480:	720b      	strb	r3, [r1, #8]
20000482:	a803      	add	r0, sp, #12
20000484:	2101      	movs	r1, #1
20000486:	9205      	str	r2, [sp, #20]
20000488:	f000 fbbe 	bl	20000c08 <dcd_event_handler>
2000048c:	0020      	movs	r0, r4
2000048e:	f000 fb2b 	bl	20000ae8 <hw_endpoint_reset_transfer>
20000492:	e7db      	b.n	2000044c <hw_handle_buff_status+0x5c>
20000494:	50110000 	.word	0x50110000
20000498:	50113000 	.word	0x50113000
2000049c:	200017e4 	.word	0x200017e4

200004a0 <dcd_rp2040_irq>:
200004a0:	2398      	movs	r3, #152	@ 0x98
200004a2:	4ac8      	ldr	r2, [pc, #800]	@ (200007c4 <dcd_rp2040_irq+0x324>)
200004a4:	b5f0      	push	{r4, r5, r6, r7, lr}
200004a6:	58d5      	ldr	r5, [r2, r3]
200004a8:	2380      	movs	r3, #128	@ 0x80
200004aa:	002c      	movs	r4, r5
200004ac:	029b      	lsls	r3, r3, #10
200004ae:	2610      	movs	r6, #16
200004b0:	b085      	sub	sp, #20
200004b2:	401c      	ands	r4, r3
200004b4:	421d      	tst	r5, r3
200004b6:	d07a      	beq.n	200005ae <dcd_rp2040_irq+0x10e>
200004b8:	4bc3      	ldr	r3, [pc, #780]	@ (200007c8 <dcd_rp2040_irq+0x328>)
200004ba:	4cc4      	ldr	r4, [pc, #784]	@ (200007cc <dcd_rp2040_irq+0x32c>)
200004bc:	6a9a      	ldr	r2, [r3, #40]	@ 0x28
200004be:	4bc4      	ldr	r3, [pc, #784]	@ (200007d0 <dcd_rp2040_irq+0x330>)
200004c0:	2600      	movs	r6, #0
200004c2:	601a      	str	r2, [r3, #0]
200004c4:	233b      	movs	r3, #59	@ 0x3b
200004c6:	5ce3      	ldrb	r3, [r4, r3]
200004c8:	2b02      	cmp	r3, #2
200004ca:	d100      	bne.n	200004ce <dcd_rp2040_irq+0x2e>
200004cc:	e0df      	b.n	2000068e <dcd_rp2040_irq+0x1ee>
200004ce:	237b      	movs	r3, #123	@ 0x7b
200004d0:	5ce3      	ldrb	r3, [r4, r3]
200004d2:	2b02      	cmp	r3, #2
200004d4:	d100      	bne.n	200004d8 <dcd_rp2040_irq+0x38>
200004d6:	e1b9      	b.n	2000084c <dcd_rp2040_irq+0x3ac>
200004d8:	23bb      	movs	r3, #187	@ 0xbb
200004da:	5ce3      	ldrb	r3, [r4, r3]
200004dc:	2b02      	cmp	r3, #2
200004de:	d100      	bne.n	200004e2 <dcd_rp2040_irq+0x42>
200004e0:	e1a9      	b.n	20000836 <dcd_rp2040_irq+0x396>
200004e2:	23fb      	movs	r3, #251	@ 0xfb
200004e4:	5ce3      	ldrb	r3, [r4, r3]
200004e6:	2b02      	cmp	r3, #2
200004e8:	d100      	bne.n	200004ec <dcd_rp2040_irq+0x4c>
200004ea:	e199      	b.n	20000820 <dcd_rp2040_irq+0x380>
200004ec:	233c      	movs	r3, #60	@ 0x3c
200004ee:	33ff      	adds	r3, #255	@ 0xff
200004f0:	5ce3      	ldrb	r3, [r4, r3]
200004f2:	2b02      	cmp	r3, #2
200004f4:	d100      	bne.n	200004f8 <dcd_rp2040_irq+0x58>
200004f6:	e158      	b.n	200007aa <dcd_rp2040_irq+0x30a>
200004f8:	237c      	movs	r3, #124	@ 0x7c
200004fa:	33ff      	adds	r3, #255	@ 0xff
200004fc:	5ce3      	ldrb	r3, [r4, r3]
200004fe:	2b02      	cmp	r3, #2
20000500:	d100      	bne.n	20000504 <dcd_rp2040_irq+0x64>
20000502:	e145      	b.n	20000790 <dcd_rp2040_irq+0x2f0>
20000504:	23bc      	movs	r3, #188	@ 0xbc
20000506:	33ff      	adds	r3, #255	@ 0xff
20000508:	5ce3      	ldrb	r3, [r4, r3]
2000050a:	2b02      	cmp	r3, #2
2000050c:	d100      	bne.n	20000510 <dcd_rp2040_irq+0x70>
2000050e:	e132      	b.n	20000776 <dcd_rp2040_irq+0x2d6>
20000510:	23fc      	movs	r3, #252	@ 0xfc
20000512:	33ff      	adds	r3, #255	@ 0xff
20000514:	5ce3      	ldrb	r3, [r4, r3]
20000516:	2b02      	cmp	r3, #2
20000518:	d100      	bne.n	2000051c <dcd_rp2040_irq+0x7c>
2000051a:	e11f      	b.n	2000075c <dcd_rp2040_irq+0x2bc>
2000051c:	4bad      	ldr	r3, [pc, #692]	@ (200007d4 <dcd_rp2040_irq+0x334>)
2000051e:	5ce3      	ldrb	r3, [r4, r3]
20000520:	2b02      	cmp	r3, #2
20000522:	d100      	bne.n	20000526 <dcd_rp2040_irq+0x86>
20000524:	e10e      	b.n	20000744 <dcd_rp2040_irq+0x2a4>
20000526:	4bac      	ldr	r3, [pc, #688]	@ (200007d8 <dcd_rp2040_irq+0x338>)
20000528:	5ce3      	ldrb	r3, [r4, r3]
2000052a:	2b02      	cmp	r3, #2
2000052c:	d100      	bne.n	20000530 <dcd_rp2040_irq+0x90>
2000052e:	e0fd      	b.n	2000072c <dcd_rp2040_irq+0x28c>
20000530:	4baa      	ldr	r3, [pc, #680]	@ (200007dc <dcd_rp2040_irq+0x33c>)
20000532:	5ce3      	ldrb	r3, [r4, r3]
20000534:	2b02      	cmp	r3, #2
20000536:	d100      	bne.n	2000053a <dcd_rp2040_irq+0x9a>
20000538:	e0ec      	b.n	20000714 <dcd_rp2040_irq+0x274>
2000053a:	4ba9      	ldr	r3, [pc, #676]	@ (200007e0 <dcd_rp2040_irq+0x340>)
2000053c:	5ce3      	ldrb	r3, [r4, r3]
2000053e:	2b02      	cmp	r3, #2
20000540:	d100      	bne.n	20000544 <dcd_rp2040_irq+0xa4>
20000542:	e0db      	b.n	200006fc <dcd_rp2040_irq+0x25c>
20000544:	4ba7      	ldr	r3, [pc, #668]	@ (200007e4 <dcd_rp2040_irq+0x344>)
20000546:	5ce3      	ldrb	r3, [r4, r3]
20000548:	2b02      	cmp	r3, #2
2000054a:	d100      	bne.n	2000054e <dcd_rp2040_irq+0xae>
2000054c:	e0ca      	b.n	200006e4 <dcd_rp2040_irq+0x244>
2000054e:	4ba6      	ldr	r3, [pc, #664]	@ (200007e8 <dcd_rp2040_irq+0x348>)
20000550:	5ce3      	ldrb	r3, [r4, r3]
20000552:	2b02      	cmp	r3, #2
20000554:	d100      	bne.n	20000558 <dcd_rp2040_irq+0xb8>
20000556:	e0ab      	b.n	200006b0 <dcd_rp2040_irq+0x210>
20000558:	4ba4      	ldr	r3, [pc, #656]	@ (200007ec <dcd_rp2040_irq+0x34c>)
2000055a:	5ce3      	ldrb	r3, [r4, r3]
2000055c:	2b02      	cmp	r3, #2
2000055e:	d100      	bne.n	20000562 <dcd_rp2040_irq+0xc2>
20000560:	e17f      	b.n	20000862 <dcd_rp2040_irq+0x3c2>
20000562:	4ba3      	ldr	r3, [pc, #652]	@ (200007f0 <dcd_rp2040_irq+0x350>)
20000564:	5ce3      	ldrb	r3, [r4, r3]
20000566:	2b02      	cmp	r3, #2
20000568:	d100      	bne.n	2000056c <dcd_rp2040_irq+0xcc>
2000056a:	e196      	b.n	2000089a <dcd_rp2040_irq+0x3fa>
2000056c:	2e00      	cmp	r6, #0
2000056e:	d108      	bne.n	20000582 <dcd_rp2040_irq+0xe2>
20000570:	4ba0      	ldr	r3, [pc, #640]	@ (200007f4 <dcd_rp2040_irq+0x354>)
20000572:	781b      	ldrb	r3, [r3, #0]
20000574:	2b00      	cmp	r3, #0
20000576:	d104      	bne.n	20000582 <dcd_rp2040_irq+0xe2>
20000578:	2180      	movs	r1, #128	@ 0x80
2000057a:	4a9f      	ldr	r2, [pc, #636]	@ (200007f8 <dcd_rp2040_irq+0x358>)
2000057c:	3390      	adds	r3, #144	@ 0x90
2000057e:	0289      	lsls	r1, r1, #10
20000580:	50d1      	str	r1, [r2, r3]
20000582:	4b90      	ldr	r3, [pc, #576]	@ (200007c4 <dcd_rp2040_irq+0x324>)
20000584:	220a      	movs	r2, #10
20000586:	6c9c      	ldr	r4, [r3, #72]	@ 0x48
20000588:	466b      	mov	r3, sp
2000058a:	2100      	movs	r1, #0
2000058c:	1d98      	adds	r0, r3, #6
2000058e:	f000 fbf3 	bl	20000d78 <____wrap_memset_veneer>
20000592:	23c0      	movs	r3, #192	@ 0xc0
20000594:	0564      	lsls	r4, r4, #21
20000596:	ae01      	add	r6, sp, #4
20000598:	009b      	lsls	r3, r3, #2
2000059a:	0d64      	lsrs	r4, r4, #21
2000059c:	8033      	strh	r3, [r6, #0]
2000059e:	0030      	movs	r0, r6
200005a0:	9402      	str	r4, [sp, #8]
200005a2:	2101      	movs	r1, #1
200005a4:	2480      	movs	r4, #128	@ 0x80
200005a6:	f000 fb2f 	bl	20000c08 <dcd_event_handler>
200005aa:	4e94      	ldr	r6, [pc, #592]	@ (200007fc <dcd_rp2040_irq+0x35c>)
200005ac:	02a4      	lsls	r4, r4, #10
200005ae:	06eb      	lsls	r3, r5, #27
200005b0:	d469      	bmi.n	20000686 <dcd_rp2040_irq+0x1e6>
200005b2:	2380      	movs	r3, #128	@ 0x80
200005b4:	025b      	lsls	r3, r3, #9
200005b6:	421d      	tst	r5, r3
200005b8:	d014      	beq.n	200005e4 <dcd_rp2040_irq+0x144>
200005ba:	2201      	movs	r2, #1
200005bc:	2123      	movs	r1, #35	@ 0x23
200005be:	431c      	orrs	r4, r3
200005c0:	4b82      	ldr	r3, [pc, #520]	@ (200007cc <dcd_rp2040_irq+0x32c>)
200005c2:	545a      	strb	r2, [r3, r1]
200005c4:	70da      	strb	r2, [r3, #3]
200005c6:	23c0      	movs	r3, #192	@ 0xc0
200005c8:	4a8d      	ldr	r2, [pc, #564]	@ (20000800 <dcd_rp2040_irq+0x360>)
200005ca:	00db      	lsls	r3, r3, #3
200005cc:	9301      	str	r3, [sp, #4]
200005ce:	ab02      	add	r3, sp, #8
200005d0:	ca03      	ldmia	r2!, {r0, r1}
200005d2:	c303      	stmia	r3!, {r0, r1}
200005d4:	2101      	movs	r1, #1
200005d6:	a801      	add	r0, sp, #4
200005d8:	f000 fb16 	bl	20000c08 <dcd_event_handler>
200005dc:	2280      	movs	r2, #128	@ 0x80
200005de:	4b86      	ldr	r3, [pc, #536]	@ (200007f8 <dcd_rp2040_irq+0x358>)
200005e0:	0292      	lsls	r2, r2, #10
200005e2:	651a      	str	r2, [r3, #80]	@ 0x50
200005e4:	2380      	movs	r3, #128	@ 0x80
200005e6:	015b      	lsls	r3, r3, #5
200005e8:	421d      	tst	r5, r3
200005ea:	d133      	bne.n	20000654 <dcd_rp2040_irq+0x1b4>
200005ec:	2380      	movs	r3, #128	@ 0x80
200005ee:	01db      	lsls	r3, r3, #7
200005f0:	421d      	tst	r5, r3
200005f2:	d11c      	bne.n	2000062e <dcd_rp2040_irq+0x18e>
200005f4:	2380      	movs	r3, #128	@ 0x80
200005f6:	021b      	lsls	r3, r3, #8
200005f8:	421d      	tst	r5, r3
200005fa:	d104      	bne.n	20000606 <dcd_rp2040_irq+0x166>
200005fc:	42ac      	cmp	r4, r5
200005fe:	d000      	beq.n	20000602 <dcd_rp2040_irq+0x162>
20000600:	e1c8      	b.n	20000994 <dcd_rp2040_irq+0x4f4>
20000602:	b005      	add	sp, #20
20000604:	bdf0      	pop	{r4, r5, r6, r7, pc}
20000606:	431c      	orrs	r4, r3
20000608:	466b      	mov	r3, sp
2000060a:	220a      	movs	r2, #10
2000060c:	2100      	movs	r1, #0
2000060e:	1d98      	adds	r0, r3, #6
20000610:	f000 fbb2 	bl	20000d78 <____wrap_memset_veneer>
20000614:	23a0      	movs	r3, #160	@ 0xa0
20000616:	ae01      	add	r6, sp, #4
20000618:	00db      	lsls	r3, r3, #3
2000061a:	8033      	strh	r3, [r6, #0]
2000061c:	2101      	movs	r1, #1
2000061e:	0030      	movs	r0, r6
20000620:	f000 faf2 	bl	20000c08 <dcd_event_handler>
20000624:	2280      	movs	r2, #128	@ 0x80
20000626:	4b74      	ldr	r3, [pc, #464]	@ (200007f8 <dcd_rp2040_irq+0x358>)
20000628:	0112      	lsls	r2, r2, #4
2000062a:	651a      	str	r2, [r3, #80]	@ 0x50
2000062c:	e7e6      	b.n	200005fc <dcd_rp2040_irq+0x15c>
2000062e:	431c      	orrs	r4, r3
20000630:	466b      	mov	r3, sp
20000632:	220a      	movs	r2, #10
20000634:	2100      	movs	r1, #0
20000636:	1d98      	adds	r0, r3, #6
20000638:	f000 fb9e 	bl	20000d78 <____wrap_memset_veneer>
2000063c:	2380      	movs	r3, #128	@ 0x80
2000063e:	ae01      	add	r6, sp, #4
20000640:	00db      	lsls	r3, r3, #3
20000642:	8033      	strh	r3, [r6, #0]
20000644:	2101      	movs	r1, #1
20000646:	0030      	movs	r0, r6
20000648:	f000 fade 	bl	20000c08 <dcd_event_handler>
2000064c:	2210      	movs	r2, #16
2000064e:	4b6a      	ldr	r3, [pc, #424]	@ (200007f8 <dcd_rp2040_irq+0x358>)
20000650:	651a      	str	r2, [r3, #80]	@ 0x50
20000652:	e7cf      	b.n	200005f4 <dcd_rp2040_irq+0x154>
20000654:	2200      	movs	r2, #0
20000656:	431c      	orrs	r4, r3
20000658:	4b5a      	ldr	r3, [pc, #360]	@ (200007c4 <dcd_rp2040_irq+0x324>)
2000065a:	ae01      	add	r6, sp, #4
2000065c:	601a      	str	r2, [r3, #0]
2000065e:	f7ff fe93 	bl	20000388 <reset_non_control_endpoints>
20000662:	466b      	mov	r3, sp
20000664:	220a      	movs	r2, #10
20000666:	2100      	movs	r1, #0
20000668:	1d98      	adds	r0, r3, #6
2000066a:	f000 fb85 	bl	20000d78 <____wrap_memset_veneer>
2000066e:	2380      	movs	r3, #128	@ 0x80
20000670:	005b      	lsls	r3, r3, #1
20000672:	8033      	strh	r3, [r6, #0]
20000674:	2101      	movs	r1, #1
20000676:	0030      	movs	r0, r6
20000678:	f000 fac6 	bl	20000c08 <dcd_event_handler>
2000067c:	2280      	movs	r2, #128	@ 0x80
2000067e:	4b5e      	ldr	r3, [pc, #376]	@ (200007f8 <dcd_rp2040_irq+0x358>)
20000680:	0312      	lsls	r2, r2, #12
20000682:	651a      	str	r2, [r3, #80]	@ 0x50
20000684:	e7b2      	b.n	200005ec <dcd_rp2040_irq+0x14c>
20000686:	f7ff feb3 	bl	200003f0 <hw_handle_buff_status>
2000068a:	0034      	movs	r4, r6
2000068c:	e791      	b.n	200005b2 <dcd_rp2040_irq+0x112>
2000068e:	3338      	adds	r3, #56	@ 0x38
20000690:	5ce6      	ldrb	r6, [r4, r3]
20000692:	2e00      	cmp	r6, #0
20000694:	d100      	bne.n	20000698 <dcd_rp2040_irq+0x1f8>
20000696:	e71a      	b.n	200004ce <dcd_rp2040_irq+0x2e>
20000698:	3302      	adds	r3, #2
2000069a:	5ce2      	ldrb	r2, [r4, r3]
2000069c:	2a00      	cmp	r2, #0
2000069e:	d100      	bne.n	200006a2 <dcd_rp2040_irq+0x202>
200006a0:	e715      	b.n	200004ce <dcd_rp2040_irq+0x2e>
200006a2:	0020      	movs	r0, r4
200006a4:	2200      	movs	r2, #0
200006a6:	3020      	adds	r0, #32
200006a8:	54e2      	strb	r2, [r4, r3]
200006aa:	f000 fa4f 	bl	20000b4c <hw_endpoint_start_next_buffer>
200006ae:	e70e      	b.n	200004ce <dcd_rp2040_irq+0x2e>
200006b0:	4b54      	ldr	r3, [pc, #336]	@ (20000804 <dcd_rp2040_irq+0x364>)
200006b2:	5ce7      	ldrb	r7, [r4, r3]
200006b4:	2f00      	cmp	r7, #0
200006b6:	d100      	bne.n	200006ba <dcd_rp2040_irq+0x21a>
200006b8:	e74e      	b.n	20000558 <dcd_rp2040_irq+0xb8>
200006ba:	3302      	adds	r3, #2
200006bc:	5ce2      	ldrb	r2, [r4, r3]
200006be:	2a00      	cmp	r2, #0
200006c0:	d000      	beq.n	200006c4 <dcd_rp2040_irq+0x224>
200006c2:	e160      	b.n	20000986 <dcd_rp2040_irq+0x4e6>
200006c4:	4b49      	ldr	r3, [pc, #292]	@ (200007ec <dcd_rp2040_irq+0x34c>)
200006c6:	5ce3      	ldrb	r3, [r4, r3]
200006c8:	2b02      	cmp	r3, #2
200006ca:	d100      	bne.n	200006ce <dcd_rp2040_irq+0x22e>
200006cc:	e0db      	b.n	20000886 <dcd_rp2040_irq+0x3e6>
200006ce:	4b48      	ldr	r3, [pc, #288]	@ (200007f0 <dcd_rp2040_irq+0x350>)
200006d0:	5ce3      	ldrb	r3, [r4, r3]
200006d2:	2b02      	cmp	r3, #2
200006d4:	d000      	beq.n	200006d8 <dcd_rp2040_irq+0x238>
200006d6:	e754      	b.n	20000582 <dcd_rp2040_irq+0xe2>
200006d8:	4b4b      	ldr	r3, [pc, #300]	@ (20000808 <dcd_rp2040_irq+0x368>)
200006da:	5ce3      	ldrb	r3, [r4, r3]
200006dc:	2b00      	cmp	r3, #0
200006de:	d000      	beq.n	200006e2 <dcd_rp2040_irq+0x242>
200006e0:	e0e0      	b.n	200008a4 <dcd_rp2040_irq+0x404>
200006e2:	e74e      	b.n	20000582 <dcd_rp2040_irq+0xe2>
200006e4:	4b49      	ldr	r3, [pc, #292]	@ (2000080c <dcd_rp2040_irq+0x36c>)
200006e6:	5ce7      	ldrb	r7, [r4, r3]
200006e8:	2f00      	cmp	r7, #0
200006ea:	d100      	bne.n	200006ee <dcd_rp2040_irq+0x24e>
200006ec:	e72f      	b.n	2000054e <dcd_rp2040_irq+0xae>
200006ee:	3302      	adds	r3, #2
200006f0:	5ce2      	ldrb	r2, [r4, r3]
200006f2:	2a00      	cmp	r2, #0
200006f4:	d000      	beq.n	200006f8 <dcd_rp2040_irq+0x258>
200006f6:	e13e      	b.n	20000976 <dcd_rp2040_irq+0x4d6>
200006f8:	003e      	movs	r6, r7
200006fa:	e728      	b.n	2000054e <dcd_rp2040_irq+0xae>
200006fc:	4b44      	ldr	r3, [pc, #272]	@ (20000810 <dcd_rp2040_irq+0x370>)
200006fe:	5ce7      	ldrb	r7, [r4, r3]
20000700:	2f00      	cmp	r7, #0
20000702:	d100      	bne.n	20000706 <dcd_rp2040_irq+0x266>
20000704:	e71e      	b.n	20000544 <dcd_rp2040_irq+0xa4>
20000706:	3302      	adds	r3, #2
20000708:	5ce2      	ldrb	r2, [r4, r3]
2000070a:	2a00      	cmp	r2, #0
2000070c:	d000      	beq.n	20000710 <dcd_rp2040_irq+0x270>
2000070e:	e12a      	b.n	20000966 <dcd_rp2040_irq+0x4c6>
20000710:	003e      	movs	r6, r7
20000712:	e717      	b.n	20000544 <dcd_rp2040_irq+0xa4>
20000714:	4b3f      	ldr	r3, [pc, #252]	@ (20000814 <dcd_rp2040_irq+0x374>)
20000716:	5ce7      	ldrb	r7, [r4, r3]
20000718:	2f00      	cmp	r7, #0
2000071a:	d100      	bne.n	2000071e <dcd_rp2040_irq+0x27e>
2000071c:	e70d      	b.n	2000053a <dcd_rp2040_irq+0x9a>
2000071e:	3302      	adds	r3, #2
20000720:	5ce2      	ldrb	r2, [r4, r3]
20000722:	2a00      	cmp	r2, #0
20000724:	d000      	beq.n	20000728 <dcd_rp2040_irq+0x288>
20000726:	e116      	b.n	20000956 <dcd_rp2040_irq+0x4b6>
20000728:	003e      	movs	r6, r7
2000072a:	e706      	b.n	2000053a <dcd_rp2040_irq+0x9a>
2000072c:	4b3a      	ldr	r3, [pc, #232]	@ (20000818 <dcd_rp2040_irq+0x378>)
2000072e:	5ce7      	ldrb	r7, [r4, r3]
20000730:	2f00      	cmp	r7, #0
20000732:	d100      	bne.n	20000736 <dcd_rp2040_irq+0x296>
20000734:	e6fc      	b.n	20000530 <dcd_rp2040_irq+0x90>
20000736:	3302      	adds	r3, #2
20000738:	5ce2      	ldrb	r2, [r4, r3]
2000073a:	2a00      	cmp	r2, #0
2000073c:	d000      	beq.n	20000740 <dcd_rp2040_irq+0x2a0>
2000073e:	e102      	b.n	20000946 <dcd_rp2040_irq+0x4a6>
20000740:	003e      	movs	r6, r7
20000742:	e6f5      	b.n	20000530 <dcd_rp2040_irq+0x90>
20000744:	4b35      	ldr	r3, [pc, #212]	@ (2000081c <dcd_rp2040_irq+0x37c>)
20000746:	5ce7      	ldrb	r7, [r4, r3]
20000748:	2f00      	cmp	r7, #0
2000074a:	d100      	bne.n	2000074e <dcd_rp2040_irq+0x2ae>
2000074c:	e6eb      	b.n	20000526 <dcd_rp2040_irq+0x86>
2000074e:	3302      	adds	r3, #2
20000750:	5ce2      	ldrb	r2, [r4, r3]
20000752:	2a00      	cmp	r2, #0
20000754:	d000      	beq.n	20000758 <dcd_rp2040_irq+0x2b8>
20000756:	e0ee      	b.n	20000936 <dcd_rp2040_irq+0x496>
20000758:	003e      	movs	r6, r7
2000075a:	e6e4      	b.n	20000526 <dcd_rp2040_irq+0x86>
2000075c:	33f9      	adds	r3, #249	@ 0xf9
2000075e:	33ff      	adds	r3, #255	@ 0xff
20000760:	5ce7      	ldrb	r7, [r4, r3]
20000762:	2f00      	cmp	r7, #0
20000764:	d100      	bne.n	20000768 <dcd_rp2040_irq+0x2c8>
20000766:	e6d9      	b.n	2000051c <dcd_rp2040_irq+0x7c>
20000768:	3302      	adds	r3, #2
2000076a:	5ce2      	ldrb	r2, [r4, r3]
2000076c:	2a00      	cmp	r2, #0
2000076e:	d000      	beq.n	20000772 <dcd_rp2040_irq+0x2d2>
20000770:	e0d8      	b.n	20000924 <dcd_rp2040_irq+0x484>
20000772:	003e      	movs	r6, r7
20000774:	e6d2      	b.n	2000051c <dcd_rp2040_irq+0x7c>
20000776:	33b9      	adds	r3, #185	@ 0xb9
20000778:	33ff      	adds	r3, #255	@ 0xff
2000077a:	5ce7      	ldrb	r7, [r4, r3]
2000077c:	2f00      	cmp	r7, #0
2000077e:	d100      	bne.n	20000782 <dcd_rp2040_irq+0x2e2>
20000780:	e6c6      	b.n	20000510 <dcd_rp2040_irq+0x70>
20000782:	3302      	adds	r3, #2
20000784:	5ce2      	ldrb	r2, [r4, r3]
20000786:	2a00      	cmp	r2, #0
20000788:	d000      	beq.n	2000078c <dcd_rp2040_irq+0x2ec>
2000078a:	e0c2      	b.n	20000912 <dcd_rp2040_irq+0x472>
2000078c:	003e      	movs	r6, r7
2000078e:	e6bf      	b.n	20000510 <dcd_rp2040_irq+0x70>
20000790:	3379      	adds	r3, #121	@ 0x79
20000792:	33ff      	adds	r3, #255	@ 0xff
20000794:	5ce7      	ldrb	r7, [r4, r3]
20000796:	2f00      	cmp	r7, #0
20000798:	d100      	bne.n	2000079c <dcd_rp2040_irq+0x2fc>
2000079a:	e6b3      	b.n	20000504 <dcd_rp2040_irq+0x64>
2000079c:	3302      	adds	r3, #2
2000079e:	5ce2      	ldrb	r2, [r4, r3]
200007a0:	2a00      	cmp	r2, #0
200007a2:	d000      	beq.n	200007a6 <dcd_rp2040_irq+0x306>
200007a4:	e0ac      	b.n	20000900 <dcd_rp2040_irq+0x460>
200007a6:	003e      	movs	r6, r7
200007a8:	e6ac      	b.n	20000504 <dcd_rp2040_irq+0x64>
200007aa:	3339      	adds	r3, #57	@ 0x39
200007ac:	33ff      	adds	r3, #255	@ 0xff
200007ae:	5ce7      	ldrb	r7, [r4, r3]
200007b0:	2f00      	cmp	r7, #0
200007b2:	d100      	bne.n	200007b6 <dcd_rp2040_irq+0x316>
200007b4:	e6a0      	b.n	200004f8 <dcd_rp2040_irq+0x58>
200007b6:	3302      	adds	r3, #2
200007b8:	5ce2      	ldrb	r2, [r4, r3]
200007ba:	2a00      	cmp	r2, #0
200007bc:	d000      	beq.n	200007c0 <dcd_rp2040_irq+0x320>
200007be:	e096      	b.n	200008ee <dcd_rp2040_irq+0x44e>
200007c0:	003e      	movs	r6, r7
200007c2:	e699      	b.n	200004f8 <dcd_rp2040_irq+0x58>
200007c4:	50110000 	.word	0x50110000
200007c8:	40054000 	.word	0x40054000
200007cc:	200017e4 	.word	0x200017e4
200007d0:	200017dc 	.word	0x200017dc
200007d4:	0000023b 	.word	0x0000023b
200007d8:	0000027b 	.word	0x0000027b
200007dc:	000002bb 	.word	0x000002bb
200007e0:	000002fb 	.word	0x000002fb
200007e4:	0000033b 	.word	0x0000033b
200007e8:	0000037b 	.word	0x0000037b
200007ec:	000003bb 	.word	0x000003bb
200007f0:	000003fb 	.word	0x000003fb
200007f4:	20001c5a 	.word	0x20001c5a
200007f8:	50113000 	.word	0x50113000
200007fc:	00020010 	.word	0x00020010
20000800:	50100000 	.word	0x50100000
20000804:	0000037a 	.word	0x0000037a
20000808:	000003fa 	.word	0x000003fa
2000080c:	0000033a 	.word	0x0000033a
20000810:	000002fa 	.word	0x000002fa
20000814:	000002ba 	.word	0x000002ba
20000818:	0000027a 	.word	0x0000027a
2000081c:	0000023a 	.word	0x0000023a
20000820:	33f8      	adds	r3, #248	@ 0xf8
20000822:	5ce7      	ldrb	r7, [r4, r3]
20000824:	2f00      	cmp	r7, #0
20000826:	d100      	bne.n	2000082a <dcd_rp2040_irq+0x38a>
20000828:	e660      	b.n	200004ec <dcd_rp2040_irq+0x4c>
2000082a:	3302      	adds	r3, #2
2000082c:	5ce2      	ldrb	r2, [r4, r3]
2000082e:	2a00      	cmp	r2, #0
20000830:	d155      	bne.n	200008de <dcd_rp2040_irq+0x43e>
20000832:	003e      	movs	r6, r7
20000834:	e65a      	b.n	200004ec <dcd_rp2040_irq+0x4c>
20000836:	33b8      	adds	r3, #184	@ 0xb8
20000838:	5ce7      	ldrb	r7, [r4, r3]
2000083a:	2f00      	cmp	r7, #0
2000083c:	d100      	bne.n	20000840 <dcd_rp2040_irq+0x3a0>
2000083e:	e650      	b.n	200004e2 <dcd_rp2040_irq+0x42>
20000840:	3302      	adds	r3, #2
20000842:	5ce2      	ldrb	r2, [r4, r3]
20000844:	2a00      	cmp	r2, #0
20000846:	d142      	bne.n	200008ce <dcd_rp2040_irq+0x42e>
20000848:	003e      	movs	r6, r7
2000084a:	e64a      	b.n	200004e2 <dcd_rp2040_irq+0x42>
2000084c:	3378      	adds	r3, #120	@ 0x78
2000084e:	5ce7      	ldrb	r7, [r4, r3]
20000850:	2f00      	cmp	r7, #0
20000852:	d100      	bne.n	20000856 <dcd_rp2040_irq+0x3b6>
20000854:	e640      	b.n	200004d8 <dcd_rp2040_irq+0x38>
20000856:	3302      	adds	r3, #2
20000858:	5ce2      	ldrb	r2, [r4, r3]
2000085a:	2a00      	cmp	r2, #0
2000085c:	d12f      	bne.n	200008be <dcd_rp2040_irq+0x41e>
2000085e:	003e      	movs	r6, r7
20000860:	e63a      	b.n	200004d8 <dcd_rp2040_irq+0x38>
20000862:	4b4f      	ldr	r3, [pc, #316]	@ (200009a0 <dcd_rp2040_irq+0x500>)
20000864:	5ce3      	ldrb	r3, [r4, r3]
20000866:	2b00      	cmp	r3, #0
20000868:	d100      	bne.n	2000086c <dcd_rp2040_irq+0x3cc>
2000086a:	e67a      	b.n	20000562 <dcd_rp2040_irq+0xc2>
2000086c:	23ef      	movs	r3, #239	@ 0xef
2000086e:	009b      	lsls	r3, r3, #2
20000870:	5ce2      	ldrb	r2, [r4, r3]
20000872:	2a00      	cmp	r2, #0
20000874:	d100      	bne.n	20000878 <dcd_rp2040_irq+0x3d8>
20000876:	e72a      	b.n	200006ce <dcd_rp2040_irq+0x22e>
20000878:	2200      	movs	r2, #0
2000087a:	54e2      	strb	r2, [r4, r3]
2000087c:	3b1c      	subs	r3, #28
2000087e:	18e0      	adds	r0, r4, r3
20000880:	f000 f964 	bl	20000b4c <hw_endpoint_start_next_buffer>
20000884:	e723      	b.n	200006ce <dcd_rp2040_irq+0x22e>
20000886:	4b46      	ldr	r3, [pc, #280]	@ (200009a0 <dcd_rp2040_irq+0x500>)
20000888:	5ce3      	ldrb	r3, [r4, r3]
2000088a:	2b00      	cmp	r3, #0
2000088c:	d1ee      	bne.n	2000086c <dcd_rp2040_irq+0x3cc>
2000088e:	4b45      	ldr	r3, [pc, #276]	@ (200009a4 <dcd_rp2040_irq+0x504>)
20000890:	5ce3      	ldrb	r3, [r4, r3]
20000892:	2b02      	cmp	r3, #2
20000894:	d000      	beq.n	20000898 <dcd_rp2040_irq+0x3f8>
20000896:	e674      	b.n	20000582 <dcd_rp2040_irq+0xe2>
20000898:	003e      	movs	r6, r7
2000089a:	4b43      	ldr	r3, [pc, #268]	@ (200009a8 <dcd_rp2040_irq+0x508>)
2000089c:	5ce3      	ldrb	r3, [r4, r3]
2000089e:	2b00      	cmp	r3, #0
200008a0:	d100      	bne.n	200008a4 <dcd_rp2040_irq+0x404>
200008a2:	e663      	b.n	2000056c <dcd_rp2040_irq+0xcc>
200008a4:	23ff      	movs	r3, #255	@ 0xff
200008a6:	009b      	lsls	r3, r3, #2
200008a8:	5ce2      	ldrb	r2, [r4, r3]
200008aa:	2a00      	cmp	r2, #0
200008ac:	d100      	bne.n	200008b0 <dcd_rp2040_irq+0x410>
200008ae:	e668      	b.n	20000582 <dcd_rp2040_irq+0xe2>
200008b0:	2200      	movs	r2, #0
200008b2:	54e2      	strb	r2, [r4, r3]
200008b4:	3b1c      	subs	r3, #28
200008b6:	18e0      	adds	r0, r4, r3
200008b8:	f000 f948 	bl	20000b4c <hw_endpoint_start_next_buffer>
200008bc:	e661      	b.n	20000582 <dcd_rp2040_irq+0xe2>
200008be:	0020      	movs	r0, r4
200008c0:	2200      	movs	r2, #0
200008c2:	3060      	adds	r0, #96	@ 0x60
200008c4:	54e2      	strb	r2, [r4, r3]
200008c6:	003e      	movs	r6, r7
200008c8:	f000 f940 	bl	20000b4c <hw_endpoint_start_next_buffer>
200008cc:	e604      	b.n	200004d8 <dcd_rp2040_irq+0x38>
200008ce:	0020      	movs	r0, r4
200008d0:	2200      	movs	r2, #0
200008d2:	30a0      	adds	r0, #160	@ 0xa0
200008d4:	54e2      	strb	r2, [r4, r3]
200008d6:	003e      	movs	r6, r7
200008d8:	f000 f938 	bl	20000b4c <hw_endpoint_start_next_buffer>
200008dc:	e601      	b.n	200004e2 <dcd_rp2040_irq+0x42>
200008de:	0020      	movs	r0, r4
200008e0:	2200      	movs	r2, #0
200008e2:	30e0      	adds	r0, #224	@ 0xe0
200008e4:	54e2      	strb	r2, [r4, r3]
200008e6:	003e      	movs	r6, r7
200008e8:	f000 f930 	bl	20000b4c <hw_endpoint_start_next_buffer>
200008ec:	e5fe      	b.n	200004ec <dcd_rp2040_irq+0x4c>
200008ee:	0020      	movs	r0, r4
200008f0:	2200      	movs	r2, #0
200008f2:	3021      	adds	r0, #33	@ 0x21
200008f4:	30ff      	adds	r0, #255	@ 0xff
200008f6:	54e2      	strb	r2, [r4, r3]
200008f8:	003e      	movs	r6, r7
200008fa:	f000 f927 	bl	20000b4c <hw_endpoint_start_next_buffer>
200008fe:	e5fb      	b.n	200004f8 <dcd_rp2040_irq+0x58>
20000900:	0020      	movs	r0, r4
20000902:	2200      	movs	r2, #0
20000904:	3061      	adds	r0, #97	@ 0x61
20000906:	30ff      	adds	r0, #255	@ 0xff
20000908:	54e2      	strb	r2, [r4, r3]
2000090a:	003e      	movs	r6, r7
2000090c:	f000 f91e 	bl	20000b4c <hw_endpoint_start_next_buffer>
20000910:	e5f8      	b.n	20000504 <dcd_rp2040_irq+0x64>
20000912:	0020      	movs	r0, r4
20000914:	2200      	movs	r2, #0
20000916:	30a1      	adds	r0, #161	@ 0xa1
20000918:	30ff      	adds	r0, #255	@ 0xff
2000091a:	54e2      	strb	r2, [r4, r3]
2000091c:	003e      	movs	r6, r7
2000091e:	f000 f915 	bl	20000b4c <hw_endpoint_start_next_buffer>
20000922:	e5f5      	b.n	20000510 <dcd_rp2040_irq+0x70>
20000924:	0020      	movs	r0, r4
20000926:	2200      	movs	r2, #0
20000928:	30e1      	adds	r0, #225	@ 0xe1
2000092a:	30ff      	adds	r0, #255	@ 0xff
2000092c:	54e2      	strb	r2, [r4, r3]
2000092e:	003e      	movs	r6, r7
20000930:	f000 f90c 	bl	20000b4c <hw_endpoint_start_next_buffer>
20000934:	e5f2      	b.n	2000051c <dcd_rp2040_irq+0x7c>
20000936:	2200      	movs	r2, #0
20000938:	54e2      	strb	r2, [r4, r3]
2000093a:	3b1c      	subs	r3, #28
2000093c:	18e0      	adds	r0, r4, r3
2000093e:	f000 f905 	bl	20000b4c <hw_endpoint_start_next_buffer>
20000942:	003e      	movs	r6, r7
20000944:	e5ef      	b.n	20000526 <dcd_rp2040_irq+0x86>
20000946:	2200      	movs	r2, #0
20000948:	54e2      	strb	r2, [r4, r3]
2000094a:	3b1c      	subs	r3, #28
2000094c:	18e0      	adds	r0, r4, r3
2000094e:	f000 f8fd 	bl	20000b4c <hw_endpoint_start_next_buffer>
20000952:	003e      	movs	r6, r7
20000954:	e5ec      	b.n	20000530 <dcd_rp2040_irq+0x90>
20000956:	2200      	movs	r2, #0
20000958:	54e2      	strb	r2, [r4, r3]
2000095a:	3b1c      	subs	r3, #28
2000095c:	18e0      	adds	r0, r4, r3
2000095e:	f000 f8f5 	bl	20000b4c <hw_endpoint_start_next_buffer>
20000962:	003e      	movs	r6, r7
20000964:	e5e9      	b.n	2000053a <dcd_rp2040_irq+0x9a>
20000966:	2200      	movs	r2, #0
20000968:	54e2      	strb	r2, [r4, r3]
2000096a:	3b1c      	subs	r3, #28
2000096c:	18e0      	adds	r0, r4, r3
2000096e:	f000 f8ed 	bl	20000b4c <hw_endpoint_start_next_buffer>
20000972:	003e      	movs	r6, r7
20000974:	e5e6      	b.n	20000544 <dcd_rp2040_irq+0xa4>
20000976:	2200      	movs	r2, #0
20000978:	54e2      	strb	r2, [r4, r3]
2000097a:	3b1c      	subs	r3, #28
2000097c:	18e0      	adds	r0, r4, r3
2000097e:	f000 f8e5 	bl	20000b4c <hw_endpoint_start_next_buffer>
20000982:	003e      	movs	r6, r7
20000984:	e5e3      	b.n	2000054e <dcd_rp2040_irq+0xae>
20000986:	2200      	movs	r2, #0
20000988:	54e2      	strb	r2, [r4, r3]
2000098a:	3b1c      	subs	r3, #28
2000098c:	18e0      	adds	r0, r4, r3
2000098e:	f000 f8dd 	bl	20000b4c <hw_endpoint_start_next_buffer>
20000992:	e697      	b.n	200006c4 <dcd_rp2040_irq+0x224>
20000994:	0021      	movs	r1, r4
20000996:	4805      	ldr	r0, [pc, #20]	@ (200009ac <dcd_rp2040_irq+0x50c>)
20000998:	4069      	eors	r1, r5
2000099a:	f000 fa15 	bl	20000dc8 <__panic_veneer>
2000099e:	46c0      	nop			@ (mov r8, r8)
200009a0:	000003ba 	.word	0x000003ba
200009a4:	000003fb 	.word	0x000003fb
200009a8:	000003fa 	.word	0x000003fa
200009ac:	10006ac8 	.word	0x10006ac8

200009b0 <e15_is_bulkin_ep>:
200009b0:	4a08      	ldr	r2, [pc, #32]	@ (200009d4 <e15_is_bulkin_ep+0x24>)
200009b2:	0003      	movs	r3, r0
200009b4:	6c12      	ldr	r2, [r2, #64]	@ 0x40
200009b6:	2000      	movs	r0, #0
200009b8:	0792      	lsls	r2, r2, #30
200009ba:	d403      	bmi.n	200009c4 <e15_is_bulkin_ep+0x14>
200009bc:	789a      	ldrb	r2, [r3, #2]
200009be:	09d2      	lsrs	r2, r2, #7
200009c0:	2a01      	cmp	r2, #1
200009c2:	d000      	beq.n	200009c6 <e15_is_bulkin_ep+0x16>
200009c4:	4770      	bx	lr
200009c6:	7ed8      	ldrb	r0, [r3, #27]
200009c8:	3802      	subs	r0, #2
200009ca:	4243      	negs	r3, r0
200009cc:	4158      	adcs	r0, r3
200009ce:	b2c0      	uxtb	r0, r0
200009d0:	e7f8      	b.n	200009c4 <e15_is_bulkin_ep+0x14>
200009d2:	46c0      	nop			@ (mov r8, r8)
200009d4:	50110000 	.word	0x50110000

200009d8 <e15_is_critical_frame_period>:
200009d8:	b510      	push	{r4, lr}
200009da:	f7ff ffe9 	bl	200009b0 <e15_is_bulkin_ep>
200009de:	2800      	cmp	r0, #0
200009e0:	d00c      	beq.n	200009fc <e15_is_critical_frame_period+0x24>
200009e2:	4907      	ldr	r1, [pc, #28]	@ (20000a00 <e15_is_critical_frame_period+0x28>)
200009e4:	4b07      	ldr	r3, [pc, #28]	@ (20000a04 <e15_is_critical_frame_period+0x2c>)
200009e6:	468c      	mov	ip, r1
200009e8:	4a07      	ldr	r2, [pc, #28]	@ (20000a08 <e15_is_critical_frame_period+0x30>)
200009ea:	6a9b      	ldr	r3, [r3, #40]	@ 0x28
200009ec:	6812      	ldr	r2, [r2, #0]
200009ee:	4463      	add	r3, ip
200009f0:	1a9b      	subs	r3, r3, r2
200009f2:	2000      	movs	r0, #0
200009f4:	22c6      	movs	r2, #198	@ 0xc6
200009f6:	429a      	cmp	r2, r3
200009f8:	4140      	adcs	r0, r0
200009fa:	b2c0      	uxtb	r0, r0
200009fc:	bd10      	pop	{r4, pc}
200009fe:	46c0      	nop			@ (mov r8, r8)
20000a00:	fffffce0 	.word	0xfffffce0
20000a04:	40054000 	.word	0x40054000
20000a08:	200017dc 	.word	0x200017dc

20000a0c <prepare_ep_buffer>:
20000a0c:	b5f8      	push	{r3, r4, r5, r6, r7, lr}
20000a0e:	8b02      	ldrh	r2, [r0, #24]
20000a10:	8a83      	ldrh	r3, [r0, #20]
20000a12:	0004      	movs	r4, r0
20000a14:	000f      	movs	r7, r1
20000a16:	1c16      	adds	r6, r2, #0
20000a18:	429a      	cmp	r2, r3
20000a1a:	d900      	bls.n	20000a1e <prepare_ep_buffer+0x12>
20000a1c:	1c1e      	adds	r6, r3, #0
20000a1e:	78e2      	ldrb	r2, [r4, #3]
20000a20:	2180      	movs	r1, #128	@ 0x80
20000a22:	0015      	movs	r5, r2
20000a24:	1e68      	subs	r0, r5, #1
20000a26:	4185      	sbcs	r5, r0
20000a28:	b2b6      	uxth	r6, r6
20000a2a:	00c9      	lsls	r1, r1, #3
20000a2c:	4331      	orrs	r1, r6
20000a2e:	036d      	lsls	r5, r5, #13
20000a30:	430d      	orrs	r5, r1
20000a32:	2101      	movs	r1, #1
20000a34:	404a      	eors	r2, r1
20000a36:	1b9b      	subs	r3, r3, r6
20000a38:	70e2      	strb	r2, [r4, #3]
20000a3a:	7862      	ldrb	r2, [r4, #1]
20000a3c:	b29b      	uxth	r3, r3
20000a3e:	82a3      	strh	r3, [r4, #20]
20000a40:	2a00      	cmp	r2, #0
20000a42:	d009      	beq.n	20000a58 <prepare_ep_buffer+0x4c>
20000a44:	2b00      	cmp	r3, #0
20000a46:	d102      	bne.n	20000a4e <prepare_ep_buffer+0x42>
20000a48:	2380      	movs	r3, #128	@ 0x80
20000a4a:	01db      	lsls	r3, r3, #7
20000a4c:	431d      	orrs	r5, r3
20000a4e:	2f00      	cmp	r7, #0
20000a50:	d000      	beq.n	20000a54 <prepare_ep_buffer+0x48>
20000a52:	042d      	lsls	r5, r5, #16
20000a54:	0028      	movs	r0, r5
20000a56:	bdf8      	pop	{r3, r4, r5, r6, r7, pc}
20000a58:	68e0      	ldr	r0, [r4, #12]
20000a5a:	01bb      	lsls	r3, r7, #6
20000a5c:	18c0      	adds	r0, r0, r3
20000a5e:	0032      	movs	r2, r6
20000a60:	6921      	ldr	r1, [r4, #16]
20000a62:	f000 f991 	bl	20000d88 <____wrap_memcpy_veneer>
20000a66:	6923      	ldr	r3, [r4, #16]
20000a68:	199b      	adds	r3, r3, r6
20000a6a:	6123      	str	r3, [r4, #16]
20000a6c:	2380      	movs	r3, #128	@ 0x80
20000a6e:	021b      	lsls	r3, r3, #8
20000a70:	431d      	orrs	r5, r3
20000a72:	8aa3      	ldrh	r3, [r4, #20]
20000a74:	e7e6      	b.n	20000a44 <prepare_ep_buffer+0x38>
20000a76:	46c0      	nop			@ (mov r8, r8)

20000a78 <sync_ep_buffer>:
20000a78:	6883      	ldr	r3, [r0, #8]
20000a7a:	b570      	push	{r4, r5, r6, lr}
20000a7c:	0004      	movs	r4, r0
20000a7e:	681d      	ldr	r5, [r3, #0]
20000a80:	2900      	cmp	r1, #0
20000a82:	d000      	beq.n	20000a86 <sync_ep_buffer+0xe>
20000a84:	0c2d      	lsrs	r5, r5, #16
20000a86:	7863      	ldrb	r3, [r4, #1]
20000a88:	05ad      	lsls	r5, r5, #22
20000a8a:	0dad      	lsrs	r5, r5, #22
20000a8c:	2b00      	cmp	r3, #0
20000a8e:	d109      	bne.n	20000aa4 <sync_ep_buffer+0x2c>
20000a90:	8ae3      	ldrh	r3, [r4, #22]
20000a92:	18eb      	adds	r3, r5, r3
20000a94:	82e3      	strh	r3, [r4, #22]
20000a96:	8b23      	ldrh	r3, [r4, #24]
20000a98:	42ab      	cmp	r3, r5
20000a9a:	d901      	bls.n	20000aa0 <sync_ep_buffer+0x28>
20000a9c:	2300      	movs	r3, #0
20000a9e:	82a3      	strh	r3, [r4, #20]
20000aa0:	0028      	movs	r0, r5
20000aa2:	bd70      	pop	{r4, r5, r6, pc}
20000aa4:	68e3      	ldr	r3, [r4, #12]
20000aa6:	0189      	lsls	r1, r1, #6
20000aa8:	1859      	adds	r1, r3, r1
20000aaa:	002a      	movs	r2, r5
20000aac:	6920      	ldr	r0, [r4, #16]
20000aae:	f000 f96b 	bl	20000d88 <____wrap_memcpy_veneer>
20000ab2:	8ae3      	ldrh	r3, [r4, #22]
20000ab4:	18eb      	adds	r3, r5, r3
20000ab6:	82e3      	strh	r3, [r4, #22]
20000ab8:	6923      	ldr	r3, [r4, #16]
20000aba:	195b      	adds	r3, r3, r5
20000abc:	6123      	str	r3, [r4, #16]
20000abe:	e7ea      	b.n	20000a96 <sync_ep_buffer+0x1e>

20000ac0 <_hw_endpoint_xfer_sync>:
20000ac0:	b510      	push	{r4, lr}
20000ac2:	0004      	movs	r4, r0
20000ac4:	6883      	ldr	r3, [r0, #8]
20000ac6:	2100      	movs	r1, #0
20000ac8:	681b      	ldr	r3, [r3, #0]
20000aca:	f7ff ffd5 	bl	20000a78 <sync_ep_buffer>
20000ace:	6863      	ldr	r3, [r4, #4]
20000ad0:	681b      	ldr	r3, [r3, #0]
20000ad2:	005b      	lsls	r3, r3, #1
20000ad4:	d502      	bpl.n	20000adc <_hw_endpoint_xfer_sync+0x1c>
20000ad6:	8b23      	ldrh	r3, [r4, #24]
20000ad8:	4283      	cmp	r3, r0
20000ada:	d000      	beq.n	20000ade <_hw_endpoint_xfer_sync+0x1e>
20000adc:	bd10      	pop	{r4, pc}
20000ade:	2101      	movs	r1, #1
20000ae0:	0020      	movs	r0, r4
20000ae2:	f7ff ffc9 	bl	20000a78 <sync_ep_buffer>
20000ae6:	e7f9      	b.n	20000adc <_hw_endpoint_xfer_sync+0x1c>

20000ae8 <hw_endpoint_reset_transfer>:
20000ae8:	2300      	movs	r3, #0
20000aea:	7683      	strb	r3, [r0, #26]
20000aec:	6143      	str	r3, [r0, #20]
20000aee:	6103      	str	r3, [r0, #16]
20000af0:	4770      	bx	lr
20000af2:	46c0      	nop			@ (mov r8, r8)

20000af4 <_hw_endpoint_buffer_control_update32>:
20000af4:	b510      	push	{r4, lr}
20000af6:	6883      	ldr	r3, [r0, #8]
20000af8:	2900      	cmp	r1, #0
20000afa:	d001      	beq.n	20000b00 <_hw_endpoint_buffer_control_update32+0xc>
20000afc:	681c      	ldr	r4, [r3, #0]
20000afe:	4021      	ands	r1, r4
20000b00:	2a00      	cmp	r2, #0
20000b02:	d011      	beq.n	20000b28 <_hw_endpoint_buffer_control_update32+0x34>
20000b04:	2480      	movs	r4, #128	@ 0x80
20000b06:	00e4      	lsls	r4, r4, #3
20000b08:	4311      	orrs	r1, r2
20000b0a:	4222      	tst	r2, r4
20000b0c:	d00c      	beq.n	20000b28 <_hw_endpoint_buffer_control_update32+0x34>
20000b0e:	681a      	ldr	r2, [r3, #0]
20000b10:	4222      	tst	r2, r4
20000b12:	d10b      	bne.n	20000b2c <_hw_endpoint_buffer_control_update32+0x38>
20000b14:	4a0a      	ldr	r2, [pc, #40]	@ (20000b40 <_hw_endpoint_buffer_control_update32+0x4c>)
20000b16:	400a      	ands	r2, r1
20000b18:	601a      	str	r2, [r3, #0]
20000b1a:	e7ff      	b.n	20000b1c <_hw_endpoint_buffer_control_update32+0x28>
20000b1c:	e7ff      	b.n	20000b1e <_hw_endpoint_buffer_control_update32+0x2a>
20000b1e:	e7ff      	b.n	20000b20 <_hw_endpoint_buffer_control_update32+0x2c>
20000b20:	e7ff      	b.n	20000b22 <_hw_endpoint_buffer_control_update32+0x2e>
20000b22:	e7ff      	b.n	20000b24 <_hw_endpoint_buffer_control_update32+0x30>
20000b24:	e7ff      	b.n	20000b26 <_hw_endpoint_buffer_control_update32+0x32>
20000b26:	6883      	ldr	r3, [r0, #8]
20000b28:	6019      	str	r1, [r3, #0]
20000b2a:	bd10      	pop	{r4, pc}
20000b2c:	7881      	ldrb	r1, [r0, #2]
20000b2e:	207f      	movs	r0, #127	@ 0x7f
20000b30:	09ca      	lsrs	r2, r1, #7
20000b32:	4b04      	ldr	r3, [pc, #16]	@ (20000b44 <_hw_endpoint_buffer_control_update32+0x50>)
20000b34:	0092      	lsls	r2, r2, #2
20000b36:	4001      	ands	r1, r0
20000b38:	58d2      	ldr	r2, [r2, r3]
20000b3a:	4803      	ldr	r0, [pc, #12]	@ (20000b48 <_hw_endpoint_buffer_control_update32+0x54>)
20000b3c:	f000 f944 	bl	20000dc8 <__panic_veneer>
20000b40:	fffffbff 	.word	0xfffffbff
20000b44:	20000e98 	.word	0x20000e98
20000b48:	10006adc 	.word	0x10006adc

20000b4c <hw_endpoint_start_next_buffer>:
20000b4c:	6843      	ldr	r3, [r0, #4]
20000b4e:	b570      	push	{r4, r5, r6, lr}
20000b50:	2100      	movs	r1, #0
20000b52:	2580      	movs	r5, #128	@ 0x80
20000b54:	681e      	ldr	r6, [r3, #0]
20000b56:	0004      	movs	r4, r0
20000b58:	f7ff ff58 	bl	20000a0c <prepare_ep_buffer>
20000b5c:	4b13      	ldr	r3, [pc, #76]	@ (20000bac <hw_endpoint_start_next_buffer+0x60>)
20000b5e:	016d      	lsls	r5, r5, #5
20000b60:	6c1b      	ldr	r3, [r3, #64]	@ 0x40
20000b62:	4305      	orrs	r5, r0
20000b64:	079b      	lsls	r3, r3, #30
20000b66:	d50f      	bpl.n	20000b88 <hw_endpoint_start_next_buffer+0x3c>
20000b68:	78a3      	ldrb	r3, [r4, #2]
20000b6a:	065b      	lsls	r3, r3, #25
20000b6c:	d00f      	beq.n	20000b8e <hw_endpoint_start_next_buffer+0x42>
20000b6e:	4b10      	ldr	r3, [pc, #64]	@ (20000bb0 <hw_endpoint_start_next_buffer+0x64>)
20000b70:	401e      	ands	r6, r3
20000b72:	2380      	movs	r3, #128	@ 0x80
20000b74:	059b      	lsls	r3, r3, #22
20000b76:	4333      	orrs	r3, r6
20000b78:	6862      	ldr	r2, [r4, #4]
20000b7a:	2100      	movs	r1, #0
20000b7c:	6013      	str	r3, [r2, #0]
20000b7e:	0020      	movs	r0, r4
20000b80:	002a      	movs	r2, r5
20000b82:	f7ff ffb7 	bl	20000af4 <_hw_endpoint_buffer_control_update32>
20000b86:	bd70      	pop	{r4, r5, r6, pc}
20000b88:	78a3      	ldrb	r3, [r4, #2]
20000b8a:	09db      	lsrs	r3, r3, #7
20000b8c:	d0ef      	beq.n	20000b6e <hw_endpoint_start_next_buffer+0x22>
20000b8e:	8aa3      	ldrh	r3, [r4, #20]
20000b90:	2b00      	cmp	r3, #0
20000b92:	d0ec      	beq.n	20000b6e <hw_endpoint_start_next_buffer+0x22>
20000b94:	2101      	movs	r1, #1
20000b96:	0020      	movs	r0, r4
20000b98:	f7ff ff38 	bl	20000a0c <prepare_ep_buffer>
20000b9c:	23a0      	movs	r3, #160	@ 0xa0
20000b9e:	4a05      	ldr	r2, [pc, #20]	@ (20000bb4 <hw_endpoint_start_next_buffer+0x68>)
20000ba0:	05db      	lsls	r3, r3, #23
20000ba2:	4032      	ands	r2, r6
20000ba4:	4305      	orrs	r5, r0
20000ba6:	4313      	orrs	r3, r2
20000ba8:	e7e6      	b.n	20000b78 <hw_endpoint_start_next_buffer+0x2c>
20000baa:	46c0      	nop			@ (mov r8, r8)
20000bac:	50110000 	.word	0x50110000
20000bb0:	afffffff 	.word	0xafffffff
20000bb4:	dfffffff 	.word	0xdfffffff

20000bb8 <hw_endpoint_xfer_continue>:
20000bb8:	b570      	push	{r4, r5, r6, lr}
20000bba:	7e85      	ldrb	r5, [r0, #26]
20000bbc:	0004      	movs	r4, r0
20000bbe:	2d00      	cmp	r5, #0
20000bc0:	d014      	beq.n	20000bec <hw_endpoint_xfer_continue+0x34>
20000bc2:	f7ff ff7d 	bl	20000ac0 <_hw_endpoint_xfer_sync>
20000bc6:	8aa3      	ldrh	r3, [r4, #20]
20000bc8:	2b00      	cmp	r3, #0
20000bca:	d101      	bne.n	20000bd0 <hw_endpoint_xfer_continue+0x18>
20000bcc:	0028      	movs	r0, r5
20000bce:	bd70      	pop	{r4, r5, r6, pc}
20000bd0:	0020      	movs	r0, r4
20000bd2:	f7ff ff01 	bl	200009d8 <e15_is_critical_frame_period>
20000bd6:	2800      	cmp	r0, #0
20000bd8:	d003      	beq.n	20000be2 <hw_endpoint_xfer_continue+0x2a>
20000bda:	2301      	movs	r3, #1
20000bdc:	2500      	movs	r5, #0
20000bde:	7723      	strb	r3, [r4, #28]
20000be0:	e7f4      	b.n	20000bcc <hw_endpoint_xfer_continue+0x14>
20000be2:	0020      	movs	r0, r4
20000be4:	f7ff ffb2 	bl	20000b4c <hw_endpoint_start_next_buffer>
20000be8:	2500      	movs	r5, #0
20000bea:	e7ef      	b.n	20000bcc <hw_endpoint_xfer_continue+0x14>
20000bec:	7881      	ldrb	r1, [r0, #2]
20000bee:	207f      	movs	r0, #127	@ 0x7f
20000bf0:	09ca      	lsrs	r2, r1, #7
20000bf2:	4b03      	ldr	r3, [pc, #12]	@ (20000c00 <hw_endpoint_xfer_continue+0x48>)
20000bf4:	0092      	lsls	r2, r2, #2
20000bf6:	4001      	ands	r1, r0
20000bf8:	58d2      	ldr	r2, [r2, r3]
20000bfa:	4802      	ldr	r0, [pc, #8]	@ (20000c04 <hw_endpoint_xfer_continue+0x4c>)
20000bfc:	f000 f8e4 	bl	20000dc8 <__panic_veneer>
20000c00:	20000e98 	.word	0x20000e98
20000c04:	10006afc 	.word	0x10006afc

20000c08 <dcd_event_handler>:
20000c08:	b5f0      	push	{r4, r5, r6, r7, lr}
20000c0a:	46c6      	mov	lr, r8
20000c0c:	b500      	push	{lr}
20000c0e:	7843      	ldrb	r3, [r0, #1]
20000c10:	0005      	movs	r5, r0
20000c12:	b084      	sub	sp, #16
20000c14:	2b04      	cmp	r3, #4
20000c16:	d100      	bne.n	20000c1a <dcd_event_handler+0x12>
20000c18:	e078      	b.n	20000d0c <dcd_event_handler+0x104>
20000c1a:	d847      	bhi.n	20000cac <dcd_event_handler+0xa4>
20000c1c:	2b02      	cmp	r3, #2
20000c1e:	d100      	bne.n	20000c22 <dcd_event_handler+0x1a>
20000c20:	e086      	b.n	20000d30 <dcd_event_handler+0x128>
20000c22:	2b03      	cmp	r3, #3
20000c24:	d156      	bne.n	20000cd4 <dcd_event_handler+0xcc>
20000c26:	4f4e      	ldr	r7, [pc, #312]	@ (20000d60 <dcd_event_handler+0x158>)
20000c28:	4a4e      	ldr	r2, [pc, #312]	@ (20000d64 <dcd_event_handler+0x15c>)
20000c2a:	2400      	movs	r4, #0
20000c2c:	4690      	mov	r8, r2
20000c2e:	783b      	ldrb	r3, [r7, #0]
20000c30:	4e4d      	ldr	r6, [pc, #308]	@ (20000d68 <dcd_event_handler+0x160>)
20000c32:	e003      	b.n	20000c3c <dcd_event_handler+0x34>
20000c34:	3401      	adds	r4, #1
20000c36:	b2e4      	uxtb	r4, r4
20000c38:	429c      	cmp	r4, r3
20000c3a:	d816      	bhi.n	20000c6a <dcd_event_handler+0x62>
20000c3c:	2e00      	cmp	r6, #0
20000c3e:	d0f9      	beq.n	20000c34 <dcd_event_handler+0x2c>
20000c40:	429c      	cmp	r4, r3
20000c42:	d2f7      	bcs.n	20000c34 <dcd_event_handler+0x2c>
20000c44:	4641      	mov	r1, r8
20000c46:	0062      	lsls	r2, r4, #1
20000c48:	6809      	ldr	r1, [r1, #0]
20000c4a:	1912      	adds	r2, r2, r4
20000c4c:	00d2      	lsls	r2, r2, #3
20000c4e:	188a      	adds	r2, r1, r2
20000c50:	2a00      	cmp	r2, #0
20000c52:	d0ef      	beq.n	20000c34 <dcd_event_handler+0x2c>
20000c54:	6952      	ldr	r2, [r2, #20]
20000c56:	2a00      	cmp	r2, #0
20000c58:	d0ec      	beq.n	20000c34 <dcd_event_handler+0x2c>
20000c5a:	6869      	ldr	r1, [r5, #4]
20000c5c:	7828      	ldrb	r0, [r5, #0]
20000c5e:	4790      	blx	r2
20000c60:	3401      	adds	r4, #1
20000c62:	783b      	ldrb	r3, [r7, #0]
20000c64:	b2e4      	uxtb	r4, r4
20000c66:	429c      	cmp	r4, r3
20000c68:	d9e8      	bls.n	20000c3c <dcd_event_handler+0x34>
20000c6a:	4b40      	ldr	r3, [pc, #256]	@ (20000d6c <dcd_event_handler+0x164>)
20000c6c:	781a      	ldrb	r2, [r3, #0]
20000c6e:	0752      	lsls	r2, r2, #29
20000c70:	d548      	bpl.n	20000d04 <dcd_event_handler+0xfc>
20000c72:	2104      	movs	r1, #4
20000c74:	781a      	ldrb	r2, [r3, #0]
20000c76:	438a      	bics	r2, r1
20000c78:	701a      	strb	r2, [r3, #0]
20000c7a:	466b      	mov	r3, sp
20000c7c:	220a      	movs	r2, #10
20000c7e:	2100      	movs	r1, #0
20000c80:	1d98      	adds	r0, r3, #6
20000c82:	f000 f879 	bl	20000d78 <____wrap_memset_veneer>
20000c86:	466a      	mov	r2, sp
20000c88:	782b      	ldrb	r3, [r5, #0]
20000c8a:	7113      	strb	r3, [r2, #4]
20000c8c:	2305      	movs	r3, #5
20000c8e:	7153      	strb	r3, [r2, #5]
20000c90:	4b37      	ldr	r3, [pc, #220]	@ (20000d70 <dcd_event_handler+0x168>)
20000c92:	681c      	ldr	r4, [r3, #0]
20000c94:	6962      	ldr	r2, [r4, #20]
20000c96:	f3ef 8110 	mrs	r1, PRIMASK
20000c9a:	b672      	cpsid	i
20000c9c:	6813      	ldr	r3, [r2, #0]
20000c9e:	2b00      	cmp	r3, #0
20000ca0:	d0fc      	beq.n	20000c9c <dcd_event_handler+0x94>
20000ca2:	f3bf 8f5f 	dmb	sy
20000ca6:	61a1      	str	r1, [r4, #24]
20000ca8:	a901      	add	r1, sp, #4
20000caa:	e020      	b.n	20000cee <dcd_event_handler+0xe6>
20000cac:	2b05      	cmp	r3, #5
20000cae:	d111      	bne.n	20000cd4 <dcd_event_handler+0xcc>
20000cb0:	4b2e      	ldr	r3, [pc, #184]	@ (20000d6c <dcd_event_handler+0x164>)
20000cb2:	781a      	ldrb	r2, [r3, #0]
20000cb4:	07d2      	lsls	r2, r2, #31
20000cb6:	d525      	bpl.n	20000d04 <dcd_event_handler+0xfc>
20000cb8:	2104      	movs	r1, #4
20000cba:	781a      	ldrb	r2, [r3, #0]
20000cbc:	438a      	bics	r2, r1
20000cbe:	701a      	strb	r2, [r3, #0]
20000cc0:	4b2b      	ldr	r3, [pc, #172]	@ (20000d70 <dcd_event_handler+0x168>)
20000cc2:	681c      	ldr	r4, [r3, #0]
20000cc4:	6962      	ldr	r2, [r4, #20]
20000cc6:	f3ef 8110 	mrs	r1, PRIMASK
20000cca:	b672      	cpsid	i
20000ccc:	6813      	ldr	r3, [r2, #0]
20000cce:	2b00      	cmp	r3, #0
20000cd0:	d109      	bne.n	20000ce6 <dcd_event_handler+0xde>
20000cd2:	e7fb      	b.n	20000ccc <dcd_event_handler+0xc4>
20000cd4:	4b26      	ldr	r3, [pc, #152]	@ (20000d70 <dcd_event_handler+0x168>)
20000cd6:	681c      	ldr	r4, [r3, #0]
20000cd8:	6962      	ldr	r2, [r4, #20]
20000cda:	f3ef 8110 	mrs	r1, PRIMASK
20000cde:	b672      	cpsid	i
20000ce0:	6813      	ldr	r3, [r2, #0]
20000ce2:	2b00      	cmp	r3, #0
20000ce4:	d0fc      	beq.n	20000ce0 <dcd_event_handler+0xd8>
20000ce6:	f3bf 8f5f 	dmb	sy
20000cea:	61a1      	str	r1, [r4, #24]
20000cec:	0029      	movs	r1, r5
20000cee:	0020      	movs	r0, r4
20000cf0:	f000 f85a 	bl	20000da8 <__tu_fifo_write_veneer>
20000cf4:	6962      	ldr	r2, [r4, #20]
20000cf6:	69a3      	ldr	r3, [r4, #24]
20000cf8:	f3bf 8f5f 	dmb	sy
20000cfc:	2100      	movs	r1, #0
20000cfe:	6011      	str	r1, [r2, #0]
20000d00:	f383 8810 	msr	PRIMASK, r3
20000d04:	b004      	add	sp, #16
20000d06:	bc80      	pop	{r7}
20000d08:	46b8      	mov	r8, r7
20000d0a:	bdf0      	pop	{r4, r5, r6, r7, pc}
20000d0c:	4b17      	ldr	r3, [pc, #92]	@ (20000d6c <dcd_event_handler+0x164>)
20000d0e:	781a      	ldrb	r2, [r3, #0]
20000d10:	07d2      	lsls	r2, r2, #31
20000d12:	d5f7      	bpl.n	20000d04 <dcd_event_handler+0xfc>
20000d14:	2104      	movs	r1, #4
20000d16:	781a      	ldrb	r2, [r3, #0]
20000d18:	430a      	orrs	r2, r1
20000d1a:	701a      	strb	r2, [r3, #0]
20000d1c:	4b14      	ldr	r3, [pc, #80]	@ (20000d70 <dcd_event_handler+0x168>)
20000d1e:	681c      	ldr	r4, [r3, #0]
20000d20:	6962      	ldr	r2, [r4, #20]
20000d22:	f3ef 8110 	mrs	r1, PRIMASK
20000d26:	b672      	cpsid	i
20000d28:	6813      	ldr	r3, [r2, #0]
20000d2a:	2b00      	cmp	r3, #0
20000d2c:	d1db      	bne.n	20000ce6 <dcd_event_handler+0xde>
20000d2e:	e7fb      	b.n	20000d28 <dcd_event_handler+0x120>
20000d30:	2001      	movs	r0, #1
20000d32:	4a0e      	ldr	r2, [pc, #56]	@ (20000d6c <dcd_event_handler+0x164>)
20000d34:	7811      	ldrb	r1, [r2, #0]
20000d36:	4381      	bics	r1, r0
20000d38:	7011      	strb	r1, [r2, #0]
20000d3a:	7811      	ldrb	r1, [r2, #0]
20000d3c:	4399      	bics	r1, r3
20000d3e:	2300      	movs	r3, #0
20000d40:	7011      	strb	r1, [r2, #0]
20000d42:	2104      	movs	r1, #4
20000d44:	7053      	strb	r3, [r2, #1]
20000d46:	7813      	ldrb	r3, [r2, #0]
20000d48:	438b      	bics	r3, r1
20000d4a:	7013      	strb	r3, [r2, #0]
20000d4c:	4b08      	ldr	r3, [pc, #32]	@ (20000d70 <dcd_event_handler+0x168>)
20000d4e:	681c      	ldr	r4, [r3, #0]
20000d50:	6962      	ldr	r2, [r4, #20]
20000d52:	f3ef 8110 	mrs	r1, PRIMASK
20000d56:	b672      	cpsid	i
20000d58:	6813      	ldr	r3, [r2, #0]
20000d5a:	2b00      	cmp	r3, #0
20000d5c:	d1c3      	bne.n	20000ce6 <dcd_event_handler+0xde>
20000d5e:	e7fb      	b.n	20000d58 <dcd_event_handler+0x150>
20000d60:	20001c59 	.word	0x20001c59
20000d64:	20001210 	.word	0x20001210
20000d68:	10004679 	.word	0x10004679
20000d6c:	20001538 	.word	0x20001538
20000d70:	20001590 	.word	0x20001590

20000d74 <__aeabi_idiv0>:
20000d74:	4770      	bx	lr
20000d76:	46c0      	nop			@ (mov r8, r8)

20000d78 <____wrap_memset_veneer>:
20000d78:	b401      	push	{r0}
20000d7a:	4802      	ldr	r0, [pc, #8]	@ (20000d84 <____wrap_memset_veneer+0xc>)
20000d7c:	4684      	mov	ip, r0
20000d7e:	bc01      	pop	{r0}
20000d80:	4760      	bx	ip
20000d82:	bf00      	nop
20000d84:	10004231 	.word	0x10004231

20000d88 <____wrap_memcpy_veneer>:
20000d88:	b401      	push	{r0}
20000d8a:	4802      	ldr	r0, [pc, #8]	@ (20000d94 <____wrap_memcpy_veneer+0xc>)
20000d8c:	4684      	mov	ip, r0
20000d8e:	bc01      	pop	{r0}
20000d90:	4760      	bx	ip
20000d92:	bf00      	nop
20000d94:	1000423d 	.word	0x1000423d

20000d98 <__time_us_64_veneer>:
20000d98:	b401      	push	{r0}
20000d9a:	4802      	ldr	r0, [pc, #8]	@ (20000da4 <__time_us_64_veneer+0xc>)
20000d9c:	4684      	mov	ip, r0
20000d9e:	bc01      	pop	{r0}
20000da0:	4760      	bx	ip
20000da2:	bf00      	nop
20000da4:	1000122d 	.word	0x1000122d

20000da8 <__tu_fifo_write_veneer>:
20000da8:	b401      	push	{r0}
20000daa:	4802      	ldr	r0, [pc, #8]	@ (20000db4 <__tu_fifo_write_veneer+0xc>)
20000dac:	4684      	mov	ip, r0
20000dae:	bc01      	pop	{r0}
20000db0:	4760      	bx	ip
20000db2:	bf00      	nop
20000db4:	100065d9 	.word	0x100065d9

20000db8 <____wrap___aeabi_lmul_veneer>:
20000db8:	b401      	push	{r0}
20000dba:	4802      	ldr	r0, [pc, #8]	@ (20000dc4 <____wrap___aeabi_lmul_veneer+0xc>)
20000dbc:	4684      	mov	ip, r0
20000dbe:	bc01      	pop	{r0}
20000dc0:	4760      	bx	ip
20000dc2:	bf00      	nop
20000dc4:	1000415d 	.word	0x1000415d

20000dc8 <__panic_veneer>:
20000dc8:	b401      	push	{r0}
20000dca:	4802      	ldr	r0, [pc, #8]	@ (20000dd4 <__panic_veneer+0xc>)
20000dcc:	4684      	mov	ip, r0
20000dce:	bc01      	pop	{r0}
20000dd0:	4760      	bx	ip
20000dd2:	bf00      	nop
20000dd4:	10001cd1 	.word	0x10001cd1

20000dd8 <__best_effort_wfe_or_timeout_veneer>:
20000dd8:	b401      	push	{r0}
20000dda:	4802      	ldr	r0, [pc, #8]	@ (20000de4 <__best_effort_wfe_or_timeout_veneer+0xc>)
20000ddc:	4684      	mov	ip, r0
20000dde:	bc01      	pop	{r0}
20000de0:	4760      	bx	ip
20000de2:	bf00      	nop
20000de4:	1000108d 	.word	0x1000108d

20000de8 <striped_spin_lock_num>:
20000de8:	00000010                                ....

20000dec <irq_handler_chain_slots>:
20000dec:	00000000 	.word	0x00000000
20000df0:	00010000 	.word	0x00010000
	...
20000dfc:	00020000 	.word	0x00020000
	...
20000e08:	00030000 	.word	0x00030000
	...
20000e14:	00ff0000 	.word	0x00ff0000
20000e18:	00000000 	.word	0x00000000

20000e1c <irq_handler_chain_first_slot>:
20000e1c:	b501      	push	{r0, lr}
20000e1e:	6848      	ldr	r0, [r1, #4]
20000e20:	3101      	adds	r1, #1
20000e22:	468e      	mov	lr, r1
20000e24:	4700      	bx	r0

20000e26 <irq_handler_chain_remove_tail>:
20000e26:	4670      	mov	r0, lr
20000e28:	3809      	subs	r0, #9
20000e2a:	4901      	ldr	r1, [pc, #4]	@ (20000e30 <irq_handler_chain_remove_tail+0xa>)
20000e2c:	4788      	blx	r1
20000e2e:	bd01      	pop	{r0, pc}
20000e30:	100008fd 	.word	0x100008fd

20000e34 <default_alarm_pool>:
20000e34:	20000e4c 00000000 20000f08 20001770     L.. ....... p.. 
	...

20000e4c <default_alarm_pool_heap>:
20000e4c:	20001780 00000000 00000000 00000010     ... ............
20000e5c:	00000000                                ....

20000e60 <aeabi_bits_funcs>:
20000e60:	00003350 	.word	0x00003350
20000e64:	0000334c 	.word	0x0000334c
20000e68:	00003354 	.word	0x00003354
20000e6c:	00003352 	.word	0x00003352

20000e70 <aeabi_bits_funcs_end>:
20000e70:	0000534d 	.word	0x0000534d
20000e74:	0000434d 	.word	0x0000434d
20000e78:	00003453 	.word	0x00003453
20000e7c:	00003443 	.word	0x00003443

20000e80 <stdio_usb>:
20000e80:	100047c1 00000000 10004731 100046b9     .G......1G...F..
20000e90:	00000000 00000100                       ........

20000e98 <ep_dir_string>:
20000e98:	10006b28 10006b2c                       (k..,k..

20000ea0 <_usbd_qdef>:
20000ea0:	20001594 000c0010 00000000 00000000     ... ............
	...

20000ebc <_usbd_rhport>:
20000ebc:	000000ff                                ....

20000ec0 <print_mutex>:
	...

20000ec8 <__mutex_array_end>:
20000ec8:	10004221 	.word	0x10004221
20000ecc:	10003469 	.word	0x10003469
20000ed0:	10003b65 	.word	0x10003b65
20000ed4:	10004191 	.word	0x10004191

20000ed8 <__frame_dummy_init_array_entry>:
20000ed8:	100002e5 10004af5                       .....J..
